fid,Organizati,Address,City,State,Postcode,Main Phone,Discipline,Council Di,Community,Borough,Latitude,Longitude,Census Tra,BIN,BBL,NTA
"1",122 Community Center Inc.,150 First Avenue,New York,NY,"10009",(917) 864-5050,,Manhattan Council District #2,,Manhattan,40.728261,-73.984785,"34","1005894",1004370001,East Village
"2",24 Hour Company,151 Bank Street,New York,NY,"10014",(646) 909-1321,Theater,Manhattan Council District #3,Manhattan Community Board #2,Manhattan,40.736112,-74.009053,"79","1012047",1006390001,West Village
"3","42nd Street Workshop, Inc.",421 Eighth Avenue,New York,NY,"10116",(212) 695-4173,Theater,Manhattan Council District #3,Manhattan Community Board #4,Manhattan,40.751024,-73.994326,"103","1084820",1007550040,Hudson Yards-Chelsea-Flatiron-Union Square
"4","52nd Street Project, Inc.",789 Tenth Avenue,New York,NY,"10019",(212) 333-5252,Theater,Manhattan Council District #3,Manhattan Community Board #4,Manhattan,40.766661,-73.990365,"135","1087777",1010817502,Clinton
"5","7 Loaves, Inc.","239 East 5th Street, #1D",New York,NY,"10003",(212) 777-3891,"Multi-Discipline, Performing",Manhattan Council District #1,Manhattan Community Board #3,Manhattan,40.727323,-73.990251,"38","1006629",1004610035,East Village
"6",A Blade of Grass Fund,81 Prospect Street,Brooklyn,NY,"11201",(646) 358-1164,Visual Arts,Manhattan Council District #3,Manhattan Community Board #5,Brooklyn,40.700663,-73.987536,"21","3000163",3000640025,DUMBO-Vinegar Hill-Downtown Brooklyn-Boerum Hill
"7",A Gathering of the Tribes,285 East 3rd Street,New York,NY,"10009",(212) 674-8262,"Multi-Discipl, Perf & Non-Perf",Manhattan Council District #2,Manhattan Community Board #3,Manhattan,40.72144,-73.980017,"2601","1004405",1003730063,Lower East Side
"8",AAMC Foundation,174 East 80th Street,New York,NY,"10075",(646) 405-8057,Visual Arts,Manhattan Council District #5,Manhattan Community Board #8,Manhattan,40.77528,-73.957562,"140","1047499",1015080142,Upper East Side-Carnegie Hill
"9",ABC No Rio,"107 Suffolk Street, #305",New York,NY,"10002",(212) 254-3697,Visual Arts,Manhattan Council District #1,Manhattan Community Board #3,Manhattan,40.718943,-73.986122,"1402","1004301",1003530054,Lower East Side
"10","ACMP Associated Chamber Music Players, Inc.","1133 Broadway, Suite 810",New York,NY,"10010",(212) 645-7424,Music,Manhattan Council District #3,Manhattan Community Board #5,Manhattan,40.743523,-73.989073,"58","1015625",1008270049,Hudson Yards-Chelsea-Flatiron-Union Square
"11","AFC New York, Inc.",20 Jay Street,Brooklyn,NY,"11201",(718) 753-3464,"Multi-Discipl, Perf & Non-Perf",Brooklyn Council District #34,Brooklyn Community Board #3,Brooklyn,40.704313,-73.986587,"21","3000010",3000190001,DUMBO-Vinegar Hill-Downtown Brooklyn-Boerum Hill
"12","AGM Theater Company, Inc.",130 Malcolm X Blvd. Suite #431,New York,NY,"10026",(917) 399-6964,Theater,Manhattan Council District #9,Manhattan Community Board #10,Manhattan,40.802359,-73.949425,"190","1085936",1016007501,Central Harlem South
"13","AHL Foundation, Inc.","420 West 23rd Street, #7A",New York,NY,"10011",(516) 983-3935,Visual Arts,Manhattan Council District #3,Manhattan Community Board #4,Manhattan,40.746836,-74.002162,"93","1012691",1007207501,Hudson Yards-Chelsea-Flatiron-Union Square
"14","ARC on 4th Street, Inc.",59 East 4th Street,New York,NY,"10003",(212) 477-5340,"Multi-Discipl, Perf & Non-Perf",Manhattan Council District #2,,Manhattan,40.726785,-73.990807,"38","1082642",1004600056,East Village
"15","Aaron Davis Hall, Inc.",150 Convent Avenue,New York,NY,"10031",(212) 281-9240,"Multi-Discipline, Performing",Manhattan Council District #7,Manhattan Community Board #9,Manhattan,40.818329,-73.95102,"21303","1086181",1019710018,Manhattanville
"16",Abraham Lincoln Brigade Archives,"799 Broadway, Ste. 341",New York,NY,"10003",(212) 674-5398,Humanities,Manhattan Council District #2,Manhattan Community Board #3,Manhattan,40.732343,-73.991315,"61","1009108",1005620024,West Village
"17","Abundant Waters, Inc.",400 W.43rd St. #36G,New York,NY,"10036",(212) 564-2589,"Multi-Discipline, Performing",Manhattan Council District #3,Manhattan Community Board #4,Manhattan,40.759302,-73.992636,"121","1083745",1010520001,Clinton
"18",Academy of American Poets,75 Maiden Lane,New York,NY,"10038",(212) 274-0343 x19,Literature,Manhattan Council District #3,Manhattan Community Board #2,Manhattan,40.707657,-74.007758,"1502","1001112",1000680011,Battery Park City-Lower Manhattan
"19",Access Theater,380 Broadway,New York,NY,"10013",(212) 966-1047,Theater,Manhattan Council District #1,Manhattan Community Board #1,Manhattan,40.718112,-74.002958,"31","1002317",1001950001,SoHo-TriBeCa-Civic Center-Little Italy
"20",Actors Company Theatre,"900 Broadway, Ste. 905",New York,NY,"10003",(212) 645-8228,Theater,Manhattan Council District #2,Manhattan Community Board #5,Manhattan,40.739109,-73.989773,"52","1016184",1008480061,Hudson Yards-Chelsea-Flatiron-Union Square
"21","Actors Theatre Workshop, Inc.","145 W. 28th St., 3rd Floor",New York,NY,"10001",(212) 947-1386,Theater,Manhattan Council District #3,Manhattan Community Board #5,Manhattan,40.746602,-73.991829,"95","1015100",1008040011,Midtown-Midtown South
"22",Actors' Fund of America,"729 Seventh Avenue, 10th Floor",New York,NY,"10019",(212) 221-7300,"Multi-Discipl, Perf & Non-Perf",Manhattan Council District #3,Manhattan Community Board #5,Manhattan,40.760103,-73.983973,"125","1022699",1010017501,Midtown-Midtown South
"23",African Diaspora Film Festival,"535 Cathedral Parkway, Ste. 14B",New York,NY,"10025",(212) 864-1760,Film/Video/Audio,Manhattan Council District #8,Manhattan Community Board #9,Manhattan,40.803795,-73.965797,"199","1056904",1018820008,Morningside Heights
"24","African Film Festival, Inc.","154 West 18th Street, Ste. 2A",New York,NY,"10011",(212) 352-1720,Film/Video/Audio,Manhattan Council District #3,Manhattan Community Board #4,Manhattan,40.740493,-73.996547,"81","1014671",1007930067,Hudson Yards-Chelsea-Flatiron-Union Square
"25","African Services Committee, Inc.",429 W 127th Street,New York,NY,"10027",(212) 222-3882,"Multi-Discipl, Perf & Non-Perf",Manhattan Council District #7,Manhattan Community Board #9,Manhattan,40.813002,-73.953849,"21303","1084104",1019670060,Manhattanville
"26",Afro Brazil Arts,"107 Suffolk Street, Studio 307",New York,NY,"10002",(212) 677-2203,"Multi-Discipl, Perf & Non-Perf",Manhattan Council District #1,Manhattan Community Board #3,Manhattan,40.718943,-73.986122,"1402","1004301",1003530054,Lower East Side
"27","Afro-Asian, Inc.","107 Suffolk Street, Apt. 213-A",New York,NY,"10002",(212) 253-2280,Music,Manhattan Council District #1,Manhattan Community Board #3,Manhattan,40.718943,-73.986122,"1402","1004301",1003530054,Lower East Side
"28","Agudath Israel of America Community Services, Inc.","42 Broadway, 14th Floor",New York,NY,"10004",(212) 797-9000 x260,Humanities,Manhattan Council District #1,Manhattan Community Board #1,Manhattan,40.70627,-74.012909,"9","1000812",1000220020,Battery Park City-Lower Manhattan
"29","Aks Chorale, Inc.",429 East 52nd Street,New York,NY,"10022",(212) 755-4061,Music,Manhattan Council District #4,Manhattan Community Board #6,Manhattan,40.754801,-73.964447,"8603","1040156",1013640034,Turtle Bay-East Midtown
"30",Albanian Artists Association,169 east 101st street,New York,NY,"10029",(212) 945-8268,Film/Video/Audio,Manhattan Council District #8,Manhattan Community Board #11,Manhattan,40.788786,-73.947936,"166","1051843",1016290024,East Harlem South
"31",Alchemy Theatre Company of Manhattan,412 West 42nd Street,New York,NY,"10036",(212) 967-0901,Theater,Manhattan Council District #3,Manhattan Community Board #4,Manhattan,40.758682,-73.993254,"115","1026330",1010510029,Clinton
"32","Alison Cook Beatty Dance, Inc.",170 East 87th Street,New York,NY,"10128",(917) 620-2057,Dance,Manhattan Council District #5,Manhattan Community Board #8,Manhattan,40.779846,-73.954342,"14802","1047961",1015157503,Upper East Side-Carnegie Hill
"33","All For One Theater Festival, Inc.",1650 Broadway,New York,NY,"10019",(212) 398-7180,Theater,Manhattan Council District #4,Manhattan Community Board #5,Manhattan,40.761964,-73.983684,"131","1024811",1010220035,Midtown-Midtown South
"34","All Out Arts, Inc.",131 West 35th Street,New York,NY,10001-2111,(917) 701-9033,"Multi-Discipline, Performing",Manhattan Council District #2,Manhattan Community Board #3,Manhattan,40.750999,-73.988559,"109","1015225",1008110016,Midtown-Midtown South
"35","Alliance for Downtown New York, Inc","120 Broadway, Ste. 3340",New York,NY,"10271",(212) 835-2740,"Multi-Discipl, Perf & Non-Perf",Manhattan Council District #1,Manhattan Community Board #1,Manhattan,40.708546,-74.011041,"7","1001026",1000477501,Battery Park City-Lower Manhattan
"36",Alliance for Inclusion in the Arts,"1560 Broadway, Suite 1600",New York,NY,"10036",(212) 730-4750,Theater,Manhattan Council District #3,Manhattan Community Board #5,Manhattan,40.75886,-73.984843,"125","1022661",1009990003,Midtown-Midtown South
"37","Alliance for Young Artists and Writers, Inc.",557 Broadway,New York,NY,"10012",(212) 343-7702,"Multi-Discipline, Non-Perform",Manhattan Council District #1,Manhattan Community Board #2,Manhattan,40.723835,-73.998138,"49","1088114",1004980009,SoHo-TriBeCa-Civic Center-Little Italy
"38","Alliance for the Arts, Inc.","330 West 42nd Street, Ste. 1701",New York,NY,"10036",(212) 947-6340,"Multi-Discipl, Perf & Non-Perf",Manhattan Council District #3,Manhattan Community Board #4,Manhattan,40.757661,-73.990832,"115","1024926",1010320048,Clinton
"39","Alliance for the Development of Theatre Artists, Inc.","520 Eighth Ave., Suite 315",New York,NY,"10018",(212) 447-6309,Theater,Manhattan Council District #3,Manhattan Community Board #4,Manhattan,40.753612,-73.992417,"109","1083624",1007860001,Midtown-Midtown South
"40","Alliance of Resident Theatres / New York, Inc.","520 Eighth Avenue, Suite 319",New York,NY,"10018",(212) 244-6667 x228,Theater,Manhattan Council District #3,Manhattan Community Board #5,Manhattan,40.753612,-73.992417,"109","1083624",1007860001,Midtown-Midtown South
"41","Alpha Omega 1-7 Theatrical Dance Company, Inc.",70 East 4th Street,New York,NY,"10003",(212) 749-0095,Dance,Manhattan Council District #6,Manhattan Community Board #7,Manhattan,40.726563,-73.990331,"38","1077966",1004590021,East Village
"42","Alpha Workshops, Inc.","245 West 29th Street, Suite 12A",New York,NY,"10001",(212) 594-7320,Architecture/Design,Manhattan Council District #3,Manhattan Community Board #5,Manhattan,40.748417,-73.994222,"95","1014282",1007790013,Midtown-Midtown South
"43",Alwan Foundation,"16 Beaver Street, 4th Floor",New York,NY,"10004",(212) 967-4318,"Multi-Discipl, Perf & Non-Perf",Manhattan Council District #1,Manhattan Community Board #1,Manhattan,40.704983,-74.012375,"9","1000030",1000110007,Battery Park City-Lower Manhattan
"44","Amas Musical Theatre, Inc.","257 West 52nd Street, 5th Floor",New York,NY,"10019",(212) 563-2565,Theater,Manhattan Council District #3,Manhattan Community Board #2,Manhattan,40.763125,-73.984182,"131","1024826",1010240007,Midtown-Midtown South
"45",American Academy of Dramatic Arts,120 Madison Ave,New York,NY,"7307",(212) 686-9244 x317,Theater,Manhattan Council District #3,Manhattan Community Board #5,Manhattan,40.745402,-73.984691,"74","1016957",1008600016,Midtown-Midtown South
"46","American Bolero Dance Company, Inc.",42-24 9th Street,Long Island City,NY,"11101",(718) 392-8888,Dance,Queens Council District #26,Queens Community Board #2,Queens,40.753508,-73.948837,"19","4005310",4004620001,Hunters Point-Sunnyside-West Maspeth
"47","American Center for Musical Arts, Inc.","201 West 72nd Street, Ste. 3-K",New York,NY,"10023",(718) 680-1680,Music,Manhattan Council District #6,Manhattan Community Board #7,Manhattan,40.778954,-73.982412,"159","1077846",1011647501,Lincoln Square
"48","American Classical Orchestra, Inc.",225 West 99th Street,New York,NY,"10025",(212) 362-2727,Music,Manhattan Council District #7,Manhattan Community Board #7,Manhattan,40.796267,-73.969586,"187","1084035",1018710029,Upper West Side
"49",American Composers Orchestra,244 West 54th Street,New York,NY,"10019",(212) 977-8495 x203,Music,Manhattan Council District #3,Manhattan Community Board #4,Manhattan,40.764261,-73.983037,"131","1024842",1010250054,Midtown-Midtown South
"50","American Dance Guild, Inc.","320 West 83rd Street, Apt. 7D",New York,NY,"10024",(212) 874-6947,Dance,Manhattan Council District #6,Manhattan Community Board #7,Manhattan,40.78727,-73.98012,"171","1033808",1012450034,Upper West Side
"51","American Dance Machine for the 21st Century Foundation, Inc.",45 East 80th Street,New York,NY,"10075",(917) 570-0040,Dance,Manhattan Council District #4,Manhattan Community Board #8,Manhattan,40.776857,-73.961262,"142","1076323",1014927501,Upper East Side-Carnegie Hill
"52",American Documentary,20 Jay Street,Brooklyn,NY,"11201",(212) 989-8121 x307,Film/Video/Audio,Brooklyn Council District #33,Brooklyn Community Board #2,Brooklyn,40.704313,-73.986587,"21","3000010",3000190001,DUMBO-Vinegar Hill-Downtown Brooklyn-Boerum Hill
"53",American Folk Art Museum,47-29 32nd Place,Queens,NY,"11101",(212) 265-1040 x114,Museum,Manhattan Council District #6,Manhattan Community Board #5,Queens,40.74212,-73.93313,"199","4003447",4002520018,Hunters Point-Sunnyside-West Maspeth
"54",American Friends of the Ludwig Foundation of Cuba,"3 East 69th Street, Apt. 11B",New York,NY,"10021",(212) 628-3494,Film/Video/Audio,Manhattan Council District #4,Manhattan Community Board #8,Manhattan,40.770365,-73.96806,"122","1041292",1013840010,Upper East Side-Carnegie Hill
"55","American Globe Theatre, Ltd.","145 West 46th Street, 3rd Floor",New York,NY,"10036",(212) 869-9809,Theater,Manhattan Council District #3,Manhattan Community Board #5,Manhattan,40.757946,-73.983547,"125","1022665",1009990012,Midtown-Midtown South
"56","American Indian Artists, Inc.",288 East 10th Street,New York,NY,"10009",(212) 598-0968,"Multi-Discipl, Perf & Non-Perf",Manhattan Council District #2,Manhattan Community Board #6,Manhattan,40.728102,-73.982862,"34","1005912",1004370025,East Village
"57","American Indian Community House, Inc.","11 Broadway, 2nd Floor",New York,NY,"10004",(212) 598-0100 x232,"Multi-Discipl, Perf & Non-Perf",Manhattan Council District #1,Manhattan Community Board #1,Manhattan,40.705354,-74.013731,"13","1000044",1000130005,Battery Park City-Lower Manhattan
"58",American Institute of Architects,536 LaGuardia Place,New York,NY,"10012",(212) 358-0640,Architecture/Design,,,Manhattan,40.728575,-73.998532,"65","1008642",1005370026,West Village
"59",American Institute of Graphic Arts,233 Broadway,New York,NY,"10279",(212) 710-3125,Architecture/Design,Manhattan Council District #3,Manhattan Community Board #5,Manhattan,40.712265,-74.007892,"21","1087167",1001237501,SoHo-TriBeCa-Civic Center-Little Italy
"60",American Jewish Historical Society,15 West 16th Street,New York,NY,"10011",(212) 294-6160,Humanities,Manhattan Council District #3,Manhattan Community Board #2,Manhattan,40.737677,-73.993454,"54","1080631",1008180027,Hudson Yards-Chelsea-Flatiron-Union Square
"61","American Lyric Theater Center, Inc.",410 West 42nd Street,New York,NY,"10036",(646) 216-8298,Music,Manhattan Council District #4,Manhattan Community Board #3,Manhattan,40.758652,-73.993185,"115","1026330",1010510029,Clinton
"62","American Modern Ensemble, Inc.","400 West 43rd Street, Ste. 39-S",New York,NY,"10036",(212) 349-7009,Music,Manhattan Council District #3,Manhattan Community Board #4,Manhattan,40.759302,-73.992636,"121","1083745",1010520001,Clinton
"63","American Music Center, Inc.",322 8th Avenue,New York,NY,"10001",(212) 366-5260 x13,Music,Manhattan Council District #3,Manhattan Community Board #5,Manhattan,40.747294,-73.997023,"95","1014225",1007760001,Midtown-Midtown South
"64","American Performing Arts Collaborative, Inc.",6 Hancock Place,New York City,NY,"10027",(212) 665-7716,Theater,Manhattan Council District #9,Manhattan Community Board #9,Manhattan,40.81029,-73.953685,"20901","1059277",1019500056,Morningside Heights
"65","American Place Theatre, Inc.","266 West 37th Street, 22nd Floor",New York,NY,"10018",(212) 594-4482 x11,Theater,Manhattan Council District #3,Manhattan Community Board #5,Manhattan,40.753632,-73.991009,"109","1083624",1007860001,Midtown-Midtown South
"66",American Symphony Orchestra League,"33 West 60th Street, 5th Floor",New York,NY,"10023",(646) 822-4039,Music,Manhattan Council District #6,Manhattan Community Board #7,Manhattan,40.769303,-73.983003,"145","1084277",1011130008,Lincoln Square
"67","American Symphony Orchestra, Inc.",263 West 38th Street,New York,NY,"10018",(212) 868-9276 x16,Music,Manhattan Council District #4,Manhattan Community Board #4,Manhattan,40.75423,-73.990468,"113","1014474",1007880011,Midtown-Midtown South
"68","American Tap Dance Foundation, Inc.",154 Christopher Street,New York,NY,"10014",(646) 230-9564,Dance,Manhattan Council District #3,Manhattan Community Board #4,Manhattan,40.73273,-74.008129,"69","1010421",1006040033,West Village
"69",American Theatre Wing,"230 West 41st Street, Suite 1101",New York,NY,"10036",(212) 765-0606 x302,Theater,Manhattan Council District #3,Manhattan Community Board #5,Manhattan,40.755802,-73.988482,"113","1080830",1010120015,Midtown-Midtown South
"70","American Turkish Society, Inc.",3 Dag Hammarskjold Plaza,New York,NY,"10017",(212) 583-7614,Film/Video/Audio,Manhattan Council District #4,Manhattan Community Board #6,Manhattan,40.752818,-73.969447,"90","1038906",1013407502,Turtle Bay-East Midtown
"71","Americas Society, Inc.",680 Park Avenue,New York,NY,"10065",(212) 277-8334,"Multi-Discipl, Perf & Non-Perf",Manhattan Council District #4,Manhattan Community Board #8,Manhattan,40.768739,-73.965563,"122","1041265",1013830033,Upper East Side-Carnegie Hill
"72",Amigos del Museo del Barrio,1230 Fifth Avenue,New York,NY,"10029",(212) 831-7272,Visual Arts,Manhattan Council District #8,Manhattan Community Board #11,Manhattan,40.793072,-73.951992,"168","1051499",1016100001,East Harlem South
"73","An Claidheamh Soluis, Inc.",553 West 51st Street,New York,NY,"10019",(212) 757-3318 x205,Theater,Manhattan Council District #3,Manhattan Community Board #4,Manhattan,40.766183,-73.993394,"135","1082282",1010800102,Clinton
"74","Angel Orensanz Foundation, Inc",172 Norfolk Street,New York,NY,"10002",(212) 529-7194,,,,Manhattan,40.721174,-73.985927,"3001","1004329",1003550041,Chinatown
"75","Annabella Gonzalez Dance Theater, Inc.","4 East 89th Street, #PH-C",New York,NY,"10128",(212) 722-4128,Dance,Manhattan Council District #4,Manhattan Community Board #8,Manhattan,40.783345,-73.958752,"15002","1046964",1015000065,Upper East Side-Carnegie Hill
"76","Anthology Film Archives, Inc.",32 Second Avenue,New York,NY,"10003",(212) 505-5181 x11,Film/Video/Audio,Manhattan Council District #2,Manhattan Community Board #3,Manhattan,40.724716,-73.990486,"3602","1006081",1004430008,East Village
"77",Anyone Corporation,41 West 25th Street,New York,NY,"10010",(212) 645-1400,Architecture/Design,Manhattan Council District #3,Manhattan Community Board #5,Manhattan,40.743523,-73.990285,"58","1015612",1008270012,Hudson Yards-Chelsea-Flatiron-Union Square
"78","Aperture Foundation, Inc.","547 West 27th Street, 4th Floor",New York,NY,"10001",(212) 946-7117,Photography,Manhattan Council District #3,Manhattan Community Board #4,Manhattan,40.750893,-74.003934,"99","1012403",1006990005,Hudson Yards-Chelsea-Flatiron-Union Square
"79",ApexArt Curatorial Program,291 Church Street,New York,NY,"10013",(212) 431-5270,Visual Arts,Manhattan Council District #1,Manhattan Community Board #10,Manhattan,40.719084,-74.004654,"33","1002206",1001930019,SoHo-TriBeCa-Civic Center-Little Italy
"80","Apollo Theater Foundation, Inc.",253 West 125th Street,New York,NY,"10027",(212) 531-5332,"Multi-Discipline, Performing",Manhattan Council District #9,Manhattan Community Board #10,Manhattan,40.809778,-73.95021,"222","1058654",1019310010,Central Harlem South
"81","Appleby Foundation, Inc.","579 Broadway, 4B, Apt. 4B",New York,NY,"10012",(212) 431-8489,Dance,Manhattan Council District #2,Manhattan Community Board #1,Manhattan,40.724612,-73.997478,"49","1007953",1005120020,SoHo-TriBeCa-Civic Center-Little Italy
"82","Aquila Theatre Company, Inc.",100 Washington Square East,New York,NY,"10003",(212) 992-9642,Theater,Manhattan Council District #1,Manhattan Community Board #2,Manhattan,40.73054,-73.995706,"59","1008820",1005470001,West Village
"83",Architectural League of New York,"594 Broadway, Suite 607",New York,NY,"10012",(212) 753-1722,Architecture/Design,Manhattan Council District #3,Manhattan Community Board #5,Manhattan,40.72496,-73.997157,"43","1007944",1005110012,SoHo-TriBeCa-Civic Center-Little Italy
"84",Archive for Research in Archetypal Symbolism,28 East 39th Street,New York,NY,"10016",(212) 697-3480,Other,Manhattan Council District #4,Manhattan Community Board #6,Manhattan,40.750619,-73.980023,"82","1017240",1008680050,Murray Hill-Kips Bay
"85","Arcos Orchestra, Ltd.",17 E 96th St 14B,New York,NY,"10128",(772) 766-2851,Music,Manhattan Council District #4,Manhattan Community Board #8,Manhattan,40.78765,-73.955138,"16002","1051441",1016020013,East Harlem South
"86",Ardea Arts,463 Broome Street,New York,NY,"10013",(212) 431-7039,"Multi-Discipline, Performing",Manhattan Council District #1,Manhattan Community Board #2,Manhattan,40.722419,-74.001147,"47","1007034",1004740009,SoHo-TriBeCa-Civic Center-Little Italy
"87","Arete Education, Inc.",557 Grand Concourse,Bronx,NY,"10451",(646) 504-2015,"Multi-Discipl, Perf & Non-Perf",Bronx Council District #8,Bronx Community Board #1,Bronx,40.819057,-73.927092,"63","2001057",2023470024,West Concourse
"88",Arete Living Arts Foundation,64 Dupont St 2L,Brooklyn,NY,"11222",(718) 349-1681,"Multi-Discipl, Perf & Non-Perf",Brooklyn Council District #33,Brooklyn Community Board #1,Brooklyn,40.735643,-73.95749,"563","3063810",3024950015,Greenpoint
"89","Armitage Foundation, Ltd.",9 North Moore St. #4,New York,NY,"10013",(212) 431-4314,Dance,Manhattan Council District #1,Manhattan Community Board #1,Manhattan,40.719748,-74.006414,"33","1002175",1001907502,SoHo-TriBeCa-Civic Center-Little Italy
"90","Around the Block, Inc.","5 East 22nd Street, Suite 9K",New York,NY,"10010",(212) 673-9187,Theater,Manhattan Council District #2,Manhattan Community Board #5,Manhattan,40.740426,-73.988976,"56","1016304",1008517501,Hudson Yards-Chelsea-Flatiron-Union Square
"91","Ars Nova Theater I, Inc.",511 West 54th Street,New York,NY,"10019",(212) 489-9800 x139,"Multi-Discipline, Performing",Manhattan Council District #6,Manhattan Community Board #4,Manhattan,40.767432,-73.990523,"135","1027060",1010830026,Clinton
"92","Art Beyond Sight, Inc.",589 Broadway,New York,NY,"10012",(212) 334-8720,"Multi-Discipl, Perf & Non-Perf",Manhattan Council District #1,Manhattan Community Board #2,Manhattan,40.724818,-73.997305,"49","1007952",1005120017,SoHo-TriBeCa-Civic Center-Little Italy
"93",Art Connects New York,"4 West 43rd Street, #507",New York,NY,"10036",(646) 546-5334,Visual Arts,Manhattan Council District #1,Manhattan Community Board #2,Manhattan,40.754371,-73.980932,"96","1034201",1012580042,Midtown-Midtown South
"94","Art Creates Us, Inc.","247 Water Street, Suite 403",Brooklyn,NY,"11201",(212) 256-1947,Visual Arts,Brooklyn Council District #33,Brooklyn Community Board #2,Brooklyn,40.703018,-73.984055,"21","3000055",3000320055,DUMBO-Vinegar Hill-Downtown Brooklyn-Boerum Hill
"95","Art Directors Club, Inc.",106 West 29th Street,New York,NY,"10001",(212) 643-1440,Architecture/Design,Manhattan Council District #3,Manhattan Community Board #5,Manhattan,40.746882,-73.99062,"95","1015125",1008040044,Midtown-Midtown South
"96",Art For Progress,"133 Mulberry Street, #4W1",New York,NY,"10013",(212) 475-4185,"Multi-Discipline, Non-Perform",Manhattan Council District #2,Manhattan Community Board #2,Manhattan,40.718455,-73.99776,"41","1003081",1002367503,SoHo-TriBeCa-Civic Center-Little Italy
"97",Art House Astoria Conservatory for Music and Art,23-35 Broadway,Astoria,NY,"11106",(347) 738-4148,"Multi-Discipl, Perf & Non-Perf",Queens Council District #22,Queens Community Board #1,Queens,40.764312,-73.930025,"75","4006568",4005670007,Astoria
"98",Art Loisaida Foundation,608 E.9th St.,New York,NY,"10009",(212) 674-4057,"Multi-Discipl, Perf & Non-Perf",Manhattan Council District #2,Manhattan Community Board #3,Manhattan,40.725963,-73.979601,"2602","1004739",1003910011,Lower East Side
"99",Art Omi Inc.,"55 Fifth Avenue, 15th Floor",New York,NY,"10003",(212) 206-5660,"Multi-Discipline, Performing",Manhattan Council District #2,Brooklyn Community Board #3,Manhattan,40.734877,-73.994422,"61","1009373",1005707501,West Village
"100","Art Radio International, Inc.",159 Pioneer St,Brooklyn,NY,"11231",(212) 233-1096,New Media,Manhattan Council District #1,Manhattan Community Board #1,Manhattan,40.705357,-74.003141,"1502","1000000",1000730008,Battery Park City-Lower Manhattan
"101",Art Resources Transfer,"526 W 26th St., #614",New York,NY,"10001",(212) 255-2919,"Multi-Discipline, Non-Perform",Manhattan Council District #3,Manhattan Community Board #4,Manhattan,40.750094,-74.003999,"99","1012386",1006970047,Hudson Yards-Chelsea-Flatiron-Union Square
"102","Art Resources for Teachers and Students, Inc.",134 Henry Street,New York,NY,"11372",(212) 962-8231,"Multi-Discipl, Perf & Non-Perf",Manhattan Council District #1,Manhattan Community Board #3,Manhattan,40.713311,-73.990863,"6","1003263",1002730032,Lower East Side
"103","Art Start, Inc.",526 West 26th Street Suite 501,New York,NY,"10001",(212) 460-0019,"Multi-Discipl, Perf & Non-Perf",Manhattan Council District #3,Manhattan Community Board #4,Manhattan,40.750094,-74.003999,"99","1012386",1006970047,Hudson Yards-Chelsea-Flatiron-Union Square
"104",Art Students League of New York,215 West 57th Street,New York,NY,"10019",(212) 247-4510 x108,Visual Arts,Manhattan Council District #7,Manhattan Community Board #5,Manhattan,40.765894,-73.980896,"137","1080846",1010290023,Midtown-Midtown South
"105","Art Sweats, Inc.",75 Broad Street,New York,NY,"10004",(212) 677-2503,Dance,Manhattan Council District #2,Manhattan Community Board #3,Manhattan,40.704541,-74.011552,"9","1000849",1000290070,Battery Park City-Lower Manhattan
"106","Art for Change, Inc.",1699 Lexington Avenue,New York,NY,"10029",(212) 348-7044,"Multi-Discipl, Perf & Non-Perf",Manhattan Council District #8,Manhattan Community Board #11,Manhattan,40.792606,-73.946001,"172","1052053",1016340052,East Harlem South
"107","Art in General, Inc.",20 Jay Street,New York,NY,"11201",(212) 219-0473 x36,Visual Arts,Manhattan Council District #1,Manhattan Community Board #2,Brooklyn,40.704313,-73.986587,"21","3000010",3000190001,DUMBO-Vinegar Hill-Downtown Brooklyn-Boerum Hill
"108","Art of the Early Keyboard, Inc.","170 West 73rd Street, Apt. 3C",New York,NY,"10023",(212) 967-9157,Music,Manhattan Council District #6,Manhattan Community Board #7,Manhattan,40.778865,-73.980145,"157","1029960",1011440061,Lincoln Square
"109","Art21, Inc.","231 West 29th Street, #706",New York,NY,"10001",(212) 741-7133,Visual Arts,Manhattan Council District #3,Manhattan Community Board #2,Manhattan,40.748299,-73.993937,"95","1014283",1007790017,Midtown-Midtown South
"110","ArtBridge Projects, Inc.","430 W. 24th Street, Suite 1EE",New York,NY,10011-1154,(917) 720-5742,Visual Arts,Manhattan Council District #3,Manhattan Community Board #4,Manhattan,40.74758,-74.001888,"93","1082713",1007210007,Hudson Yards-Chelsea-Flatiron-Union Square
"111","ArtCouncil, Inc.","210 Eleventh Avenue, Ste. 503",New York,NY,"10001",(212) 727-2233 x207,Visual Arts,Manhattan Council District #3,Manhattan Community Board #4,Manhattan,40.74986,-74.006291,"99","1012378",1006960065,Hudson Yards-Chelsea-Flatiron-Union Square
"112","ArtCrawl Harlem, Inc.",363 Malcolm X Blvd,New York,NY,"10027",(212) 866-7427,Visual Arts,Manhattan Council District #9,Manhattan Community Board #10,Manhattan,40.809844,-73.943986,"224","1057946",1019130030,Central Harlem North-Polo Grounds
"113",Artist Coworking Space Inc.,500 W. 52nd Street #3W,New York,NY,"10019",(646) 682-9502,"Multi-Discipline, Performing",Manhattan Council District #3,Manhattan Community Board #5,Manhattan,40.765975,-73.991,"135","1088274",1010800028,Clinton
"114",Artist Exchange International on Broadway,"107 Suffolk Street, #35",New York,NY,"10002",(212) 226-5169,Visual Arts,Manhattan Council District #1,Manhattan Community Board #1,Manhattan,40.718943,-73.986122,"1402","1004301",1003530054,Lower East Side
"115","Artists Alliance, Inc.","107 Suffolk Street, Room 411",New York,NY,"10002",(212) 420-9202,Visual Arts,Manhattan Council District #1,Manhattan Community Board #3,Manhattan,40.718943,-73.986122,"1402","1004301",1003530054,Lower East Side
"116","Artists Forum, Inc.",204 West 118th Street,New  York,NY,"10026",(646) 355-4391,Film/Video/Audio,Manhattan Council District #9,Manhattan Community Board #10,Manhattan,40.804649,-73.951883,"218","1058395",1019230037,Central Harlem South
"117",Artists Space,80 White Street,New York,NY,"10013",(212) 226-3970 x307,Visual Arts,Manhattan Council District #1,Manhattan Community Board #1,Manhattan,40.717634,-74.002233,"31","1002333",1001950030,SoHo-TriBeCa-Civic Center-Little Italy
"118","Artists in Residence, Inc.",155 Plymouth Street,Brooklyn,NY,"11201",(212) 255-6651,Visual Arts,Brooklyn Council District #33,Brooklyn Community Board #2,Brooklyn,40.703784,-73.987077,"21","3000010",3000190001,DUMBO-Vinegar Hill-Downtown Brooklyn-Boerum Hill
"119","Arts & Business Council, Inc.","1 East 53rd Street, 3rd Floor",New York,NY,"10022",(212) 279-5910 x1119,"Multi-Discipline, Non-Perform",Manhattan Council District #3,Manhattan Community Board #5,Manhattan,40.760324,-73.975584,"102","1035725",1012890005,Midtown-Midtown South
"120","Arts Connection, Inc.","520 Eighth Avenue, Suite 321",New York,NY,"10018",(212) 302-7433 x468,"Multi-Discipline, Non-Perform",Manhattan Council District #3,Manhattan Community Board #5,Manhattan,40.753612,-73.992417,"109","1083624",1007860001,Midtown-Midtown South
"121","Arts Engine, Inc.",145 West 24th Street,New York,NY,"10011",(646) 230-6368 x214,Film/Video/Audio,Manhattan Council District #3,Manhattan Community Board #2,Manhattan,40.744129,-73.99363,"91","1014975",1008000015,Hudson Yards-Chelsea-Flatiron-Union Square
"122","Arts For All, Inc.","119 West 23rd Street, 5th Floor",New York,NY,"10011",(212) 591-6108,"Multi-Discipl, Perf & Non-Perf",Manhattan Council District #2,Manhattan Community Board #2,Manhattan,40.743248,-73.993591,"91","1014952",1007990028,Hudson Yards-Chelsea-Flatiron-Union Square
"123",Arts Horizons LeRoy Neiman Art Center,289 St. Nicholas Ave.,New York,NY,"10027",(212) 862-2787,Visual Arts,Manhattan Council District #9,Manhattan Community Board #10,Manhattan,40.810512,-73.952785,"20901","1059300",1019510051,Morningside Heights
"124","Arts On Site NYC, Inc.","12 Saint Marks Place, #3F",New York,NY,"10003",(919) 614-0505,"Multi-Discipl, Perf & Non-Perf",Manhattan Council District #2,Manhattan Community Board #3,Manhattan,40.729206,-73.989115,"38","1006665",1004630015,East Village
"125","Arts Resources in Collaboration, Inc.",70 East 10th Street,New York,NY,"10003",(212) 206-6492,Dance,Manhattan Council District #6,Manhattan Community Board #3,Manhattan,40.731413,-73.990705,"57","1008954",1005550001,West Village
"126","Arts for Art, Inc.","107 Suffolk Street, #300",New York,NY,"10002",(212) 254-5420,"Multi-Discipline, Performing",Manhattan Council District #1,Manhattan Community Board #3,Manhattan,40.718943,-73.986122,"1402","1004301",1003530054,Lower East Side
"127","Artsgenesis, Inc.","154 Christopher Street, Suite 2A",New York,NY,"10014",(212) 741-1414 x15,"Multi-Discipl, Perf & Non-Perf",Manhattan Council District #3,Manhattan Community Board #2,Manhattan,40.73273,-74.008129,"69","1010421",1006040033,West Village
"128","Artshack Brooklyn, Inc.","131 Bedford Ave,",Brooklyn,NY,"11216",(917) 251-5327,Crafts,Brooklyn Council District #36,Brooklyn Community Board #13,Brooklyn,40.71932,-73.956115,"517","3324777",3023050008,North Side-South Side
"129","Ascension Music Chorus and Orchestra, Inc.",12 West 11th Street,New York,NY,"10011",(212) 358-1469,Music,Manhattan Council District #3,Manhattan Community Board #2,Manhattan,40.734328,-73.995775,"63","1009538",1005740038,West Village
"130",Asia Society,725 Park Avenue,New York,NY,"10021",(212) 327-9218,Museum,Manhattan Council District #4,Manhattan Community Board #4,Manhattan,40.770032,-73.964594,"128","1042714",1014050001,Upper East Side-Carnegie Hill
"131","Asian American Activity Center, Inc.","396 Broadway, Suite 205",New York,NY,"10013",(212) 431-0368,"Multi-Discipline, Non-Perform",Manhattan Council District #1,Manhattan Community Board #3,Manhattan,40.718488,-74.002644,"31","1002323",1001950007,SoHo-TriBeCa-Civic Center-Little Italy
"132",Asian American Arts Alliance,"20 Jay Street, Suite 740",Brooklyn,NY,"11201",(212) 941-9208 x1,"Multi-Discipl, Perf & Non-Perf",Manhattan Council District #3,Manhattan Community Board #2,Manhattan,40.718068,-74.010191,"39","1001553",1001430021,SoHo-TriBeCa-Civic Center-Little Italy
"133","Asian American Arts Centre, Inc.","26 Bowery, 3rd Floor",New York,NY,"10013",(212) 233-2154,Visual Arts,Manhattan Council District #1,Manhattan Community Board #2,Manhattan,40.714906,-73.996909,"29","1001802",1001630035,Chinatown
"134","Asian American Film Lab, Inc.",20 Jay Street,Brooklyn,NY,"11201",(646) 535-5212,Film/Video/Audio,Manhattan Council District #5,Manhattan Community Board #8,Manhattan,40.718068,-74.010191,"39","1001553",1001430021,SoHo-TriBeCa-Civic Center-Little Italy
"135",Asian American Writers' Workshop,110-112 West 27th Street,New York,NY,"10001",(212) 494-0061,Literature,Manhattan Council District #3,Manhattan Community Board #5,Manhattan,40.74568,-73.991602,"95","1015048",1008020050,Midtown-Midtown South
"136","Asian CineVision, Inc.",115 West 30th Street,New York,NY,"10001",(212) 989-1422,Film/Video/Audio,Manhattan Council District #3,Manhattan Community Board #4,Manhattan,40.747582,-73.990324,"101","1015161",1008060026,Midtown-Midtown South
"137","Asian Cultural Council, Inc.",6 West 48th Street,New York,NY,"10036",(212) 843-0367,"Multi-Discipl, Perf & Non-Perf",Manhattan Council District #3,Manhattan Community Board #5,Manhattan,40.757426,-73.978465,"96","1034487",1012630043,Midtown-Midtown South
"138","Association for Cultural Equity, Inc.",425 E 25th Street,New York,NY,"10010",(212) 268-4623,Folk Arts,Manhattan Council District #3,Manhattan Community Board #4,Manhattan,40.737878,-73.97688,"62","1069579",1009620100,Murray Hill-Kips Bay
"139","Association for Development of Dramatic Arts, Inc.","301 East 57th St., 3rd Fl.",New York,NY,"10022",(212) 583-2706 x15,Theater,Manhattan Council District #1,Manhattan Community Board #3,Manhattan,40.759264,-73.96517,"108","1039997",1013500001,Turtle Bay-East Midtown
"140","Association of Hispanic Arts, Inc.",1702 Lexington Avenue,New York,NY,"10029",(212) 876-1242,Other,Manhattan Council District #8,Manhattan Community Board #11,Manhattan,40.792608,-73.946027,"172","1052054",1016340056,East Harlem South
"141",Astoria Big Band,"161 Sixth Avenue, 14th floor",New York,NY,"10013",(212) 691-6969 x13,Music,,Manhattan Community Board #1,Manhattan,40.725677,-74.003976,"37","1007822",1005050031,SoHo-TriBeCa-Civic Center-Little Italy
"142",Atlantic Theater Company,"76 Ninth Avenue, Suite #313",New York,NY,10011-5226,(212) 691-5919,Theater,Manhattan Council District #3,Manhattan Community Board #4,Manhattan,40.741915,-74.004659,"83","1013043",1007390001,Hudson Yards-Chelsea-Flatiron-Union Square
"143","Audience, Inc.",39 Avenue A,New York,NY,"10009",(646) 351-9859,Film/Video/Audio,Brooklyn Council District #33,Brooklyn Community Board #6,Manhattan,40.723502,-73.985403,"3002","1077953",1004300010,East Village
"144",Australian Aboriginal Theatre Initiative,60 2nd Avenue,New York,NY,"10003",(212) 533-0889,Theater,Manhattan Council District #2,Manhattan Community Board #3,Manhattan,40.725827,-73.989678,"38","1006165",1004450004,East Village
"145","Avant Media Performance, Inc.","113 South 2nd Street, #1B",Brooklyn,NY,"11211",(212) 372-3326,"Multi-Discipline, Performing",Brooklyn Council District #34,Brooklyn Community Board #1,Brooklyn,40.71364,-73.96307,"551","3389057",3024057501,North Side-South Side
"146",BROOKLYN FILMSHOP INC,104 Sullivan St,New York,NY,"10012",(203) 559-9994,Film/Video/Audio,Manhattan Council District #3,Manhattan Community Board #2,Manhattan,40.725748,-74.002976,"49","1007813",1005040034,SoHo-TriBeCa-Civic Center-Little Italy
"147",Babycastles Studio Inc.,145 W 14th Street,New York,NY,"10011",(774) 593-3038,New Media,Manhattan Council District #3,Manhattan Community Board #4,Manhattan,40.737921,-73.998156,"81","1014518",1007900010,Hudson Yards-Chelsea-Flatiron-Union Square
"148",Balinese American Dance Theatre,"23 West 35th Street, 2nd Floor",New York,NY,"10001",(646) 361-9183,Dance,Manhattan Council District #3,Manhattan Community Board #5,Manhattan,40.749544,-73.985109,"84","1015894",1008370028,Midtown-Midtown South
"149","Ballet Ambassadors, Inc.","160 West 71st Street, Ste. 18A",New York,NY,"10023",(212) 600-0018,Dance,Manhattan Council District #6,Manhattan Community Board #7,Manhattan,40.777537,-73.981189,"157","1029778",1011420064,Lincoln Square
"150","Ballet Hispanico of New York, Inc.",167 West 89 Street,New York,NY,"10024",(212) 362-6710 x23,Dance,Manhattan Council District #6,Manhattan Community Board #7,Manhattan,40.78917,-73.972525,"173","1081050",1012200107,Upper West Side
"151","Ballet Next, Inc.",243 West 60th Street,New York,NY,"10023",(212) 203-0409,Dance,Manhattan Council District #6,Manhattan Community Board #7,Manhattan,40.771824,-73.988974,"147","1030315",1011527502,Lincoln Square
"152",Ballet Orchestra of New York City,438 East 76th Street #4-C,New York,NY,"10021",(212) 988-2148,Music,Manhattan Council District #5,Manhattan Community Board #8,Manhattan,40.769984,-73.953168,"132","1045938",1014700030,Lenox Hill-Roosevelt Island
"153","Ballet Tech Foundation, Inc.","890 Broadway, 8th Floor",New York,NY,"10003",(212) 777-7710 x314,Dance,Manhattan Council District #2,Manhattan Community Board #5,Manhattan,40.738604,-73.989911,"52","1016163",1008487502,Hudson Yards-Chelsea-Flatiron-Union Square
"154","Ballet Theatre Foundation, Inc.","890 Broadway, 3rd Floor",New York,NY,"10003",(212) 477-3030 x1188,Dance,Manhattan Council District #2,Manhattan Community Board #5,Manhattan,40.738604,-73.989911,"52","1016163",1008487502,Hudson Yards-Chelsea-Flatiron-Union Square
"155",BalletCollective Inc.,850 Amsterdam Ave 14F,New York,NY,"10025",(646) 337-1254,"Multi-Discipl, Perf & Non-Perf",Manhattan Council District #7,Manhattan Community Board #7,Manhattan,40.797587,-73.967801,"187","1056510",1018730031,Upper West Side
"156","Bang Group, Inc.","131 Perry Street, Ste. 1A",New York,NY,"10014",(212) 337-9565,Dance,Manhattan Council District #3,Manhattan Community Board #2,Manhattan,40.734943,-74.007516,"75","1011864",1006330028,West Village
"157","Bargemusic, Ltd.",Fulton Ferry Landing,Brooklyn,NY,"11201",(718) 624-4061,Music,Brooklyn Council District #33,Brooklyn Community Board #2,Brooklyn,40.70309,-73.994875,"21","3000000",3000250001,DUMBO-Vinegar Hill-Downtown Brooklyn-Boerum Hill
"158","Barrow Group, Inc.","312 West 36th Street, Apt. 4W",New York,NY,"10018",(201) 709-5720,Theater,Manhattan Council District #3,Manhattan Community Board #4,Manhattan,40.753755,-73.9932,"111","1080495",1007590049,Hudson Yards-Chelsea-Flatiron-Union Square
"159","Baryshnikov Dance Foundation, Inc.","450 West 37th Street, Suite 501",New York,NY,"10018",(646) 731-3201,"Multi-Discipline, Performing",Manhattan Council District #3,Manhattan Community Board #4,Manhattan,40.756058,-73.996759,"111","1087066",1007347502,Hudson Yards-Chelsea-Flatiron-Union Square
"160",Battery Dance Corporation,"380 Broadway, Fifth Floor",New York,NY,"10013",(212) 219-3910,Dance,Manhattan Council District #1,Manhattan Community Board #1,Manhattan,40.718112,-74.002958,"31","1002317",1001950001,SoHo-TriBeCa-Civic Center-Little Italy
"161","Bedlam, Inc.","603 West 115th Street,",New York,NY,"10025",(646) 784-1029,Theater,Manhattan Council District #6,Manhattan Community Board #7,Manhattan,40.807517,-73.964795,"205","1057379",1018960065,Morningside Heights
"162","Behind the Book, Inc.","216 West 135th Street, Ground Floor",New York,NY,"10030",(212) 222-3627,Literature,Manhattan Council District #8,Manhattan Community Board #7,Manhattan,40.815595,-73.944411,"228","1058844",1019400039,Central Harlem North-Polo Grounds
"163",Believe In Me,1123 Broadway,New York,NY,"10010",(646) 336-1500,,,,Manhattan,40.743254,-73.989123,"58","1015618",1008270028,Hudson Yards-Chelsea-Flatiron-Union Square
"164","Big Apple Greeter, Inc.",1 Centre Street,New York,NY,"10007",(212) 669-3146,Other,Manhattan Council District #1,Manhattan Community Board #1,Manhattan,40.713001,-74.004181,"29","1001394",1001210001,Chinatown
"165","Big Apple Performing Arts, Inc.","676A 9th Avenue, Suite 405",New York,NY,"10036",(212) 344-1777 x11,Music,Manhattan Council District #1,Manhattan Community Board #1,Manhattan,40.761457,-73.990412,"127","1025074",1010370062,Clinton
"166","Big Tree Productions, Inc.","42 Horatio Street, #9",New York,NY,"10014",(212) 633-0016,Dance,Manhattan Council District #3,Manhattan Community Board #2,Manhattan,40.738744,-74.005019,"77","1078217",1006260032,West Village
"167","Blackberry Productions, Inc.","170 West 136th Street, Ste. 4C",New York,NY,"10030",(212) 694-6698,"Multi-Discipline, Performing",Manhattan Council District #7,Manhattan Community Board #9,Manhattan,40.81553,-73.942179,"228","1058295",1019200059,Central Harlem North-Polo Grounds
"168","Blessed Unrest Theatre, Inc.","530 W. 45th Street, #4G",New York,NY,"10036",(212) 713-0163,Theater,Manhattan Council District #3,Manhattan Community Board #4,Manhattan,40.762132,-73.995473,"129","1088825",1010737502,Clinton
"169","Bloomingdale School of Music, Inc.",323 West 108th Street,New York,NY,"10025",(212) 663-6021 x23,Music,Manhattan Council District #9,Manhattan Community Board #7,Manhattan,40.803236,-73.968308,"195","1057302",1018930010,Morningside Heights
"170","Blue Coyote Theater Group, Inc.","380 Broadway, 4th Floor",New York,NY,"10013",(646) 242-6260,Theater,Manhattan Council District #1,Manhattan Community Board #1,Manhattan,40.718112,-74.002958,"31","1002317",1001950001,SoHo-TriBeCa-Civic Center-Little Italy
"171","Blue Heron Theatre, Inc.","645 West End Avenue, Suite 7B",New York,NY,"10025",(212) 787-0422,Theater,Manhattan Council District #6,Manhattan Community Board #7,Manhattan,40.792388,-73.975316,"179","1034102",1012510062,Upper West Side
"172","Blue Mountains Projects, Inc",10 South Street,New York,NY,"10004",(917) 623-3315,Visual Arts,Manhattan Council District #1,Manhattan Community Board #1,Manhattan,40.701695,-74.011631,"9","1000003",1000020002,Battery Park City-Lower Manhattan
"173",Bnos Yakov Educational Center,638 Bedford Avenue,Brooklyn,NY,"11211",(718) 963-1212 x101,"Multi-Discipl, Perf & Non-Perf",Brooklyn Council District #33,Brooklyn Community Board #1,Brooklyn,40.702169,-73.958946,"537","3332990",3022100038,Williamsburg
"174","Bond Street Theatre Coalition, Ltd.","2 Bond Street, #4R",New York,NY,"10012",(212) 254-4614,"Multi-Discipline, Performing",Manhattan Council District #1,Manhattan Community Board #2,Manhattan,40.726901,-73.994631,"5502","1008504",1005300067,West Village
"175","Borough of Manhattan Community College Performing Arts Center, Inc.","199 Chambers Street, Room #S110C",New York,NY,"10007",(212) 220-1459,"Multi-Discipline, Performing",Manhattan Council District #2,Manhattan Community Board #1,Manhattan,40.716838,-74.012117,"39","1066406",1001420050,SoHo-TriBeCa-Civic Center-Little Italy
"176",Bowery Arts and Science,"310 Bowery, 2nd Floor",New York,NY,"10012",(212) 614-0504,Literature,Manhattan Council District #1,Manhattan Community Board #3,Manhattan,40.724804,-73.992373,"5502","1008202",1005210077,West Village
"177","Box Turtle Press/Attitude Art, Inc.",94 Franklin Street,New York,NY,"10013",(646) 246-3652,Literature,Manhattan Council District #1,Manhattan Community Board #1,Manhattan,40.7182,-74.005141,"33","1001924",1001757504,SoHo-TriBeCa-Civic Center-Little Italy
"178","Boys & Girls Harbor, Inc.",1 East 104th Street,New York,NY,"10029",(212) 427-2244 x583,"Multi-Discipline, Performing",Manhattan Council District #8,Manhattan Community Board #11,Manhattan,40.792888,-73.951826,"168","1051499",1016100001,East Harlem South
"179","Brazilian Endowment for the Arts, Inc.",240E 52nd street,New York,NY,"10022",(212) 371-1556,Music,Manhattan Council District #5,Manhattan Community Board #5,Manhattan,40.756658,-73.968879,"98","1038479",1013250035,Turtle Bay-East Midtown
"180","Bread & Roses Cultural Project, Inc.","322 West 48th Street, 6th floor",New York,NY,"10036",(212) 767-0025 x2,"Multi-Discipline, Non-Perform",Manhattan Council District #3,Manhattan Community Board #4,Manhattan,40.761399,-73.987896,"127","1025108",1010380043,Clinton
"181","Bridge, Inc.","290 Lenox Avenue, 3rd Floor",New York,NY,"10027",(212) 663-3000,Visual Arts,Manhattan Council District #8,Manhattan Community Board #7,Manhattan,40.807457,-73.945704,"200","1053487",1017220069,Central Harlem South
"182",Broadway Dance Lab,433 West 34th St.,New York,NY,"10001",(646) 325-5389,Dance,Manhattan Council District #3,Manhattan Community Board #4,Manhattan,40.753991,-73.997726,"111","1012858",1007320016,Hudson Yards-Chelsea-Flatiron-Union Square
"183","Broadway Housing Communities, Inc.",583 Riverside Drive,New York,NY,"10031",(212) 568-2030,Visual Arts,Manhattan Council District #7,Manhattan Community Board #9,Manhattan,40.821383,-73.957164,"22301","1059949",1020020002,Manhattanville
"184","Broadway League Foundation, Inc.","729 Seventh Avenue, 5th Flr",New York,NY,"10019",(212) 764-1122,Theater,Manhattan Council District #4,Manhattan Community Board #5,Manhattan,40.760103,-73.983973,"125","1022699",1010017501,Midtown-Midtown South
"185","Broadways Babies Fund, Inc",336 W 37th St Suite 500,New York,NY,"10018",(804) 200-2421,"Multi-Discipl, Perf & Non-Perf",Manhattan Council District #3,Manhattan Community Board #4,Manhattan,40.754573,-73.99324,"111","1013604",1007600063,Hudson Yards-Chelsea-Flatiron-Union Square
"186",Broken Box Mime Theater,201 W 94th St. #1A,New York,NY,"10025",(617) 877-8937,Theater,Manhattan Council District #6,Manhattan Community Board #7,Manhattan,40.792842,-73.971505,"183","1033677",1012420029,Upper West Side
"187","Brooklyn Arts Council, Inc.",20 Jay Street,Brooklyn,NY,"11201",(718) 625-0080 x222,"Multi-Discipline, Performing",Brooklyn Council District #33,Brooklyn Community Board #2,Brooklyn,40.704313,-73.986587,"21","3000010",3000190001,DUMBO-Vinegar Hill-Downtown Brooklyn-Boerum Hill
"188",Brooklyn Film Society,180 South 4th Street,New York City,NY,"11211",(718) 388-4306,Film/Video/Audio,Brooklyn Council District #34,Brooklyn Community Board #1,Brooklyn,40.711145,-73.960889,"523","3063463",3024467501,North Side-South Side
"189",Brooklyn Historical Society,128 Pierrepont Street,Brooklyn,NY,"11201",(718) 222-4111 x239,Museum,Brooklyn Council District #33,Brooklyn Community Board #1,Brooklyn,40.69502,-73.992387,"502","3002006",3002430047,Brooklyn Heights-Cobble Hill
"190","Brooklyn Institute for Social Research, Inc.",68 Jay Street,Brooklyn,NY,"11201",(512) 914-0597,"Multi-Discipl, Perf & Non-Perf",Brooklyn Council District #33,Brooklyn Community Board #2,Brooklyn,40.702763,-73.986681,"21","3000090",3000400001,DUMBO-Vinegar Hill-Downtown Brooklyn-Boerum Hill
"191",Brooklyn Navy Yard Development Corporation,63 Flushing Avenue,Brooklyn,NY,"11205",(718) 907-5900 x5965,Humanities,Brooklyn Council District #33,Brooklyn Community Board #2,Brooklyn,40.69802,-73.974986,"543","3335129",3020230001,park-cemetery-etc-Brooklyn
"192","Brooklyn Philharmonic Symphony Orchestra, Inc.","20 Jay Street, Suite M16",Brooklyn,NY,"11201",(718) 488-7711,Music,Brooklyn Council District #33,Brooklyn Community Board #6,Brooklyn,40.704313,-73.986587,"21","3000010",3000190001,DUMBO-Vinegar Hill-Downtown Brooklyn-Boerum Hill
"193","Brooklyn Poets, Inc.",135 Jackson Street,New York,NY,"11211",(718) 374-1953,Literature,Brooklyn Council District #34,Brooklyn Community Board #1,Brooklyn,40.716568,-73.945681,"497","3395382",3027447503,East Williamsburg
"194",Brooklyn Rail,99 Commercial Street #32,Brooklyn,NY,"11222",(718) 349-8427,Literature,Brooklyn Council District #33,Brooklyn Community Board #1,Brooklyn,40.737751,-73.955904,"563","3063674",3024720400,Greenpoint
"195","Builders Association, Inc.",140 2nd Ave,New York,NY,"10003",(212) 274-0446 x1,"Multi-Discipline, Performing",Manhattan Council District #1,Manhattan Community Board #2,Manhattan,40.728956,-73.987401,"38","1006362",1004500006,East Village
"196","Building for the Arts NY, Inc.",330 West 42nd Street,New York,NY,"10036",(212) 695-4242,"Multi-Discipl, Perf & Non-Perf",Manhattan Council District #3,Manhattan Community Board #4,Manhattan,40.757661,-73.990832,"115","1024926",1010320048,Clinton
"197",Byrd Hoffman Watermill Foundation,55 Washington Street,Brooklyn,NY,"11201",(212) 253-7484,"Multi-Discipl, Perf & Non-Perf",Brooklyn Council District #33,Brooklyn Community Board #2,Brooklyn,40.70273,-73.989602,"21","3000088",3000380001,DUMBO-Vinegar Hill-Downtown Brooklyn-Boerum Hill
"198",C4 Choral Composer Conductor Collective,"500 West 52nd Street, #3W",New York,NY,"10019",(917) 596-9931,Music,Manhattan Council District #3,Manhattan Community Board #5,Manhattan,40.765975,-73.991,"135","1088274",1010800028,Clinton
"199",CAMERATA INTERNAZIONALE INC,325 5TH AVE.,NEW YORK,NY,"10016",(845) 729-4986,"Multi-Discipline, Performing",Manhattan Council District #4,Manhattan Community Board #5,Manhattan,40.747428,-73.985282,"74","1087309",1008627503,Midtown-Midtown South
"200","CAVE Organization, Inc.","58 Grand Street, 1st Floor",Brooklyn,NY,"11211",(718) 388-6780,Dance,Brooklyn Council District #33,Brooklyn Community Board #1,Brooklyn,40.715908,-73.965099,"551","3335767",3023900018,North Side-South Side
"201","CBD Music, Inc.",552 Riverside Drive,New York,NY,"10027",(646) 352-1826,Music,Manhattan Council District #9,Manhattan Community Board #9,Manhattan,40.816409,-73.96143,"211","1059892",1019950077,Morningside Heights
"202","CEC ArtsLink, Inc.","435 Hudson Street, 8th Floor",New York,NY,"10014",(212) 643-1985 x12,"Multi-Discipl, Perf & Non-Perf",Manhattan Council District #3,Manhattan Community Board #2,Manhattan,40.730587,-74.006805,"69","1010402",1006020068,West Village
"203","CEC Stuyvesant Cove, Inc.",24-20 FDR Drive Service Road East,New York,NY,"10010",(212) 505-6050,"Multi-Discipl, Perf & Non-Perf",Manhattan Council District #4,Manhattan Community Board #2,Manhattan,40.735508,-73.974745,"62",,,Murray Hill-Kips Bay
"204","CSC Repertory, Ltd.",136 East 13th Street,New York,NY,"10003",(212) 677-4210 x14,Theater,Manhattan Council District #2,Manhattan Community Board #3,Manhattan,40.733145,-73.988984,"42","1009015",1005580024,East Village
"205",CUE Art Foundation,137 West 25th Street,New York,NY,"10001",(212) 206-3583,Visual Arts,Manhattan Council District #3,Manhattan Community Board #4,Manhattan,40.744681,-73.99302,"91","1068241",1008017501,Hudson Yards-Chelsea-Flatiron-Union Square
"206",Calliope Creative Foundation,"1410 Broadway, Ste 2601",New York,NY,"10018",(212) 683-7343,"Multi-Discipline, Performing",Manhattan Council District #4,Manhattan Community Board #7,Manhattan,40.753497,-73.987111,"113","1015274",1008140052,Midtown-Midtown South
"207","Camera Club of New York, Inc.",126 Baxter Street,New York,NY,"10013",(718) 387-2118,Visual Arts,Manhattan Council District #3,Manhattan Community Board #4,Manhattan,40.718142,-73.998954,"41","1002668",1002070015,SoHo-TriBeCa-Civic Center-Little Italy
"208","Camera News, Inc.","545 Eighth Avenue, Suite 550",New York,NY,"10018",(212) 947-9277 x302,Film/Video/Audio,Manhattan Council District #3,Manhattan Community Board #5,Manhattan,40.754296,-73.991944,"111","1013622",1007610033,Hudson Yards-Chelsea-Flatiron-Union Square
"209","Canopy Canopy Canopy, Inc.","264 Canal Street, Suite 3W",New York,NY,"10013",(240) 472-7260,Visual Arts,Brooklyn Council District #39,Brooklyn Community Board #6,Manhattan,40.718752,-74.000996,"31","1002345",1001960015,SoHo-TriBeCa-Civic Center-Little Italy
"210","Canteen Arts, Inc.",96 Pierrepont St. #4,Brooklyn,NY,"11201",(917) 975-3027,"Multi-Discipline, Non-Perform",Brooklyn Council District #33,Brooklyn Community Board #2,Brooklyn,40.695347,-73.993585,"502","3001994",3002437501,Brooklyn Heights-Cobble Hill
"211","Canticorum Virtuosi, Inc.",90 Furman Street,Brooklyn,NY,"11201",(914) 763-3453,Music,Manhattan Council District #8,Manhattan Community Board #7,Brooklyn,40.700664,-73.996,"1","3398446",3001997501,Brooklyn Heights-Cobble Hill
"212","Capoeira Foundation, Inc.",75 Broad Street,New York,NY,"10004",(212) 382-0555,Dance,Manhattan Council District #3,Manhattan Community Board #5,Manhattan,40.704541,-74.011552,"9","1000849",1000290070,Battery Park City-Lower Manhattan
"213","Career Transition for Dancers, Inc.","165 West 46 Street, Ste. 701",New York,NY,"10036",(212) 764-0172 x222,Dance,Manhattan Council District #3,Manhattan Community Board #5,Manhattan,40.758116,-73.983948,"125","1022661",1009990003,Midtown-Midtown South
"214",Carnegie Hall Corporation,881 Seventh Avenue,New York,NY,"10019",(212) 903-9600,"Multi-Discipline, Performing",Manhattan Council District #4,Manhattan Community Board #5,Manhattan,40.764941,-73.980445,"137","1023449",1010090001,Midtown-Midtown South
"215",Carter Burden Center for the Aging,1484 First Avenue,New York,NY,"10075",(212) 879-7400 x303,Crafts,Manhattan Council District #5,Manhattan Community Board #8,Manhattan,40.771244,-73.953478,"132","1081248",1014720003,Lenox Hill-Roosevelt Island
"216",Cathedral of St. John the Divine,1047 Amsterdam Avenue,New York,NY,"10025",(212) 316-7493,"Multi-Discipl, Perf & Non-Perf",Manhattan Council District #9,Manhattan Community Board #9,Manhattan,40.803951,-73.963135,"19701","1082706",1018650001,Morningside Heights
"217",Causa Artium Limited,215 West 104th Street Box 844,New York,NY,"10025",(212) 203-0461,"Multi-Discipl, Perf & Non-Perf",Manhattan Council District #7,Manhattan Community Board #7,Manhattan,40.799407,-73.967291,"191","1056587",1018760022,Upper West Side
"218","Cave Canem Foundation, Inc.",20 Jay Street,Brooklyn,NY,"11201",(718) 858-0000,Literature,Brooklyn Council District #33,Brooklyn Community Board #2,Brooklyn,40.704313,-73.986587,"21","3000010",3000190001,DUMBO-Vinegar Hill-Downtown Brooklyn-Boerum Hill
"219","Cedar Lake, Inc.",547 West 26th Street,New York,NY,"10001",(212) 244-0015,Dance,Manhattan Council District #3,Manhattan Community Board #4,Manhattan,40.750259,-74.004345,"99","1012390",1006980010,Hudson Yards-Chelsea-Flatiron-Union Square
"220","Center at West Park, Inc.",165 West 86th Street,New York,NY,"10024",(212) 997-4490,"Multi-Discipline, Performing",Manhattan Council District #6,Manhattan Community Board #7,Manhattan,40.787351,-73.974202,"173","1032188",1012170001,Upper West Side
"221","Center for Architecture, Inc.",536 LaGuardia Place,New York,NY,"10012",(212) 358-6136,Architecture/Design,Manhattan Council District #1,Manhattan Community Board #2,Manhattan,40.728575,-73.998532,"65","1008642",1005370026,West Village
"222","Center for Arts Education, Inc.","225 West 34th Street, Suite #1112",New York,NY,"10122",(212) 971-3300 x303,"Multi-Discipl, Perf & Non-Perf",Manhattan Council District #3,Manhattan Community Board #5,Manhattan,40.751483,-73.991764,"109","1014402",1007840019,Midtown-Midtown South
"223","Center for Book Arts, Inc.","28 West 27th Street, Third Floor",New York,NY,"10001",(212) 481-0295,"Multi-Discipline, Non-Perform",Manhattan Council District #3,Manhattan Community Board #5,Manhattan,40.744785,-73.989491,"58","1015663",1008280064,Hudson Yards-Chelsea-Flatiron-Union Square
"224","Center for Curatorial Leadership, Inc.",174 East 80th Street,New York,NY,"10075",(646) 405-8065,Visual Arts,Manhattan Council District #5,Manhattan Community Board #8,Manhattan,40.77528,-73.957562,"140","1047499",1015080142,Upper East Side-Carnegie Hill
"225",Center for Italian Modern Art,421 Broome Street,New York,NY,"10013",(646) 370-3596,Museum,Manhattan Council District #1,Manhattan Community Board #2,Manhattan,40.721252,-73.998662,"45","1079136",1004737505,SoHo-TriBeCa-Civic Center-Little Italy
"226",Center for Jewish History,15 West 16th Street,New York,NY,"10011",(212) 294-6137,Humanities,Manhattan Council District #3,Manhattan Community Board #5,Manhattan,40.737677,-73.993454,"54","1080631",1008180027,Hudson Yards-Chelsea-Flatiron-Union Square
"227","Center for Performance Research, Inc.","361 Manhattan Avenue, Unit 1",Brooklyn,NY,"11211",(718) 349-1210,"Multi-Discipline, Performing",Brooklyn Council District #34,Brooklyn Community Board #1,Brooklyn,40.716664,-73.946456,"501","3068283",3027437501,East Williamsburg
"228",Center for Traditional Music and Dance,"32 Broadway, Ste. 1314",New York,NY,"10004",(212) 571-1555 x25,Folk Arts,Manhattan Council District #1,Manhattan Community Board #1,Manhattan,40.706045,-74.013096,"9","1078979",1000220017,Battery Park City-Lower Manhattan
"229",Center for the Study of Classical Architecture,20 West 44th Street,New York,NY,"10036",(212) 730-9646 x103,Architecture/Design,Manhattan Council District #3,Manhattan Community Board #5,Manhattan,40.755156,-73.980848,"96","1034214",1012590048,Midtown-Midtown South
"230","Central Park Brass, Inc.","1435 Lexington Avenue, #7F",New York,NY,"10128",(646) 201-5242,Music,Manhattan Council District #4,Manhattan Community Board #8,Manhattan,40.784248,-73.952103,"15801","1048403",1015220050,Upper East Side-Carnegie Hill
"231","Chamber Music America, Inc.",12 West 32nd Street,New York,NY,"10001",(212) 242-2022 x15,Music,Manhattan Council District #3,Manhattan Community Board #5,Manhattan,40.747475,-73.986278,"76","1015826",1008330052,Midtown-Midtown South
"232","Chamber Music Society of Lincoln Center, Inc.","70 Lincoln Center Plaza, Tenth Floor",New York,NY,"10023",(212) 875-5799,Music,Manhattan Council District #6,Manhattan Community Board #7,Manhattan,40.773626,-73.983591,"149","1077844",1011377501,Lincoln Square
"233",Chamber Orchestra of New York Ottorino Respighi,"450 Lexington Avenue, #1514",New York,NY,"10163",(646) 642-8441,Music,Manhattan Council District #5,Manhattan Community Board #6,Manhattan,40.753102,-73.974854,"92","1085671",1012800090,Turtle Bay-East Midtown
"234","Character Studies Productions, Inc.",202 West 107th Street 6-W,New York,NY,"10025",(212) 665-8279,Theater,Manhattan Council District #8,Manhattan Community Board #7,Manhattan,40.801215,-73.965481,"195","1056641",1018780036,Morningside Heights
"235","Chashama, Inc.","201 East 42nd Street, 32nd Floor",New York,NY,"10017",(212) 391-8151 x23,"Multi-Discipl, Perf & Non-Perf",Manhattan Council District #4,Manhattan Community Board #6,Manhattan,40.750714,-73.974295,"88","1037549",1013160001,Turtle Bay-East Midtown
"236",Chassida Shmella:  Ethiopian Jewish Community,"25 Broadway, Ste. 1700",New York,NY,"10004",(212) 284-6532,"Multi-Discipl, Perf & Non-Perf",Manhattan Council District #1,Manhattan Community Board #1,Manhattan,40.705752,-74.013374,"13","1000045",1000130027,Battery Park City-Lower Manhattan
"237",Chelsea Art Museum,556 West 22nd Street,New York,NY,"10011",(212) 255-0719,Museum,Manhattan Council District #3,Manhattan Community Board #4,Manhattan,40.747733,-74.006374,"99","1012319",1006930064,Hudson Yards-Chelsea-Flatiron-Union Square
"238",Chelsea Film Festival,115 Norfolk Street,New York,NY,"10002",(347) 614-8029,Film/Video/Audio,Manhattan Council District #3,Manhattan Community Board #4,Manhattan,40.719143,-73.986984,"18","1088708",1003537503,Chinatown
"239",Chelsea Symphony,245 Eighth Avenue,New York,NY,"10011",(888) 741-2915,Music,Manhattan Council District #2,Manhattan Community Board #4,Manhattan,40.744901,-73.998784,"93","1013361",1007460038,Hudson Yards-Chelsea-Flatiron-Union Square
"240","Cherry Lane Alternative, Inc.",38 Commerce Street,New York,NY,"10014",(212) 989-2020 x31,Theater,Manhattan Council District #3,Manhattan Community Board #2,Manhattan,40.731451,-74.005203,"67","1009827",1005840027,West Village
"241",Cherry Orchard Festival Foundation,45 Rockefeller Plaza,New York,NY,"10111",(800) 349-0021,"Multi-Discipline, Performing",Manhattan Council District #4,Manhattan Community Board #5,Manhattan,40.759204,-73.978335,"104","1083860",1012660001,Midtown-Midtown South
"242","Chhandayan, Inc.",4 West 43rd Street,New York,NY,"10036",(646) 281-4062,Folk Arts,Manhattan Council District #4,Manhattan Community Board #5,Manhattan,40.754371,-73.980932,"96","1034201",1012580042,Midtown-Midtown South
"243",Chica Luna Productions,"1690 Lexington Avenue, Second Floor",New York,NY,"10029",(212) 410-3544,Film/Video/Audio,Manhattan Council District #8,Manhattan Community Board #11,Manhattan,40.79235,-73.946215,"172","1052019",1016340015,East Harlem South
"244",Children's Aid Society,105 East 22nd Street,New York,NY,"10010",(212) 949-4696,Music,Manhattan Council District #2,Manhattan Community Board #6,Manhattan,40.739265,-73.986215,"68","1018010",1008780001,Gramercy
"245",Children's Art Carnival,62 Hamilton Terrace,New York,NY,"10031",(212) 234-4093,Visual Arts,Manhattan Council District #7,Manhattan Community Board #9,Manhattan,40.823075,-73.946309,"227","1060961",1020500064,Hamilton Heights
"246",Children's Museum of Manhattan,212 West 83rd Street,New York,NY,"10024",(212) 721-1223,Museum,Manhattan Council District #6,Manhattan Community Board #7,Manhattan,40.785946,-73.976961,"171","1032767",1012300038,Upper West Side
"247",Children's Museum of the Arts,103 Charlton Street,New York,NY,"10014",(212) 274-0986,Museum,Manhattan Council District #3,Manhattan Community Board #2,Manhattan,40.7274,-74.008006,"37","1010378",1005980058,SoHo-TriBeCa-Civic Center-Little Italy
"248",Children's Theatre Company of New York,526 West 26th Street,New York,NY,"10001",(212) 633-6629,Theater,Manhattan Council District #3,Manhattan Community Board #4,Manhattan,40.750094,-74.003999,"99","1012386",1006970047,Hudson Yards-Chelsea-Flatiron-Union Square
"249",China Institute in America,100 Washington Street,New York,NY,"10006",(212) 744-8181 x133,"Multi-Discipl, Perf & Non-Perf",Manhattan Council District #1,Manhattan Community Board #1,Manhattan,40.708494,-74.014291,"13","1088750",1000557501,Battery Park City-Lower Manhattan
"250",Chinatown Partnership Local Development Corp,60 St James Place,New York,NY,"10038",(212) 346-9288,"Multi-Discipline, Performing",Manhattan Council District #1,Manhattan Community Board #3,Manhattan,40.712828,-73.998662,"27","1077406",1001170001,Chinatown
"251","Chinese American Arts Council, Inc.","456 Broadway, 3rd Floor",New York,NY,"10013",(212) 431-9740,Other,Manhattan Council District #1,Manhattan Community Board #2,Manhattan,40.720602,-74.000848,"45","1003033",1002320011,SoHo-TriBeCa-Civic Center-Little Italy
"252",Chinese American Culture & Art Association,"401 Broadway, Ste. 2001",New York,NY,"10013",(212) 750-5295,"Multi-Discipline, Performing",Manhattan Council District #1,Manhattan Community Board #1,Manhattan,40.71871,-74.002482,"33","1002310",1001940042,SoHo-TriBeCa-Civic Center-Little Italy
"253",Chinese Methodist Center Corporation,69 Madison st.,New York,NY,"10002",(212) 349-2703,Photography,Manhattan Council District #2,Manhattan Community Board #1,Manhattan,40.712115,-73.996562,"8","1079619",1002770056,Chinatown
"254","Chinese Theatre Works, Inc.","37-18 Northern Boulevard, # 105",Long Island City,NY,"11101",(718) 392-3493,Theater,Queens Council District #21,Queens Community Board #3,Queens,40.752096,-73.925887,"171","4003103",4002140040,Hunters Point-Sunnyside-West Maspeth
"255","Church Street School for Music and Art, Inc.",41 White Street,New York,NY,"10013",(212) 571-7290,"Multi-Discipline, Non-Perform",Manhattan Council District #1,Manhattan Community Board #1,Manhattan,40.718664,-74.004452,"33","1001931",1001750019,SoHo-TriBeCa-Civic Center-Little Italy
"256","Cinema Conservancy, Inc.",225 W. 13th Street,"New York, NY",NY,"10011",(212) 989-1038,Film/Video/Audio,Manhattan Council District #3,Manhattan Community Board #2,Manhattan,40.738308,-74.001205,"77","1011120",1006180052,West Village
"257","Cinema Tropical, Inc.","611 Broadway, Ste. 836",New York,NY,"10012",(212) 254-5474,Film/Video/Audio,Manhattan Council District #1,Manhattan Community Board #2,Manhattan,40.725699,-73.996558,"5501","1008240",1005230048,West Village
"258","Circle in the Square Theatre School, Inc.",1633 Broadway,New York,NY,"10019",(212) 307-0388,Theater,Manhattan Council District #3,Manhattan Community Board #5,Manhattan,40.761574,-73.983962,"131","1024812",1010220043,Midtown-Midtown South
"259","Circus Amok, Inc.","53 South 11th Street, #5A",Brooklyn,NY,"11249",(718) 486-7432,Theater,Brooklyn Council District #33,Brooklyn Community Board #1,Brooklyn,40.707584,-73.966824,"547","3392478",3021560124,North Side-South Side
"260","Cities at Peace, Inc.","104 West 27th Street, 12th floor",New York,NY,"10001",(212) 924-9204,"Multi-Discipline, Performing",Manhattan Council District #3,Manhattan Community Board #4,Manhattan,40.745628,-73.991479,"95","1015047",1008020049,Midtown-Midtown South
"261","Citizen Schools, Inc.","55 Exchange Place, Sixth Floor",New York,NY,"10005",(646) 442-3873,"Multi-Discipl, Perf & Non-Perf",Manhattan Council District #1,Manhattan Community Board #1,Manhattan,40.706186,-74.010907,"7","1078988",1000267501,Battery Park City-Lower Manhattan
"262","City Center for Music & Drama, Inc.",20 Lincoln Center,New York,NY,"10023",(212) 870-4285,"Multi-Discipline, Performing",Manhattan Council District #6,Manhattan Community Board #6,Manhattan,40.771414,-73.983201,"149","1028831",1011340005,Lincoln Square
"263",City College Center for the Arts,"CCNY, Office of Gov't, Comm. & Cultural Affairs",New York,NY,"10031",(212) 650-5362,"Multi-Discipl, Perf & Non-Perf",Manhattan Council District #9,Manhattan Community Board #9,Manhattan,40.818101,-73.95075,"21703","1000000",1019570105,Manhattanville
"264","City Grand Opera Society, Inc.","250 West 54th Street, Suite 807",New York,NY,"10019",(212) 245-8837,Music,Manhattan Council District #4,Manhattan Community Board #8,Manhattan,40.764308,-73.983145,"131","1024842",1010250054,Midtown-Midtown South
"265","City Lights Youth Theatre, Inc.","630 Ninth Avenue, Suite 1411",New York,NY,"10036",(212) 262-4104,Theater,Manhattan Council District #3,Manhattan Community Board #4,Manhattan,40.760038,-73.991449,"121","1024982",1010350001,Clinton
"266","City Lore, Inc.",56 East 1st Street,New York,NY,"10003",(212) 529-1955 x301,Folk Arts,Manhattan Council District #1,Manhattan Community Board #3,Manhattan,40.723631,-73.989281,"3602","1087561",1004430049,East Village
"267",City Parks Foundation,"830 Fifth Avenue, Rm. 27",New York,NY,"10065",(212) 360-1399,"Multi-Discipline, Performing",Manhattan Council District #4,Manhattan Community Board #8,Manhattan,40.767711,-73.970516,"143","1083811",1011110001,park-cemetery-etc-Manhattan
"268","CityArts, Inc.","525 Broadway, Ste. 700",New York,NY,"10012",(212) 966-0377,Visual Arts,Manhattan Council District #1,Manhattan Community Board #2,Manhattan,40.722797,-73.999015,"49","1007248",1004840009,SoHo-TriBeCa-Civic Center-Little Italy
"269","CityKids Foundation, Inc.",57 Leonard Street,New York,NY,"10013",(212) 925-3320 x15,"Multi-Discipl, Perf & Non-Perf",Manhattan Council District #1,Manhattan Community Board #2,Manhattan,40.717862,-74.006154,"33","1001972",1001770005,SoHo-TriBeCa-Civic Center-Little Italy
"270",Classic Chamber Players,1133 Broadway,New York,NY,"10010",(914) 762-8878,Music,Manhattan Council District #3,Manhattan Community Board #5,Manhattan,40.743523,-73.989073,"58","1015625",1008270049,Hudson Yards-Chelsea-Flatiron-Union Square
"271","Clemente Soto Velez Cultural and Educational Center, Inc.","107 Suffolk Street, Room 312",New York,NY,"10002",(212) 566-5600,"Multi-Discipl, Perf & Non-Perf",Manhattan Council District #1,Manhattan Community Board #3,Manhattan,40.718943,-73.986122,"1402","1004301",1003530054,Lower East Side
"272","Cliplight Theatre Company, Inc.","555 West 52nd Street, Apt. 806",New York,NY,"10019",(917) 385-9090,Theater,Manhattan Council District #3,Manhattan Community Board #4,Manhattan,40.76671,-73.992697,"135","1088745",1010810070,Clinton
"273",Clive Barnes Foundation Incorporated,"241 West 23rd Street, 4A",New York,NY,"10011",(212) 463-8955,"Multi-Discipline, Performing",Manhattan Council District #3,Manhattan Community Board #4,Manhattan,40.744626,-73.996878,"91","1014146",1007730022,Hudson Yards-Chelsea-Flatiron-Union Square
"274","Clubbed Thumb, Inc.","440 Lafayette St, 4th Floor",New York,NY,"10003",(212) 228-0153,Theater,Manhattan Council District #2,Manhattan Community Board #6,Manhattan,40.729327,-73.991907,"57","1088676",1005450026,West Village
"275","Collaborative Arts Project 21, Inc.","18 West 18th Street,  6th Floor",New York,NY,"10011",(212) 807-0202 x14,Theater,Manhattan Council District #5,Manhattan Community Board #3,Manhattan,40.738859,-73.99266,"54","1015426",1008190056,Hudson Yards-Chelsea-Flatiron-Union Square
"276","Collaborative Urban Sculpture, Inc.",62 Washington Ave. #1,Brooklyn,NY,"11205",(917) 418-3516,Visual Arts,Brooklyn Council District #33,Brooklyn Community Board #2,Brooklyn,40.69688,-73.967587,"543","3054139",3018740042,park-cemetery-etc-Brooklyn
"277","College Art Association of America, Inc.","50 Broadway, 21st Fl.",New York,NY,"10004",(212) 691-1051,Visual Arts,Manhattan Council District #1,Manhattan Community Board #1,Manhattan,40.706449,-74.012761,"9","1000813",1000220024,Battery Park City-Lower Manhattan
"278",Colonial Dames of America/Mount Vernon Hotel Museum & Garden,421 East 61st Street,New York,NY,"10065",(212) 838-6878 x28,Museum,Manhattan Council District #5,Manhattan Community Board #8,Manhattan,40.760589,-73.960401,"10602","1045284",1014560012,Lenox Hill-Roosevelt Island
"279",Community Film Workshop Council,525 West 125th Street,New York,NY,"10027",(212) 531-3786,Film/Video/Audio,Manhattan Council District #7,Manhattan Community Board #9,Manhattan,40.813876,-73.956685,"219","1059694",1019820014,Manhattanville
"280","Community Works, Inc.",55 West End Avenue,New York,NY,"10023",(212) 459-1854,"Multi-Discipl, Perf & Non-Perf",Manhattan Council District #6,Manhattan Community Board #7,Manhattan,40.774058,-73.988681,"151","1087719",1011710063,Lincoln Square
"281","Community-Word Project, Inc.","11 Broadway, Suite 508",New York,NY,"10004",(212) 962-3820,"Multi-Discipl, Perf & Non-Perf",Manhattan Council District #1,Manhattan Community Board #1,Manhattan,40.705354,-74.013731,"13","1000044",1000130005,Battery Park City-Lower Manhattan
"282","Complicated, Incorporated",1072 Lorimer St. #3l,Brooklyn,NY,"11222",(612) 227-8013,New Media,Brooklyn Council District #33,Brooklyn Community Board #1,Brooklyn,40.727372,-73.953851,"561","3065314",3025960008,Greenpoint
"283","Composers Collaborative, Inc.","210 Riverside Drive, Apt. 11G",New York,NY,"10025",(212) 663-1967,Music,Manhattan Council District #6,Manhattan Community Board #7,Manhattan,40.79423,-73.976518,"179","1034130",1012520034,Upper West Side
"284","Composers Concordance, Inc.",1510 york ave #2b,New Yrok,NY,"10075",(212) 663-8826,Music,Manhattan Council District #5,Manhattan Community Board #8,Manhattan,40.771967,-73.950004,"136","1050773",1015760049,Yorkville
"285","Concert Artists Guild, Inc.","153 East 57th Street, 7th Floor",New York,NY,10022-2050,(212) 333-5200 x11,Music,Manhattan Council District #3,Manhattan Community Board #5,Manhattan,40.760726,-73.968628,"11203","1036911",1013120028,Turtle Bay-East Midtown
"286","Concerts in Motion, Inc.",341 W38th Street,New York,NY,"10018",(212) 498-9868,Music,Manhattan Council District #3,Manhattan Community Board #7,Manhattan,40.755237,-73.992864,"115","1013637",1007620011,Clinton
"287",Concrete Temple Theatre,"211 East 14th Street, Apt. 10",New York,NY,"10003",(212) 598-9135,Theater,Manhattan Council District #2,Manhattan Community Board #6,Manhattan,40.733092,-73.986678,"48","1019503",1008960010,Gramercy
"288","Construction Company Theater/Dance Associates, Inc.","10 East 18th Street, #3",New York,NY,"10003",(212) 924-7882,Dance,Manhattan Council District #2,Manhattan Community Board #5,Manhattan,40.738225,-73.991163,"52","1080748",1008467502,Hudson Yards-Chelsea-Flatiron-Union Square
"289","Contemporary Art for America, Inc.","330 West 15th Street, Suite 5D",New York,NY,"10011",(212) 645-2895,Museum,Manhattan Council District #3,Manhattan Community Board #4,Manhattan,40.740866,-74.003046,"83","1013028",1007380057,Hudson Yards-Chelsea-Flatiron-Union Square
"290",Converging Arts Media Organization,57 Stanton Street,New York,NY,"10002",(212) 995-5290,Visual Arts,Manhattan Council District #1,Manhattan Community Board #3,Manhattan,40.721976,-73.990259,"3601","1077627",1004210060,Chinatown
"291","Cooper-Hewitt, National Design Museum",2 East 91st Street,New York,NY,"10128",(212) 849-8373,Museum,Manhattan Council District #5,Manhattan Community Board #8,Manhattan,40.784607,-73.957866,"15002","1046980",1015020001,Upper East Side-Carnegie Hill
"292","CorbinDances, Inc.",196 West 134th Street,New York,NY,"10030",(646) 734-6338,Dance,Manhattan Council District #9,Manhattan Community Board #10,Manhattan,40.814518,-73.943939,"226","1086206",1019180059,Central Harlem North-Polo Grounds
"293","Council For Living Music, Inc.","322 West 48th Street, 3rd Floor",New York,NY,"10036",(212) 245-4802,Music,Manhattan Council District #3,Manhattan Community Board #4,Manhattan,40.761399,-73.987896,"127","1025108",1010380043,Clinton
"294",Council of Literary Magazines and Presses,"154 Christopher Street, Ste. 3C",New York,NY,"10014",(212) 741-9110 x14,Literature,Manhattan Council District #3,Manhattan Community Board #2,Manhattan,40.73273,-74.008129,"69","1010421",1006040033,West Village
"295",Coyote REP Theatre Company,"360 W 28th St, Apt. 4A",New York,NY,"10001",(917) 584-8796,Theater,Manhattan Council District #3,Manhattan Community Board #4,Manhattan,40.749482,-73.998354,"97","1013462",1007517501,Hudson Yards-Chelsea-Flatiron-Union Square
"296","Create in Chinatown, Inc",150 Elizabeth Street,New York,NY,"10012",(212) 563-0392,,,,Manhattan,40.7203,-73.995083,"41","1088390",1004787501,SoHo-TriBeCa-Civic Center-Little Italy
"297","Creative Alternatives of New York, Inc.",225 West 99th Street,New York,NY,"10025",(212) 222-1969,Theater,Manhattan Council District #8,Manhattan Community Board #7,Manhattan,40.796267,-73.969586,"187","1084035",1018710029,Upper West Side
"298","Creative Ammo, Inc.","18 East 41st Street, Suite 1806",New York,NY,"10017",(212) 807-1337 x14,Theater,Manhattan Council District #4,Manhattan Community Board #4,Manhattan,40.752417,-73.980448,"82","1035324",1012750061,Murray Hill-Kips Bay
"299",Creative Arts Team,"101 West 31st Street, 6th Floor",New York,NY,"10001",(212) 652-2830,Theater,Manhattan Council District #3,Manhattan Community Board #5,Manhattan,40.748084,-73.989588,"101","1015182",1008070039,Midtown-Midtown South
"300",Creative Arts Workshops for Kids,520 Eighth Avenue,New York,NY,"10018",(646) 316-1657,"Multi-Discipline, Non-Perform",Manhattan Council District #8,Manhattan Community Board #11,Manhattan,40.753612,-73.992417,"109","1083624",1007860001,Midtown-Midtown South
"301",Creative Capital Foundation,65 Bleecker Street,New York,NY,"10012",(212) 598-9900,Visual Arts,Manhattan Council District #1,Manhattan Community Board #1,Manhattan,40.726204,-73.995173,"5502","1008454",1005290072,West Village
"302","Creative Center, Inc.",273 Bowery,New York,NY,"10002",(646) 465-5313,"Multi-Discipline, Non-Perform",Manhattan Council District #1,Manhattan Community Board #3,Manhattan,40.723629,-73.992781,"3601","1087241",1004277504,Chinatown
"303","Creative Minds NYC, Inc.","56 Beaver Street, #205",New York,NY,"10004",(212) 742-8091,"Multi-Discipl, Perf & Non-Perf",Manhattan Council District #3,Manhattan Community Board #5,Manhattan,40.705115,-74.010286,"9","1078999",1000297501,Battery Park City-Lower Manhattan
"304","Creative Time, Inc.","59 East 4th Street, #6E",New York,NY,"10003",(212) 206-6674,"Multi-Discipline, Non-Perform",Manhattan Council District #2,Manhattan Community Board #3,Manhattan,40.726785,-73.990807,"38","1082642",1004600056,East Village
"305","Cuala Foundation, Inc.",513 East 13 Street #15,New York,NY,"10009",(212) 260-2302,"Multi-Discipl, Perf & Non-Perf",Manhattan Council District #2,Manhattan Community Board #3,Manhattan,40.729391,-73.98004,"34","1005262",1004070054,East Village
"306",Cuban Artists Fund,41 Union Square West,New York,NY,"10003",(212) 812-4200,"Multi-Discipl, Perf & Non-Perf",Manhattan Council District #2,Manhattan Community Board #5,Manhattan,40.736976,-73.990452,"52","1016089",1008440026,Hudson Yards-Chelsea-Flatiron-Union Square
"307","Cubraiti, Inc.","1763 Second Avenue, Ste. 17P",New York,NY,"10128",(212) 987-4363,"Multi-Discipl, Perf & Non-Perf",Manhattan Council District #2,Manhattan Community Board #3,Manhattan,40.781598,-73.94904,"154","1048914",1015370022,Yorkville
"308","Cultural Center for Soviet Refugees, Inc.","139 East 33rd Street, Apt. 9M",New York,NY,"10016",(212) 686-0199,Literature,Manhattan Council District #2,Manhattan Community Board #6,Manhattan,40.745838,-73.980436,"72","1018492",1008890015,Murray Hill-Kips Bay
"309","Culture For One, Inc.",110 East 42nd Street,New York,NY,"10017",(516) 815-0741,"Multi-Discipl, Perf & Non-Perf",Manhattan Council District #4,Manhattan Community Board #5,Manhattan,40.751807,-73.976944,"80","1083181",1012967501,Murray Hill-Kips Bay
"310","Culture Project, Inc.","49 Bleecker Street, Ste. 602",New York,NY,"10012",(212) 925-1806,"Multi-Discipl, Perf & Non-Perf",Manhattan Council District #1,Manhattan Community Board #2,Manhattan,40.725825,-73.994357,"5502","1008451",1005290062,West Village
"311","Culture Push, Inc.",241 E. 7th Street,New York,NY,"10009",(917) 306-6363,"Multi-Discipl, Perf & Non-Perf",Manhattan Council District #2,Manhattan Community Board #3,Manhattan,40.723836,-73.978253,"2602","1004524",1003770067,Lower East Side
"312","CultureNOW, Inc.","511 West 25th Street, Ste. 707",New York,NY,"10001",(212) 604-0900,"Multi-Discipline, Non-Perform",Manhattan Council District #3,Manhattan Community Board #4,Manhattan,40.749364,-74.004132,"99","1012382",1006970023,Hudson Yards-Chelsea-Flatiron-Union Square
"313","Culturehub, Inc.",65 East 4th Street Box 16,New York,NY,"10003",(347) 633-2055,New Media,Manhattan Council District #1,Manhattan Community Board #2,Manhattan,40.726695,-73.990594,"38","1077980",1004600054,East Village
"314","Cunningham Dance Foundation, Inc.",55 Bethune Street,New York,NY,"10014",(212) 255-8240 x17,Dance,Manhattan Council District #3,Manhattan Community Board #2,Manhattan,40.736955,-74.008494,"79","1012047",1006390001,West Village
"315","Cygnus Ensemble, Inc.","400 West 43rd Street, Apt. 11G",New York,NY,"10036",(914) 665-2254,Music,Manhattan Council District #3,Manhattan Community Board #4,Manhattan,40.759302,-73.992636,"121","1083745",1010520001,Clinton
"316","D.U.M.B.O. Arts Center, Inc.","111 Front Street, #212",Brooklyn,NY,"11201",(718) 694-0831,Visual Arts,Brooklyn Council District #33,Brooklyn Community Board #2,Brooklyn,40.70251,-73.988975,"21","3000088",3000380001,DUMBO-Vinegar Hill-Downtown Brooklyn-Boerum Hill
"317","DG Falu Foundation, Inc.",333 East 118th Street,New York,NY,"10035",(646) 705-3266,"Multi-Discipline, Non-Perform",Manhattan Council District #8,Manhattan Community Board #11,Manhattan,40.797936,-73.93592,"188","1054711",1017950017,East Harlem North
"318","DMF Youth, Inc.",320 West 83rd Street Suite 1A,New York,NY,"10024",(714) 612-3440,Dance,Manhattan Council District #6,Manhattan Community Board #7,Manhattan,40.78727,-73.98012,"171","1033808",1012450034,Upper West Side
"319","DOME Project, Inc.",486 Amsterdam Ave,New York,NY,"10023",(212) 724-1780,"Multi-Discipl, Perf & Non-Perf",Manhattan Council District #7,Manhattan Community Board #9,Manhattan,40.786001,-73.976261,"171","1032781",1012310032,Upper West Side
"320",DREAMMAKER DREAMDOER DREAMSUPPORTER,100 Jay Street,Brooklyn,NY,"11201","0",Film/Video/Audio,Brooklyn Council District #33,Brooklyn Community Board #2,Brooklyn,40.70184,-73.986739,"21","3391186",3000537501,DUMBO-Vinegar Hill-Downtown Brooklyn-Boerum Hill
"321","DUMBO District Management Association, Inc.",20 Jay Street #510,Brooklyn,NY,"11201",(718) 237-8700,Architecture/Design,Brooklyn Council District #33,Brooklyn Community Board #2,Brooklyn,40.704313,-73.986587,"21","3000010",3000190001,DUMBO-Vinegar Hill-Downtown Brooklyn-Boerum Hill
"322","Da Capo Chamber Players, Inc.","215 West 90th Street, Ste. 1G",New York,NY,"10024",(212) 873-1065,Music,Manhattan Council District #6,Manhattan Community Board #7,Manhattan,40.790642,-73.974067,"179","1033556",1012387501,Upper West Side
"323","Dance 2000: The Felice Lesser Dance Theater Foundation, Inc.","484 West 43rd Street,  #9T",New York,NY,"10036",(212) 594-3388,Dance,Manhattan Council District #3,Manhattan Community Board #4,Manhattan,40.76009,-73.994502,"121","1083746",1010520001,Clinton
"324","Dance Continuum, Inc.",545 W 111th St,New York,NY,"10025",(212) 219-0005,Dance,Manhattan Council District #3,Manhattan Community Board #5,Manhattan,40.804624,-73.96571,"199","1075433",1018837501,Morningside Heights
"325","Dance Entropy, Inc.",37-24 24th Street,Long Island City,NY,"11101",(718) 956-3037,Dance,Queens Council District #26,Queens Community Board #2,Queens,40.757018,-73.935833,"33","4439111",4003660001,Queensbridge-Ravenswood-Long Island City
"326","Dance Films Association, Inc.",75 Broad Street,New York,NY,"10004",(212) 727-0764,"Multi-Discipl, Perf & Non-Perf",Manhattan Council District #3,Manhattan Community Board #4,Manhattan,40.704541,-74.011552,"9","1000849",1000290070,Battery Park City-Lower Manhattan
"327","Dance Giant Steps, Inc.","93 Montague Street, Ste. 303",Brooklyn,NY,"11201",(713) 666-6395,Dance,Brooklyn Council District #33,Brooklyn Community Board #2,Brooklyn,40.695133,-73.995503,"501","3255619",3002427501,Brooklyn Heights-Cobble Hill
"328",Dance New Amsterdam,"280 Broadway, 2nd floor",New York,NY,"10007",(212) 625-8369 x201,Dance,Manhattan Council District #1,Manhattan Community Board #1,Manhattan,40.714417,-74.006089,"31","1079215",1001530001,SoHo-TriBeCa-Civic Center-Little Italy
"329","Dance Notation Bureau, Inc.",111 John Street,New York,NY,"10038",(212) 571-7011,Dance,Manhattan Council District #1,Manhattan Community Board #1,Manhattan,40.707671,-74.005764,"1502","1001167",1000750030,Battery Park City-Lower Manhattan
"330","Dance Parade, Inc.","455 FDR Drive, Suite B104",New York,NY,"10002",(262) 880-1270,Dance,Manhattan Council District #6,Manhattan Community Board #7,Manhattan,40.712914,-73.977769,"202","1083400",1002630008,Lower East Side
"331","Dance Ring, Inc.",131 East 10 Street,New York,NY,"10003",(212) 679-0401,Dance,Manhattan Council District #2,Manhattan Community Board #5,Manhattan,40.730471,-73.988432,"40","1006818",1004660026,East Village
"332","Dance Service New York City, Inc.",218 East 18th Street,New York,NY,"10003",(212) 366-6900 x201,Dance,Manhattan Council District #1,Manhattan Community Board #2,Manhattan,40.735518,-73.98474,"48","1019574",1008980046,Gramercy
"333","Dance to Unite, Inc.",222 West 14th Street,New York City,NY,"10011",(917) 744-1080,Dance,Manhattan Council District #3,Manhattan Community Board #4,Manhattan,40.738915,-74.000559,"77","1067572",1006187501,West Village
"334",DanceBreak Foundation,"350 West 42nd Street, Apt 39D",New York,NY,"10036",(212) 315-1516,Dance,Manhattan Council District #3,Manhattan Community Board #4,Manhattan,40.757834,-73.99124,"115","1087264",1010327501,Clinton
"335","DanceWorks, Inc.",75 Broad Street,New York,NY,"10004",(212) 278-8111 x301,Dance,Manhattan Council District #3,Manhattan Community Board #5,Manhattan,40.704541,-74.011552,"9","1000849",1000290070,Battery Park City-Lower Manhattan
"336",Dances For A Variable Population,560 Riverside Dr. Apt 9K,New York,NY,"10027",(347) 683-2691,Dance,Manhattan Council District #9,Manhattan Community Board #9,Manhattan,40.817051,-73.960772,"211","1059891",1019950063,Morningside Heights
"337","Dancing Classrooms, Inc.","1350 Avenue of the Americas, 2nd Floor",New York,NY,"10019",(212) 244-9442,Dance,Manhattan Council District #3,Manhattan Community Board #5,Manhattan,40.762731,-73.978341,"104","1034815",1012700071,Midtown-Midtown South
"338",Daniel's Music Foundation,1641 Third Avenue,New York,NY,"10128",(212) 289-8912,Music,Manhattan Council District #5,Manhattan Community Board #8,Manhattan,40.782491,-73.951292,"154",,,Yorkville
"339","Danisar Productions, Inc.","1 Union Square South, Ste. 17M",New York,NY,"10003",(212) 842-2643,"Multi-Discipline, Performing",Manhattan Council District #8,Manhattan Community Board #11,Manhattan,40.733979,-73.989897,"61","1087083",1005659021,West Village
"340","Dansology, Inc.",515 East 6th Street,New York,NY,"10009",(212) 375-0186,Dance,Manhattan Council District #7,Manhattan Community Board #2,Manhattan,40.725234,-73.983372,"32","1005112",1004020057,East Village
"341",Dare2Draw,23 West 73rd Street,New York,NY,"10023",(917) 864-6242,Visual Arts,Manhattan Council District #6,Manhattan Community Board #7,Manhattan,40.777182,-73.976108,"157","1028661",1011260014,Lincoln Square
"342",Death By Audio,49 South 2nd St,Brooklyn,NY,"11221",(518) 321-4651,Music,Brooklyn Council District #33,Brooklyn Community Board #1,Brooklyn,40.71452,-73.965955,"551","3062892",3024030041,North Side-South Side
"343","Deep Dish T.V., Inc.",339 Lafayette Street,New York,NY,"10012",(212) 473-8933,Film/Video/Audio,Manhattan Council District #1,Manhattan Community Board #2,Manhattan,40.726036,-73.994559,"5502","1008452",1005290065,West Village
"344","Design Trust for Public Space, Inc.",40 Worth Street,New York,NY,"10013",(212) 695-2432 x10,Architecture/Design,Manhattan Council District #3,Manhattan Community Board #4,Manhattan,40.717363,-74.006897,"33","1001622",1001480015,SoHo-TriBeCa-Civic Center-Little Italy
"345",Developing Artists Theater Company,12 5th Avenue,New York,NY,"10011",(917) 512-7976,"Multi-Discipline, Performing",Manhattan Council District #2,Manhattan Community Board #6,Manhattan,40.732484,-73.996193,"63","1009431",1005720043,West Village
"346","Dharma Road Productions, Inc.","123 4th Ave, 2nd FL",New York,NY,"10003",(212) 677-8621,"Multi-Discipl, Perf & Non-Perf",Manhattan Council District #2,Manhattan Community Board #3,Manhattan,40.733114,-73.989944,"42","1009008",1005580005,East Village
"347",Dia Center for the Arts,"535 West 22nd Street, 4th Floor",New York,NY,"10011",(212) 293-5505,Visual Arts,Manhattan Council District #4,Manhattan Community Board #4,Manhattan,40.747495,-74.005756,"99","1012326",1006940014,Hudson Yards-Chelsea-Flatiron-Union Square
"348",Dicapo Opera Theatre Corp.,"220 East 54th Street, Ste. 11J",New York,NY,"10022",(212) 288-9438 x11,Music,Manhattan Council District #4,Manhattan Community Board #8,Manhattan,40.758033,-73.968261,"98","1038567",1013270037,Turtle Bay-East Midtown
"349","Dieu Donne Paper Mill, Inc.","63 Flushing Avenue, Unit 112",Brooklyn,NY,"11205",(212) 226-0573 x304,Visual Arts,Manhattan Council District #3,Manhattan Community Board #5,Brooklyn,40.69802,-73.974986,"543","3335129",3020230001,park-cemetery-etc-Brooklyn
"350","Diller-Quaile School of Music, Inc.",24 East 95th Street,New York,NY,"10128",(212) 369-1484 x22,Music,Manhattan Council District #4,Manhattan Community Board #8,Manhattan,40.786829,-73.955341,"16001","1047407",1015060060,Upper East Side-Carnegie Hill
"351",Diocese of the Armenian Church of America (Eastern),630 Second Avenue,New York,NY,"10016",(212) 686-0710,"Multi-Discipl, Perf & Non-Perf",Manhattan Council District #2,Manhattan Community Board #6,Manhattan,40.745082,-73.975647,"78","1081682",1009400001,Murray Hill-Kips Bay
"352","Direct Arts, Inc.","647 East 11th Street, Apt. 2",New York,NY,"10009",(917) 941-7926,"Multi-Discipl, Perf & Non-Perf",Manhattan Council District #2,Manhattan Community Board #3,Manhattan,40.72672,-73.977678,"28","1004914",1003940044,Lower East Side
"353",Divaria Productions Inc,63 Thompson Street Apt 4D,New York,NY,"10012",(917) 250-2087,Music,Manhattan Council District #3,Manhattan Community Board #2,Manhattan,40.724211,-74.0032,"47","1007366",1004890035,SoHo-TriBeCa-Civic Center-Little Italy
"354","Doing Art Together, Inc.","1841 Broadway,  Apt. 704",New York,NY,"10023",(212) 245-8134,Visual Arts,Manhattan Council District #6,Manhattan Community Board #7,Manhattan,40.769158,-73.982429,"145","1027189",1011130018,Lincoln Square
"355","Dominican Sunday, Inc.",175 West 107th Street,New York,NY,"10025",(212) 749-0781,Folk Arts,Manhattan Council District #8,Manhattan Community Board #7,Manhattan,40.800734,-73.964296,"193","1055983",1018620001,Morningside Heights
"356",Dorsky Gallery Curatorial Programs,11-03 45 Avenue,Long Island City,NY,"11101",(718) 937-6317,Visual Arts,Queens Council District #26,Queens Community Board #2,Queens,40.747722,-73.94943,"7","4000441",4000520020,Hunters Point-Sunnyside-West Maspeth
"357",Double Decker Productions,484 W.43rd Street,New York,NY,"10036",(646) 765-5292,Theater,Manhattan Council District #3,Manhattan Community Board #4,Manhattan,40.76009,-73.994502,"121","1083746",1010520001,Clinton
"358","Dova, Inc.","260 West Broadway, Suite 4",New York,NY,"10013",(212) 279-3344,Dance,Manhattan Council District #1,Manhattan Community Board #2,Manhattan,40.720404,-74.00544,"33","1002740",1002127501,SoHo-TriBeCa-Civic Center-Little Italy
"359","Downtown Art Company, Inc.",70 East 4th Street,New York,NY,"10003",(917) 587-6889,Theater,Manhattan Council District #2,Manhattan Community Board #3,Manhattan,40.726563,-73.990331,"38","1077966",1004590021,East Village
"360",Downtown Community Television Center,87 Lafayette Street,New York,NY,"10013",(212) 966-4510 x245,Film/Video/Audio,Manhattan Council District #1,Manhattan Community Board #1,Manhattan,40.717324,-74.00154,"31","1002355",1001970001,SoHo-TriBeCa-Civic Center-Little Italy
"361","Downtown Music Productions, Inc.","310 East 12th Street, Apt. 2H",New York,NY,"10003",(212) 477-1594,Music,Manhattan Council District #2,Manhattan Community Board #1,Manhattan,40.730789,-73.985391,"40","1082513",1004530011,East Village
"362",Drama Dept. Incorporated,"9 Desbrosses Street, 2nd floor",New York,NY,"10013",(212) 633-9108,Theater,Manhattan Council District #1,Manhattan Community Board #1,Manhattan,40.723343,-74.008698,"39","1002856",1002227503,SoHo-TriBeCa-Civic Center-Little Italy
"363","Drama League of New York, Inc.",32 Avenue of the Americas,New York,NY,"10013",(212) 244-9494 x6,Theater,Manhattan Council District #3,Manhattan Community Board #5,Manhattan,40.72008,-74.005184,"33","1002192",1001920001,SoHo-TriBeCa-Civic Center-Little Italy
"364","Drawing Center, Inc.",35 Wooster Street,New York,NY,"10013",(212) 219-2166 x115,Museum,Manhattan Council District #1,Manhattan Community Board #2,Manhattan,40.722268,-74.002753,"47","1007088",1004757502,SoHo-TriBeCa-Civic Center-Little Italy
"365",Drilling Company Theatrical Productions,"107 West 82nd Street, Ste. 1A",New York,NY,"10024",(917) 330-4234,Theater,Manhattan Council District #6,Manhattan Community Board #7,Manhattan,40.78414,-73.9746,"169","1081465",1012137504,Upper West Side
"366","Dynamic Forms, Inc.","107 Suffolk Street, Ste. 310",New York,NY,"10002",(212) 375-9214,Dance,Manhattan Council District #1,Manhattan Community Board #1,Manhattan,40.718943,-73.986122,"1402","1004301",1003530054,Lower East Side
"367","E. Monte Motion, Inc.","481 8th Avenue, Ste. 543",New York,NY,"10001",(212) 868-4488,Dance,Manhattan Council District #3,Manhattan Community Board #4,Manhattan,40.752295,-73.993402,"111","1013561",1007580037,Hudson Yards-Chelsea-Flatiron-Union Square
"368","ENSEMBLE MISE-EN, Inc.",24 Waverly Place  Rm 268,New York,NY,"10003",(217) 721-8936,Music,Manhattan Council District #1,Manhattan Community Board #2,Manhattan,40.730398,-73.994938,"59","1008822",1005470005,West Village
"369","Early Music Foundation, Inc.",10 West 68th Street,New York,NY,"10023",(212) 749-6600,Music,Manhattan Council District #6,Manhattan Community Board #7,Manhattan,40.773809,-73.978211,"153","1028244",1011200033,Lincoln Square
"370","Early Stages Program, Inc.","27 West 20th Street, Ste. 706",New York,NY,"10011",(917) 842-2572,"Multi-Discipl, Perf & Non-Perf",Manhattan Council District #3,Manhattan Community Board #4,Manhattan,40.740136,-73.992021,"54","1015491",1008220015,Hudson Yards-Chelsea-Flatiron-Union Square
"371","Earth Celebrations, Inc.",199 Bowery Apt. 8B,New York,NY,"10002",(212) 777-7969,"Multi-Discipl, Perf & Non-Perf",Manhattan Council District #1,Manhattan Community Board #3,Manhattan,40.72115,-73.993701,"18","1087253",1004257502,Chinatown
"372",East Harlem Arts & Education Local Development Corporation,1 East 104th Street,New York,NY,"10029",(212) 427-2244,"Multi-Discipline, Non-Perform",Manhattan Council District #8,Manhattan Community Board #11,Manhattan,40.792888,-73.951826,"168","1051499",1016100001,East Harlem South
"373","East River Ensemble, Inc.","58 Grand Street, 1st Floor",Brooklyn,NY,"11211",(718) 387-5179,Theater,Brooklyn Council District #33,Brooklyn Community Board #1,Brooklyn,40.715908,-73.965099,"551","3335767",3023900018,North Side-South Side
"374","Edge Theater Company, Inc.","880 Third Avenue, 16th floor",New York,NY,"10022",(212) 350-7244,Theater,Manhattan Council District #4,Manhattan Community Board #6,Manhattan,40.75791,-73.969254,"100","1036473",1013080033,Turtle Bay-East Midtown
"375","Education Through Music, Inc.","122 East 42nd Street, Ste. 1501",New York,NY,"10168",(212) 972-4788,Music,Manhattan Council District #4,Manhattan Community Board #5,Manhattan,40.751601,-73.97645,"80","1036152",1012960014,Murray Hill-Kips Bay
"376","Educational Alliance, Inc.",197 East Broadway,New York,NY,"10002",(212) 780-2300 x324,Visual Arts,Manhattan Council District #1,Manhattan Community Board #3,Manhattan,40.714211,-73.988302,"6","1003704",1002850029,Lower East Side
"377",Educational Broadcasting Corporation,450 West 33rd Street,New York,NY,"10001",(212) 560-1321,Film/Video/Audio,Manhattan Council District #3,Manhattan Community Board #4,Manhattan,40.753574,-73.998838,"103","1089695",0,Hudson Yards-Chelsea-Flatiron-Union Square
"378","Educational Theater of New York, Inc.",228 East 45th Street,New York,NY,"10017",(646) 733-7685,Theater,Manhattan Council District #4,Manhattan Community Board #6,Manhattan,40.752355,-73.972266,"90","1037578",1013180033,Turtle Bay-East Midtown
"379","Educational Video Center, Inc.",16 Clarkson Street,New York,NY,10014-4301,(212) 465-9366,Film/Video/Audio,Manhattan Council District #3,Manhattan Community Board #5,Manhattan,40.729412,-74.006148,"67","1009757",1005810054,West Village
"380","Either/Or, Inc.",200 E 32ND ST APT 16D,New York,NY,"10016",(646) 331-5895,Music,Manhattan Council District #4,Manhattan Community Board #6,Manhattan,40.74432,-73.978787,"70","1077352",1009127502,Murray Hill-Kips Bay
"381","El Puente De Williamsburg, Inc.",211 South 4th Street,Brooklyn,NY,"11211",(718) 387-0404,"Multi-Discipl, Perf & Non-Perf",Brooklyn Council District #34,Brooklyn Community Board #1,Brooklyn,40.710686,-73.959655,"523","3063295",3024330001,North Side-South Side
"382",Elaine Kaufman Cultural Center/Lucy Moses School for Music and Dance,129 West 67th Street,New York,NY,"10023",(212) 501-3313,Music,Manhattan Council District #6,Manhattan Community Board #7,Manhattan,40.774919,-73.982745,"153","1081024",1011390008,Lincoln Square
"383","Elder Craftsmen, Inc.","307 Seventh Avenue, Ste. 1401",New York,NY,"10001",(212) 319-8128 x10,Visual Arts,Manhattan Council District #3,Manhattan Community Board #5,Manhattan,40.746869,-73.993616,"95","1015061",1008030004,Midtown-Midtown South
"384",Electronic Arts Intermix,"535 West 22nd Street, Fifth Floor",New York,NY,"10011",(212) 337-0680 x14,Film/Video/Audio,Manhattan Council District #3,Manhattan Community Board #4,Manhattan,40.747495,-74.005756,"99","1012326",1006940014,Hudson Yards-Chelsea-Flatiron-Union Square
"385","Electronic Music Foundation, Inc.",307 Seventh Ave Room 1402,New York,NY,"10001",(518) 434-4110,Music,Manhattan Council District #3,Manhattan Community Board #4,Manhattan,40.746869,-73.993616,"95","1015061",1008030004,Midtown-Midtown South
"386",Elizabeth Foundation for the Arts,"323 West 39th Street, 11th Floor",New York,NY,"10018",(212) 563-5855,Visual Arts,Manhattan Council District #3,Manhattan Community Board #4,Manhattan,40.755707,-73.992045,"115","1013682",1007637502,Clinton
"387","Ellen Beckerman & Company, Inc.","64 Fulton Street, Ste. 403",New York,NY,"10038",(212) 346-0020,Theater,Manhattan Council District #1,Manhattan Community Board #1,Manhattan,40.708769,-74.005136,"1502","1001176",1000760001,Battery Park City-Lower Manhattan
"388",Emerging Artists Theatre Company,"15 West 28th Street, Third Floor",New York,NY,"10001",(212) 247-2429,Theater,Manhattan Council District #3,Manhattan Community Board #4,Manhattan,40.74515,-73.988383,"76","1015728",1008300030,Midtown-Midtown South
"389","Enact, Inc.","630 Ninth Avenue, Ste. 301",New York,NY,"10036",(212) 741-6591 x12,"Multi-Discipline, Performing",Manhattan Council District #3,Manhattan Community Board #4,Manhattan,40.760038,-73.991449,"121","1024982",1010350001,Clinton
"390",Endangered Language Alliance,3 W 18th St,New York,NY,"10011",(646) 225-6613,Folk Arts,Manhattan Council District #2,Manhattan Community Board #5,Manhattan,40.738736,-73.992321,"54","1015450",1008200036,Hudson Yards-Chelsea-Flatiron-Union Square
"391",English-Speaking Union of the U.S.,144 East 39th Street,New York,NY,"10016",(212) 818-1200 x218,"Multi-Discipl, Perf & Non-Perf",Manhattan Council District #4,Queens Community Board #6,Manhattan,40.749351,-73.976999,"80","1019152",1008940056,Murray Hill-Kips Bay
"392","Ensemble 212, Inc.",301 W 45th St,New York,NY,"10036",(646) 266-9632,Music,Manhattan Council District #3,Manhattan Community Board #4,Manhattan,40.759351,-73.988814,"121","1025011",1010360029,Clinton
"393","Ensemble Studio Theatre, Inc.",545 West 52nd Street,New York,NY,"10019",(212) 247-4982 x15,Theater,Manhattan Council District #3,Manhattan Community Board #4,Manhattan,40.766642,-73.992538,"135","1083290",1010810080,Clinton
"394",Ensemble for the Romantic Century,"214 West 50th Street, Suite 301",New York,NY,"10019",(212) 288-8020,"Multi-Discipl, Perf & Non-Perf",Manhattan Council District #4,Manhattan Community Board #8,Manhattan,40.761585,-73.984456,"125","1024803",1010210048,Midtown-Midtown South
"395","Epic Theatre Center, Inc.","410 West 42nd Street, #4E1",New York,NY,"10036",(212) 239-1770,Theater,Manhattan Council District #6,Manhattan Community Board #7,Manhattan,40.758652,-73.993185,"115","1026330",1010510029,Clinton
"396","Epiphany Magazine, Inc.",71 Bedford St.,New York,NY,"10014",(646) 221-8834,Literature,Manhattan Council District #3,Manhattan Community Board #2,Manhattan,40.731298,-74.00481,"67","1009833",1005840033,West Village
"397","Epiphany Theater Company, Inc.","154 Christopher Street, Ste. 2B",New York,NY,"10014",(646) 638-0252,Theater,Manhattan Council District #3,Manhattan Community Board #2,Manhattan,40.73273,-74.008129,"69","1010421",1006040033,West Village
"398","Episcopal Actors' Guild of America, Inc.",1 East 29th Street,New York,NY,"10016",(212) 685-2927,"Multi-Discipl, Perf & Non-Perf",Manhattan Council District #4,Manhattan Community Board #5,Manhattan,40.745208,-73.9866,"74","1016925",1008590005,Midtown-Midtown South
"399","Equus Projects, Inc.",121 West 17th St. Apt. 4B,New York,NY,"10011",(212) 924-1336,Dance,Manhattan Council District #3,Manhattan Community Board #4,Manhattan,40.739675,-73.996384,"81","1014653",1007930022,Hudson Yards-Chelsea-Flatiron-Union Square
"400",Errol Grimes Dance Group,50 Taaffe Place,Brooklyn,NY,"11205",(718) 596-0560,Dance,Brooklyn Council District #35,Brooklyn Community Board #2,Brooklyn,40.697358,-73.960854,"191","3334522",3018810047,Clinton Hill
"401","Esperanza del Barrio, Inc.",2290 Second Avenue,New York,NY,"10035",(212) 289-9025,"Multi-Discipline, Non-Perform",Manhattan Council District #8,Manhattan Community Board #11,Manhattan,40.798014,-73.937025,"188","1052994",1016890052,East Harlem North
"402",Ethel's Foundation for the Arts,"132 East 43rd Street, #213",New York,NY,"10017",(914) 841-7405,Music,Manhattan Council District #4,Manhattan Community Board #6,Manhattan,40.751969,-73.97523,"92","1036156",1012970023,Turtle Bay-East Midtown
"403","Eugenio Maria de Hostos Community College Foundation, Inc.",450 Grand Concourse,Bronx,NY,"10451",(718) 518-4300,"Multi-Discipline, Performing",Bronx Council District #17,Bronx Community Board #1,Bronx,40.817315,-73.927859,"51","2090411",2023430014,Mott Haven-Port Morris
"404",Evangelical Lutheran Church of the Advent,2504 Broadway,New York,NY,"10025",(212) 665-2504,Music,Manhattan Council District #6,Manhattan Community Board #7,Manhattan,40.792848,-73.973084,"179","1033646",1012410020,Upper West Side
"405","Exit Art/The First World, Inc.","475 Tenth Avenue, 1st Floor",New York,NY,"10018",(212) 966-7745 x11,Visual Arts,Manhattan Council District #3,Manhattan Community Board #4,Manhattan,40.756154,-73.998018,"99","1012493",1007080031,Hudson Yards-Chelsea-Flatiron-Union Square
"406","Eyebeam Atelier, Inc.","199 Cook Street, Suite 104",Brooklyn,NY,"11206",(212) 937-6580 x33,New Media,,,Brooklyn,40.703108,-73.935312,"485","3071579",3031170037,Bushwick South
"407",FCBC Community Development Corporation,1912 Adam Clayton Powell Jr. Blvd.,New York,NY,"10026",(212) 678-7030,Theater,Manhattan Council District #9,Manhattan Community Board #10,Manhattan,40.802841,-73.952813,"218","1055238",1018310033,Central Harlem South
"408","FRIGID New York, Inc.",85 East 4th Street,New York,NY,"10003",(917) 270-0608,Theater,Manhattan Council District #2,Manhattan Community Board #3,Manhattan,40.726393,-73.989887,"38","1006599",1004600044,East Village
"409",Failte Care Corporation,1040 Jackson Avenue,Long Island City,NY,"11101",(718) 482-0909,Folk Arts,Queens Council District #26,Queens Community Board #2,Queens,40.742199,-73.953274,"7","4436600",4000400016,Hunters Point-Sunnyside-West Maspeth
"410","Fantastic Experimental Latino Theater, Inc.","107 Suffolk Street, Ste. 311",New York,NY,"10002",(212) 228-3705,Theater,Manhattan Council District #1,Manhattan Community Board #3,Manhattan,40.718943,-73.986122,"1402","1004301",1003530054,Lower East Side
"411","Fashion Center District Management Association, Inc.","209 West 38th Street, Second Floor",New York,NY,"10018",(212) 764-9600,"Multi-Discipl, Perf & Non-Perf",Manhattan Council District #3,Manhattan Community Board #5,Manhattan,40.753769,-73.98937,"113","1014480",1007880037,Midtown-Midtown South
"412","Fault Line Theatre, Inc.","520 8th Ave., Suite 318",New York,NY,"10018",(646) 801-1085,Theater,Manhattan Council District #3,Manhattan Community Board #5,Manhattan,40.753612,-73.992417,"109","1083624",1007860001,Midtown-Midtown South
"413","Federation Employment & Guidance Service, Inc.",315 Hudson Street,New York,NY,"10013",(212) 366-8032,Theater,Manhattan Council District #3,Manhattan Community Board #2,Manhattan,40.72631,-74.00749,"37","1010362",1005970012,SoHo-TriBeCa-Civic Center-Little Italy
"414","Feminist Press, Inc.","365 Fifth Avenue, Ste. 5406",New York,NY,"10016",(212) 817-7929,Literature,Manhattan Council District #3,Manhattan Community Board #5,Manhattan,40.748822,-73.984268,"74","1017097",1008647502,Midtown-Midtown South
"415","Festival of North American Orchestras, Inc.",470 Park Avenue South,New York,NY,"10016",(212) 683-6060,Music,Manhattan Council District #2,Manhattan Community Board #5,Manhattan,40.745492,-73.982515,"74","1080788",1008610044,Midtown-Midtown South
"416",Fiasco Theater LTD,80 Madison Ave,New York,NY,"10016",(646) 845-9073,Theater,Manhattan Council District #3,Manhattan Community Board #6,Manhattan,40.744104,-73.985637,"74","1016899",1008580014,Midtown-Midtown South
"417","Figment Project, Inc.","111 East 14th Street, #369",New York,NY,"10003",(212) 333-2203,"Multi-Discipl, Perf & Non-Perf",Manhattan Council District #1,Manhattan Community Board #2,Manhattan,40.73419,-73.989294,"50","1083247",1008707501,Gramercy
"418",Figure Skating in Harlem,"361 West 125th Street, 4th Floor",New York,NY,"10027",(646) 698-3440,Other,Manhattan Council District #7,Manhattan Community Board #10,Manhattan,40.810952,-73.953005,"20901","1059308",1019520009,Morningside Heights
"419",Fiji Theatre Company,"47 Great Jones Street, Sixth Floor",New York,NY,"10012",(212) 529-1557 x202,Theater,Manhattan Council District #1,Manhattan Community Board #2,Manhattan,40.726739,-73.992528,"5502","1008483",1005307503,West Village
"420","Film Forum, Inc.",209 West Houston Street,New York,NY,"10014",(212) 627-2035 x303,Film/Video/Audio,Manhattan Council District #3,Manhattan Community Board #2,Manhattan,40.728493,-74.00425,"37","1008118",1005200001,SoHo-TriBeCa-Civic Center-Little Italy
"421",Film Society of Lincoln Center,165 West 65th Street,New York,NY,"10023",(212) 875-5618,Film/Video/Audio,Manhattan Council District #6,Manhattan Community Board #7,Manhattan,40.773742,-73.983865,"149","1077844",1011377501,Lincoln Square
"422",Finland Center Foundation,47 Fifth Avenue,New York,NY,"10003",(646) 704-8000,Music,Manhattan Council District #2,Manhattan Community Board #2,Manhattan,40.73435,-73.994808,"61","1009274",1005690004,West Village
"423",Fiorello H LaGuardia Community College Auxiliary Enterprises Corporation,3110 Thomson Ave.,Long Island City,NY,"11101",(718) 482-5151,"Multi-Discipline, Performing",Queens Council District #26,Queens Community Board #2,Queens,40.744902,-73.935022,"179","4003534",4002780001,Hunters Point-Sunnyside-West Maspeth
"424","Firelight Media, Inc.",324 Convent Avenue,New York,NY,"10031",(212) 234-1324,Film/Video/Audio,Manhattan Council District #7,Manhattan Community Board #9,Manhattan,40.823616,-73.946991,"227","1061280",1020590012,Hamilton Heights
"425","Flea Theater, Inc.",41 White Street,New York,NY,"10013",(212) 226-0051 x104,"Multi-Discipline, Performing",Manhattan Council District #1,Manhattan Community Board #1,Manhattan,40.718664,-74.004452,"33","1001931",1001750019,SoHo-TriBeCa-Civic Center-Little Italy
"426","Fluid Motion Theater & Film, Inc.","109 West 27th Street, Ste. 9A",New York,NY,"10001",(917) 459-8181,Theater,Manhattan Council District #3,Manhattan Community Board #5,Manhattan,40.745735,-73.991689,"95","1015070",1008030029,Midtown-Midtown South
"427","Flying Fig Theater, Inc.","161 Sixth Avenue, 14th Floor",New York,NY,"10013",(212) 691-6969 x13,Theater,,Manhattan Community Board #2,Manhattan,40.725677,-74.003976,"37","1007822",1005050031,SoHo-TriBeCa-Civic Center-Little Italy
"428",Folksbiene Yiddish Theatre,36 Battery Place,New York,NY,"10280",(212) 213-2120,Theater,Manhattan Council District #3,Manhattan Community Board #4,Manhattan,40.705806,-74.018001,"31704","1084594",1000160010,Battery Park City-Lower Manhattan
"429","Fortune Society, Inc.",2976 Northern Blvd.,Long Island City,NY,"11101",(212) 691-7554,"Multi-Discipl, Perf & Non-Perf",Queens Council District #26,Queens Community Board #1,Queens,40.750433,-73.935323,"171","4003410",4002390049,Hunters Point-Sunnyside-West Maspeth
"430",Forum for Urban Design,29-10 Thomson Avenue,Long Island City,NY,"11101",(718) 663-8475,Architecture/Design,Queens Council District #26,Queens Community Board #2,Queens,40.745216,-73.937602,"1","4003516",4002730001,Hunters Point-Sunnyside-West Maspeth
"431","Forum on Law, Culture & Society, Inc.",140 West 62nd Street,New York,NY,"10023",(212) 636-6945,Film/Video/Audio,Manhattan Council District #6,Manhattan Community Board #7,Manhattan,40.771609,-73.984652,"145","1028829",1011320001,Lincoln Square
"432","Forward Motion Theatre, Inc.","43-01 21st Street, Ste. 230",Long Island City,NY,"11101",(646) 710-0395,"Multi-Discipline, Performing",Queens Council District #26,Queens Community Board #2,Queens,40.750564,-73.945718,"19","4005198",4004410016,Hunters Point-Sunnyside-West Maspeth
"433",Foundation,413 East 120 St,New York,NY,"10035",(917) 403-6875,Visual Arts,Manhattan Council District #8,Manhattan Community Board #11,Manhattan,40.798371,-73.932987,"192","1054888",1018080008,East Harlem North
"434","Foundation for Contemporary Arts, Inc.",820 Greenwich Street,New York,NY,"10014",(212) 807-7077,"Multi-Discipline, Non-Perform",Manhattan Council District #3,Manhattan Community Board #2,Manhattan,40.738354,-74.006477,"79","1012144",1006420062,West Village
"435","Foundation for Dance Promotion, Inc.","27 West 120th Street, #1",New York,NY,"10027",(212) 426-6655 x111,Dance,Manhattan Council District #9,Manhattan Community Board #10,Manhattan,40.804112,-73.946664,"200","1053315",1017200001,Central Harlem South
"436","Foundation for Independent Artists, Inc.","246 West 38th Street, 4th Floor",New York,NY,"10018",(212) 278-8111 x301,Dance,Manhattan Council District #3,Manhattan Community Board #5,Manhattan,40.754079,-73.990154,"109","1014465",1007870067,Midtown-Midtown South
"437",Foundation for the Advance of Dance,"55 Bethune Street, 630A",New York,NY,"10014",(212) 989-2250,Film/Video/Audio,Manhattan Council District #8,Manhattan Community Board #3,Manhattan,40.736955,-74.008494,"79","1012047",1006390001,West Village
"438","Foundry Theatre, Inc.","140-142 Second Avenue, Ste. 405",New York,NY,"10003",(212) 777-1444,Theater,Manhattan Council District #2,Manhattan Community Board #3,Manhattan,40.728956,-73.987401,"38","1006362",1004500006,East Village
"439","Fountain House, Inc.",425 West 47th Street,New York,NY,"10036",(212) 765-2294,"Multi-Discipline, Non-Perform",Manhattan Council District #3,Manhattan Community Board #4,Manhattan,40.762,-73.991225,"127","1026562",1010570021,Clinton
"440",Four Borough Neighborhood Preservation Alliance Foundation,"215 Adams Street, #12H",Brooklyn,NY,"11201",(212) 751-0038,Architecture/Design,Brooklyn Council District #33,Brooklyn Community Board #2,Brooklyn,40.697545,-73.988673,"13","3325913",3000860011,DUMBO-Vinegar Hill-Downtown Brooklyn-Boerum Hill
"441","Fourth Arts Block, Inc.",61 East 4th Street,New York,NY,"10003",(212) 228-4670,"Multi-Discipl, Perf & Non-Perf",Manhattan Council District #2,Manhattan Community Board #3,Manhattan,40.726755,-73.990735,"38","1082642",1004600056,East Village
"442",Frederick Douglass Creative Arts Center,270 West 96th Street,New York,NY,"10025",(212) 864-3375,"Multi-Discipl, Perf & Non-Perf",Manhattan Council District #9,Manhattan Community Board #7,Manhattan,40.794981,-73.972584,"183","1033711",1012430060,Upper West Side
"443","Free Arts for Abused Children of New York City, Inc.","1431 Broadway, 7th floor",New York,NY,"10018",(212) 974-9092,"Multi-Discipline, Non-Perform",Manhattan Council District #3,Manhattan Community Board #5,Manhattan,40.754531,-73.987086,"113","1022561",1009930007,Midtown-Midtown South
"444",Freestyle Repertory Theatre,"120 West 86th Street, Apt. 1A",New York,NY,"10024",(212) 362-4978,Theater,Manhattan Council District #6,Manhattan Community Board #7,Manhattan,40.786769,-73.972866,"169","1032176",1012160140,Upper West Side
"445",French Institute-Alliance Francaise,22 East 60th Street,New York,NY,"10022",(646) 388-6622,"Multi-Discipl, Perf & Non-Perf",Manhattan Council District #4,Manhattan Community Board #8,Manhattan,40.764091,-73.970684,"11401","1040761",1013740047,Upper East Side-Carnegie Hill
"446",Frere Independent,"149 West 24th Street, #3A",New York,NY,"10011",(646) 827-9205,Film/Video/Audio,Manhattan Council District #3,Manhattan Community Board #4,Manhattan,40.744165,-73.99371,"91","1014973",1008000010,Hudson Yards-Chelsea-Flatiron-Union Square
"447",Frick Collection,1 East 70th Street,New York,NY,"10021",(212) 991-5770,Museum,Manhattan Council District #4,Manhattan Community Board #8,Manhattan,40.771054,-73.967749,"130","1081212",1013850001,Upper East Side-Carnegie Hill
"448",Friends of City Reliquary Incorporated,370 Metropolitan Avenue,New York,NY,"11211",(718) 782-4842,Museum,Brooklyn Council District #34,Brooklyn Community Board #1,Brooklyn,40.714077,-73.955711,"519","3062502",3023690011,North Side-South Side
"449","Friends of Hudson River Park, Inc.",305 Seventh Avenue,New York,NY,"10001",(212) 757-0981,,,,Manhattan,40.746817,-73.993655,"95","1015060",1008037502,Midtown-Midtown South
"450",Friends of the High Line,820 Washington Street,New York,NY,"10014",(212) 206-9922,Other,Manhattan Council District #3,Manhattan Community Board #4,Manhattan,40.739587,-74.008036,"79","1089240",1006440010,West Village
"451","Friends of the New York City Fire Department Collection, Inc.",278 Spring Street,New York,NY,"10013",(212) 691-1303 x11,Museum,Manhattan Council District #3,Manhattan Community Board #2,Manhattan,40.725767,-74.006851,"37","1009739",1005790011,SoHo-TriBeCa-Civic Center-Little Italy
"452",Friends of the Upper East Side Historic Districts,966 Lexington Avenue,New York,NY,"10021",(212) 535-2526,Architecture/Design,Manhattan Council District #4,Manhattan Community Board #8,Manhattan,40.769356,-73.962995,"128","1042724",1014050016,Upper East Side-Carnegie Hill
"453","Frog & Peach Theatre Company, Inc.","840 West End Avenue, Apt. B1",New York,NY,"10025",(212) 953-1104,Theater,Manhattan Council District #6,Manhattan Community Board #7,Manhattan,40.798464,-73.970856,"187","1056498",1018730001,Upper West Side
"454",Futuro Media Group,361 W. 125th Street,New York,NY,"10027",(646) 571-1220,Humanities,Manhattan Council District #9,Manhattan Community Board #9,Manhattan,40.810952,-73.953005,"20901","1059308",1019520009,Morningside Heights
"455","Games for Change, Inc.","16 East 34th Street, 18th Floor",New York,NY,"10016",(212) 228-7855 x13,New Media,Manhattan Council District #1,Manhattan Community Board #2,Manhattan,40.748147,-73.983889,"74","1017077",1008630013,Midtown-Midtown South
"456",General Society of Mechanics and Tradesmen of the City,20 West 44th Street,New York,NY,"10036",(212) 840-1840,"Multi-Discipline, Non-Perform",Manhattan Council District #4,Manhattan Community Board #5,Manhattan,40.755156,-73.980848,"96","1034214",1012590048,Midtown-Midtown South
"457","Generations Project, Inc.","601 W 26th Street, Rm 325-268",New York,NY,"10001",(917) 341-6021,"Multi-Discipl, Perf & Non-Perf",Manhattan Council District #3,Manhattan Community Board #4,Manhattan,40.750934,-74.005955,"99","1012268",1006720001,Hudson Yards-Chelsea-Flatiron-Union Square
"458","George London Foundation for Singers, Inc.",157 Columbus Ave,New York,NY,"10023",(646) 461-3578,Music,Manhattan Council District #6,Manhattan Community Board #7,Manhattan,40.774318,-73.981038,"153","1028260",1011207501,Lincoln Square
"459","Gertrude Stein Repertory Theatre, Inc.","2647 Broadway, Suite 5W",New York,NY,"10025",(212) 725-0436,"Multi-Discipline, Performing",Manhattan Council District #3,Manhattan Community Board #5,Manhattan,40.797478,-73.969734,"187","1056486",1018720052,Upper West Side
"460","Ghetto Film School, Inc.",79 Alexander Ave,Bronx,NY,"10454",(718) 589-5470,Film/Video/Audio,Manhattan Council District #8,Bronx Community Board #1,Bronx,40.806267,-73.927915,"19","2000683",2023080015,Mott Haven-Port Morris
"461","Gilgamesh Theatre Group, Inc.","425 West 46th Street, Apt. 3A",New York,NY,"10036",(917) 673-9138,"Multi-Discipline, Performing",Manhattan Council District #3,Manhattan Community Board #4,Manhattan,40.76138,-73.991661,"127","1079041",1010560019,Clinton
"462","Gina Gibney Dance, Inc.","890 Broadway, Studio 5-2",New York,NY,"10003",(212) 677-8560,Dance,Manhattan Council District #1,Manhattan Community Board #1,Manhattan,40.738604,-73.989911,"52","1016163",1008487502,Hudson Yards-Chelsea-Flatiron-Union Square
"463","Gingold Theatrical Group, Inc.",520 8th Avenue,New York,NY,"10018",(212) 355-7823,Theater,Manhattan Council District #3,Manhattan Community Board #5,Manhattan,40.753612,-73.992417,"109","1083624",1007860001,Midtown-Midtown South
"464","Girls Write Now, Inc.",247 West 37 Street,New York,NY,"10018",(212) 691-6590 x202,Literature,Manhattan Council District #3,Manhattan Community Board #4,Manhattan,40.753475,-73.990594,"109","1014454",1007870011,Midtown-Midtown South
"465","Giulio Gari Foundation, Inc",175 W. 72nd St,New York,NY,"10023",(212) 874-3934,Other,Manhattan Council District #6,Manhattan Community Board #7,Manhattan,40.778306,-73.980889,"157","1029916",1011440001,Lincoln Square
"466","Glass Farm Ensemble, Inc.","109 West 27 Street, Apt. 5D",New York,NY,"10001",(212) 244-6422,Music,Manhattan Council District #3,Manhattan Community Board #4,Manhattan,40.745735,-73.991689,"95","1015070",1008030029,Midtown-Midtown South
"467","Glass Menagerie A Downtown Community Chorus, Inc.","201 East 17th Street, #21C",New York,NY,"10003",(917) 319-4661,Music,Manhattan Council District #2,Manhattan Community Board #2,Manhattan,40.735052,-73.985411,"48","1019551",1008980001,Gramercy
"468","Global Action Project, Inc.","130 West 25th Street, #2C",New York,NY,"10001",(212) 594-9577,Film/Video/Audio,Manhattan Council District #3,Manhattan Community Board #5,Manhattan,40.744615,-73.992909,"91","1014989",1008000057,Hudson Yards-Chelsea-Flatiron-Union Square
"469",Global Artists Coalition Incorporated,323 W. 138TH Street,New York,NY,"10030",(917) 855-7772,Museum,Manhattan Council District #10,Manhattan Community Board #10,Manhattan,40.81884,-73.946103,"22102","1060657",1020410036,Central Harlem North-Polo Grounds
"470","Go Africa Network, Inc.",1760 2nd ave,New York,NY,"10128",(212) 987-1598,"Multi-Discipl, Perf & Non-Perf",Manhattan Council District #5,Manhattan Community Board #5,Manhattan,40.78148,-73.949101,"154","1050233",1015547501,Yorkville
"471",Goddard Riverside Community Center,593 Columbus Avenue,New York,NY,"10024",(212) 873-6600,"Multi-Discipline, Performing",Manhattan Council District #6,Manhattan Community Board #7,Manhattan,40.788212,-73.970904,"173","1079511",1012020001,Upper West Side
"472","Golden Fleece Theatre Company, Ltd.","70A Greenwich Avenue, Apt. 256",New York,NY,"10011",(212) 691-6105,Music,Manhattan Council District #3,Manhattan Community Board #2,Manhattan,40.736395,-74.000985,"71","1010573",1006067501,West Village
"473","Gotham Arts Exchange, Inc.",168 West 123rd Street,New York,NY,"10027",(212) 928-6517,Dance,Manhattan Council District #7,Manhattan Community Board #12,Manhattan,40.807214,-73.948215,"222","1057755",1019070060,Central Harlem South
"474","Gotham Chamber Opera, Inc.",410 West 42nd Street,New York,NY,"10036",(212) 868-4460,"Multi-Discipline, Performing",Manhattan Council District #3,Manhattan Community Board #4,Manhattan,40.758652,-73.993185,"115","1026330",1010510029,Clinton
"475","Gotham Dance, Inc.",140 Second Avenue,New York,NY,"10003",(212) 777-1340,Dance,Manhattan Council District #2,Manhattan Community Board #3,Manhattan,40.728956,-73.987401,"38","1006362",1004500006,East Village
"476","Gotham Early Music Scene, Inc.","340 Riverside Drive, Apt. 1A",New York,NY,"10025",(212) 866-0468,Music,Manhattan Council District #9,Manhattan Community Board #7,Manhattan,40.8023,-73.969728,"195","1057257",1018920001,Morningside Heights
"477","Gotham Stage Company, Inc.",288 W. 92nd Street,New York,NY,"10025",(212) 579-0321,Theater,Manhattan Council District #6,Manhattan Community Board #7,Manhattan,40.792544,-73.974738,"179","1033601",1012390056,Upper West Side
"478","Gramercy Brass of New York, Inc.",111 East 19th Street,New York,NY,"10003",(212) 229-7607,Music,Manhattan Council District #2,Manhattan Community Board #6,Manhattan,40.737333,-73.98719,"50","1017910",1008750011,Gramercy
"479","Great Small Works, Inc.","315 West 86th Street, Apt. 4E",New York,NY,"10024",(212) 787-8457,Theater,Manhattan Council District #6,Manhattan Community Board #7,Manhattan,40.789163,-73.978498,"175","1033938",1012480022,Upper West Side
"480",Greater Chinatown Community Association,105 Mosco Street,New York,NY,"10013",(212) 374-1311,Music,Manhattan Council District #1,Manhattan Community Board #3,Manhattan,40.714459,-73.999347,"29","1001820",1001640044,Chinatown
"481","Greater New York Coalition for Soviet Jewry, Inc.","25 West 45th Street, Suite 1405",New York,NY,"10036",(212) 840-1166,Humanities,Manhattan Council District #3,Manhattan Community Board #5,Manhattan,40.755854,-73.980516,"96","1034245",1012610021,Midtown-Midtown South
"482","Greenwich House, Inc.",224 West 30th Street,New York,NY,"10001",(212) 991-0003 x201,"Multi-Discipline, Performing",Manhattan Council District #3,Manhattan Community Board #2,Manhattan,40.748848,-73.993377,"95","1014300",1007790057,Midtown-Midtown South
"483",Greenwich Village Society for Historic Preservation,"232 East 11th Street, 2nd Floor",New York,NY,"10003",(212) 475-9585 x38,Humanities,Manhattan Council District #2,Manhattan Community Board #3,Manhattan,40.730817,-73.987433,"40","1006817",1004660025,East Village
"484",Greenwich Village Youth Council,345 East 15th Street,New York,NY,"10003",(212) 475-7972,"Multi-Discipline, Performing",Manhattan Council District #2,Manhattan Community Board #6,Manhattan,40.732447,-73.983031,"48","1020419",1009220008,Gramercy
"485","Groove With Me, Inc.","186 East 123rd Street, 2nd Floor",New York,NY,"10035",(212) 987-5910,Dance,Manhattan Council District #8,Manhattan Community Board #11,Manhattan,40.802592,-73.937256,"196","1083996",1017710039,East Harlem North
"486",Ground UP Productions,72 Barrow St. #2N,New York,NY,"10014",(646) 479-4997,Theater,Manhattan Council District #3,Manhattan Community Board #4,Manhattan,40.731619,-74.005975,"73","1083518",1005850001,West Village
"487","H.T. Dance Company, Inc.",70 Mulberry Street,New York,NY,"10013",(212) 349-0126,Dance,Manhattan Council District #1,Manhattan Community Board #3,Manhattan,40.716092,-73.999203,"29","1066494",1002000001,Chinatown
"488","HARLEM WEEK, INC.",200A West 136th Street,New York,NY,"10030",(212) 862-8477,Other,Manhattan Council District #7,Manhattan Community Board #9,Manhattan,40.816176,-73.943706,"228","1058898",1019410036,Central Harlem North-Polo Grounds
"489","HB Playwrights Foundation, Inc.",122 Bank Street,New York,NY,"10014",(212) 989-6540,Theater,Manhattan Council District #3,Manhattan Community Board #2,Manhattan,40.73629,-74.007556,"75","1083548",1006340014,West Village
"490","Haleakala, Inc.",512 West 19th Street,New York,NY,"10011",(212) 255-5793 x18,"Multi-Discipl, Perf & Non-Perf",Manhattan Council District #3,Manhattan Community Board #4,Manhattan,40.745559,-74.00676,"99","1012281",1006900040,Hudson Yards-Chelsea-Flatiron-Union Square
"491",Harlem Artists' Development League Especially For You,229 West 135 Street,New York,NY,"10030",(917) 334-8694,Theater,Manhattan Council District #9,Manhattan Community Board #10,Manhattan,40.815902,-73.945094,"228","1058880",1019410014,Central Harlem North-Polo Grounds
"492",Harlem Arts Alliance,"2312 Adam Clayton Powell, Jr. Blvd.",New York,NY,"10030",(347) 735-4280,"Multi-Discipline, Non-Perform",Manhattan Council District #9,Manhattan Community Board #10,Manhattan,40.815723,-73.943407,"228","1058898",1019410036,Central Harlem North-Polo Grounds
"493",Harlem Arts Festival,42 West 130th Street,New York,NY,"10037",(347) 619-3823,"Multi-Discipl, Perf & Non-Perf",Manhattan Council District #9,Manhattan Community Board #10,Manhattan,40.810159,-73.941342,"208","1053754",1017270058,Central Harlem North-Polo Grounds
"494","Harlem Chamber Players, Inc.",191 Claremont Avenue #25,New York,NY,"10027",(212) 866-1492,Music,Manhattan Council District #9,Manhattan Community Board #9,Manhattan,40.814937,-73.960159,"211","1059874",1019940069,Morningside Heights
"495","Harlem Children's Zone, Inc.",35 East 125th Street,New York,NY,"10035",(212) 360-3255,"Multi-Discipl, Perf & Non-Perf",Manhattan Council District #9,Manhattan Community Board #10,Manhattan,40.805934,-73.941096,"198","1087811",1017500007,East Harlem North
"496",Harlem Educational Activities Fund,"2090 Adam Clayton Powell Jr. Blvd., 10th Fl.",New York,NY,"10027",(917) 841-7803,Other,Manhattan Council District #9,Manhattan Community Board #10,Manhattan,40.808639,-73.948582,"222","1058640",1019300030,Central Harlem South
"497","Harlem Needle Arts, Inc.",2160 Madison Avenue,New York,NY,"10037",(212) 491-8581,Folk Arts,Manhattan Council District #9,Manhattan Community Board #11,Manhattan,40.812376,-73.936058,"210","1081105",1017600001,East Harlem North
"498","Harlem Opera Theater, Inc.",425 West 144th Street,New York,NY,"10031",(212) 234-6767,Music,Manhattan Council District #9,Manhattan Community Board #7,Manhattan,40.823821,-73.94633,"227","1084160",1020500037,Hamilton Heights
"499","Harlem School of the Arts, Inc.",645 St. Nicholas Avenue,New York,NY,"10030",(212) 926-4100 x311,"Multi-Discipline, Non-Perform",Manhattan Council District #7,Manhattan Community Board #9,Manhattan,40.82218,-73.945652,"227","1061014",1020500160,Hamilton Heights
"500","Harmonia Opera Company, Inc.",2109 Broadway,New York,NY,"10023",(212) 870-1500,Music,Manhattan Council District #6,Manhattan Community Board #7,Manhattan,40.780408,-73.982076,"159","1030544",1011657503,Lincoln Square
"501","Harmonie Ensemble, Inc.","820 West End Avenue, Ste. 13B",New York,NY,"10025",(212) 222-6684,Music,Manhattan Council District #6,Manhattan Community Board #7,Manhattan,40.797662,-73.971438,"187","1056468",1018710061,Upper West Side
"502","Harmony Program, Inc.",535 East 80th Street,New York,NY,"10075",(212) 463-7455,Music,Manhattan Council District #5,Manhattan Community Board #8,Manhattan,40.771681,-73.948986,"136","1000000",1015777504,Yorkville
"503",Harpsichord Unlimited,"215 W 98th St., Suite 2A",New York,NY,"10025",(212) 280-1086,Music,Manhattan Council District #8,Manhattan Community Board #7,Manhattan,40.79568,-73.970146,"187","1082691",1018707502,Upper West Side
"504","Harvestworks, Inc.","596 Broadway, Ste. 602",New York,NY,"10012",(212) 431-1130 x12,New Media,Manhattan Council District #1,Manhattan Community Board #2,Manhattan,40.725004,-73.997121,"43","1007944",1005110012,SoHo-TriBeCa-Civic Center-Little Italy
"505",Haven Arts Inc.,50 Bruckner Boulevard,Bronx,NY,"10454",(845) 729-5467,"Multi-Discipl, Perf & Non-Perf",Bronx Council District #17,Bronx Community Board #1,Bronx,40.80656,-73.926842,"19","2097036",2022950051,Mott Haven-Port Morris
"506",Henry Street Settlement,265 Henry Street,New York,NY,"10002",(212) 766-9200 x224,"Multi-Discipl, Perf & Non-Perf",Manhattan Council District #1,Manhattan Community Board #3,Manhattan,40.713857,-73.984532,"202","1079627",1002880078,Lower East Side
"507",Herbert Berghof Studio,120 Bank Street,New York,NY,"10014",(212) 675-2370,Theater,Manhattan Council District #3,Manhattan Community Board #2,Manhattan,40.736299,-74.007495,"75","1011899",1006340015,West Village
"508",Heritage Radio Network,100 Bogart Street,Brooklyn,NY,"11206",(929) 337-8805,Film/Video/Audio,Brooklyn Council District #34,Brooklyn Community Board #4,Brooklyn,40.707133,-73.933796,"453","3071317",3030750002,Bushwick North
"509",Hester Street Collaborative,113 Hester Street,New York,NY,"10002",(212) 431-6780,Architecture/Design,Manhattan Council District #1,Manhattan Community Board #3,Manhattan,40.716589,-73.993153,"16","1003973",1003060038,Chinatown
"510","Hetrick-Martin Institute, Inc.",2 Astor Place,New York,NY,"10003",(212) 674-2400,Visual Arts,Manhattan Council District #2,Manhattan Community Board #3,Manhattan,40.730038,-73.992632,"57","1080092",1005450026,West Village
"511",High 5 Tickets to the Arts,"1 East 53rd Street, 5th Floor",New York,NY,"10022",(212) 750-0555 x201,"Multi-Discipl, Perf & Non-Perf",Manhattan Council District #3,Manhattan Community Board #8,Manhattan,40.760324,-73.975584,"102","1035725",1012890005,Midtown-Midtown South
"512",High Frequency Wavelengths,"560 Riverside Drive, Apt. 3P",New York,NY,"10027",(646) 712-0459,Dance,Manhattan Council District #9,Manhattan Community Board #9,Manhattan,40.817051,-73.960772,"211","1059891",1019950063,Morningside Heights
"513","High Tide Dance, Inc.","139 Fulton Street, Ste. 310",New York,NY,"10038",(212) 233-0330,Dance,Manhattan Council District #1,Manhattan Community Board #1,Manhattan,40.710385,-74.008051,"1501","1001242",1000890001,Battery Park City-Lower Manhattan
"514",Hip Hop Loves Foundation,1390 5th Avenue,New York,NY,"10026",(347) 920-6884,Film/Video/Audio,Manhattan Council District #9,Manhattan Community Board #9,Manhattan,40.799512,-73.947314,"186","1083316",1015960001,Central Harlem South
"515",Hip Hop Theatre Festival,442D Lorimer Street  #195,Brooklyn,NY,"11206",(718) 497-4282,"Multi-Discipl, Perf & Non-Perf",Brooklyn Council District #34,Brooklyn Community Board #4,Brooklyn,40.710105,-73.948708,"503","3338218",3027920002,East Williamsburg
"516",Hip-Hop Association,"545 8th Avenue, 10th Floor",New York,NY,"10018",(718) 682-2744,"Multi-Discipl, Perf & Non-Perf",Manhattan Council District #3,Manhattan Community Board #4,Manhattan,40.754296,-73.991944,"111","1013622",1007610033,Hudson Yards-Chelsea-Flatiron-Union Square
"517",Hispanic Organization of Latin Actors,"107 Suffolk Street, Room 302",New York,NY,"10002",(212) 253-1015,"Multi-Discipline, Non-Perform",Manhattan Council District #1,Manhattan Community Board #3,Manhattan,40.718943,-73.986122,"1402","1004301",1003530054,Lower East Side
"518","Historic Districts Council, Inc.",232 East 11th Street,New York,NY,"10003",(212) 614-9107 x12,Architecture/Design,Manhattan Council District #2,Manhattan Community Board #3,Manhattan,40.730817,-73.987433,"40","1006817",1004660025,East Village
"519",Historic House Trust of New York City,830 Fifth Avenue,New York,NY,"10065",(212) 360-8282,Museum,Manhattan Council District #4,Manhattan Community Board #8,Manhattan,40.767711,-73.970516,"143","1083811",1011110001,park-cemetery-etc-Manhattan
"520","Home for Contemporary Theatre & Art, Ltd.",145 Sixth Avenue,New York,NY,"10013",(212) 647-0202 x309,"Multi-Discipline, Performing",Manhattan Council District #3,Manhattan Community Board #2,Manhattan,40.724971,-74.004477,"37","1087061",1004917502,SoHo-TriBeCa-Civic Center-Little Italy
"521","Horizon Concerts, Inc.","420 Lexington Ave., Suite 300",New York,NY,"10170",(212) 297-6195,Music,Manhattan Council District #3,Manhattan Community Board #6,Manhattan,40.752262,-73.975464,"92","1035385",1012807501,Turtle Bay-East Midtown
"522",Horizon Theatre Rep,117 East 37th St,New York,NY,"10016",(646) 781-9067,Theater,Manhattan Council District #3,Manhattan Community Board #6,Manhattan,40.748615,-73.979053,"80","1019086",1008930014,Murray Hill-Kips Bay
"523",Horticultural Society of New York,"148 West 37th Street, 13th Floor",New York,NY,"10018",(212) 757-0915 x108,"Multi-Discipline, Non-Perform",Manhattan Council District #3,Manhattan Community Board #5,Manhattan,40.752465,-73.988237,"109","1015249",1008120069,Midtown-Midtown South
"524","Hospital Audiences, Inc.",33-02 Skillman Avenue,Long Island City,NY,"11101",(212) 575-7676,"Multi-Discipline, Performing",Queens Council District #26,,Queens,40.746728,-73.931112,"179","4003418",4002410001,Hunters Point-Sunnyside-West Maspeth
"525","Hotel Savant Theatre Company, Inc.","2350 Broadway, #1207",New York,NY,"10024",(646) 221-4021,Theater,Manhattan Council District #3,Manhattan Community Board #5,Manhattan,40.788007,-73.976747,"171","1033133",1012330016,Upper West Side
"526","Hourglass Group, Ltd.","520 Eighth Avenue, Suite 317a",New York,NY,"10018",(212) 439-8122 x2,Theater,Manhattan Council District #3,Manhattan Community Board #5,Manhattan,40.753612,-73.992417,"109","1083624",1007860001,Midtown-Midtown South
"527","House Foundation for the Arts, Inc.",260 West Broadway,New York,NY,"10013",(212) 904-1330,"Multi-Discipline, Performing",Manhattan Council District #10,Manhattan Community Board #5,Manhattan,40.720404,-74.00544,"33","1002740",1002127501,SoHo-TriBeCa-Civic Center-Little Italy
"528",House of SpeakEasy,117 East 19th Street,New York,NY,"10003",(347) 413-4889,Literature,Manhattan Council District #2,Manhattan Community Board #6,Manhattan,40.737229,-73.986937,"50","1017913",1008750014,Gramercy
"529","Housing Works Used Book Cafe, Inc.",126 Crosby Street,New York,NY,"10012",(212) 966-0466 x1112,Literature,Manhattan Council District #1,Manhattan Community Board #2,Manhattan,40.724496,-73.996454,"43","1007944",1005110012,SoHo-TriBeCa-Civic Center-Little Italy
"530","Howard Otway and Florence Otway Opportunity Project, Inc.",80 St. Marks Place,New York,NY,"10003",(973) 747-7520,"Multi-Discipline, Performing",Manhattan Council District #2,Manhattan Community Board #3,Manhattan,40.72785,-73.985922,"38","1079759",1004490028,East Village
"531","Hudson Guild, Inc.",441 West 26th Street,New York,NY,"10001",(212) 760-9804,"Multi-Discipl, Perf & Non-Perf",Manhattan Council District #3,Manhattan Community Board #4,Manhattan,40.749196,-74.001815,"97","1012827",1007240010,Hudson Yards-Chelsea-Flatiron-Union Square
"532","Hudson Review, Inc.",684 Park Avenue,New York,NY,"10065",(212) 650-0020,Literature,Manhattan Council District #4,Manhattan Community Board #8,Manhattan,40.768835,-73.96549,"122","1041266",1013830035,Upper East Side-Carnegie Hill
"533",I'm From Driftwood,"126 South 8th Street, #3",Brooklyn,NY,"11249",(347) 423-4444,Film/Video/Audio,Brooklyn Council District #33,Brooklyn Community Board #1,Brooklyn,40.709568,-73.964396,"547","3059587",3021370020,North Side-South Side
"534",ID Studio Theater Performance and Research Center,531 West 112th Street,New York,NY,"10025",(917) 658-5187,Theater,Manhattan Council District #10,Manhattan Community Board #12,Manhattan,40.804953,-73.964554,"199","1056992",1018840011,Morningside Heights
"535","IRT Theater, Inc.","154 Christopher Street, Suite 3B",New York,NY,"10014",(212) 206-6875,Theater,Manhattan Council District #2,Manhattan Community Board #2,Manhattan,40.73273,-74.008129,"69","1010421",1006040033,West Village
"536","Ice Theatre of New York, Inc.","59 Chelsea Piers, Suite #5911",New York,NY,"10011",(212) 929-5811,Dance,Manhattan Council District #3,Manhattan Community Board #4,Manhattan,40.747999,-74.008496,"99","1000000",1006620011,Hudson Yards-Chelsea-Flatiron-Union Square
"537",ImageNation Film Festival,"211 West 145th Street, Apt. 4F",New York,NY,"10039",(212) 694-2887,Film/Video/Audio,Manhattan Council District #7,Manhattan Community Board #10,Manhattan,40.821938,-73.939759,"232","1079778",1020310023,Central Harlem North-Polo Grounds
"538","Immigrant Social Services, Inc.","137 Henry Street, First Floor",New York,NY,"10002",(212) 571-1840 x15,"Multi-Discipline, Non-Perform",Manhattan Council District #2,Manhattan Community Board #3,Manhattan,40.71333,-73.990827,"6","1003564",1002830015,Lower East Side
"539","Impact Theatre, Inc.","210 West 101st Street, #2B",New York,NY,"10025",(212) 662-4108,Theater,Manhattan Council District #8,Manhattan Community Board #7,Manhattan,40.797538,-73.968755,"187","1056485",1018720043,Upper West Side
"540","InCollaboration, Inc.","29-27 Queens Plaza North, Ste. 301",Long Island City,NY,"11101",(718) 391-0354,"Multi-Discipline, Non-Perform",Queens Council District #26,Queens Community Board #1,Queens,40.749915,-73.93663,"33","4004872",4004030009,Queensbridge-Ravenswood-Long Island City
"541","Incorporation of Artists on the Move, Inc.","118 West 114th Street, Apt. 1E",New York,NY,"10026",(212) 665-5313,"Multi-Discipl, Perf & Non-Perf",Manhattan Council District #9,Bronx Community Board #10,Manhattan,40.801185,-73.951759,"216","1055028",1018230045,Central Harlem South
"542",Independent Curators International,401 Broadway,New York,NY,"10013",(212) 254-8200,Visual Arts,Manhattan Council District #1,Manhattan Community Board #1,Manhattan,40.71871,-74.002482,"33","1002310",1001940042,SoHo-TriBeCa-Civic Center-Little Italy
"543","Independent Feature Project, Inc.","68 Jay Street, Ste. 425",Brooklyn,NY,"11201",(212) 465-8200 x223,Film/Video/Audio,Brooklyn Council District #33,Brooklyn Community Board #2,Brooklyn,40.702763,-73.986681,"21","3000090",3000400001,DUMBO-Vinegar Hill-Downtown Brooklyn-Boerum Hill
"544","Indo-American Arts Council, Inc.","303 Fifth Avenue, Room #1007",New York,NY,"10016",(212) 594-3685,"Multi-Discipl, Perf & Non-Perf",Manhattan Council District #5,Manhattan Community Board #8,Manhattan,40.746679,-73.985835,"74","1016981",1008610001,Midtown-Midtown South
"545","Indochina Sino-American Senior Citizen Center, Inc.","170 Forsyth St, 2nd Fl",New York,NY,"10002",(212) 226-0317,Visual Arts,Manhattan Council District #1,Manhattan Community Board #3,Manhattan,40.721238,-73.991385,"3601","1075911",1004217502,Chinatown
"546","Infinity Dance Theater Company, Ltd.","220 West 93rd Street, Apt. 6C",New York,NY,"10025",(212) 877-3490,Dance,Manhattan Council District #6,Manhattan Community Board #7,Manhattan,40.792475,-73.972622,"179","1033616",1012407502,Upper West Side
"547","Innovative Charitable Initiative, Inc.",1361 Amsterdam Avenue,New York,NY,"10027",(212) 222-2792,"Multi-Discipline, Non-Perform",Manhattan Council District #7,Manhattan Community Board #9,Manhattan,40.814216,-73.95564,"21303","1081781",1019670040,Manhattanville
"548","Inoue Chamber Ensemble, Inc.","440 Riverside Drive, Suite 126",New York,NY,"10027",(212) 864-6459,Music,Manhattan Council District #9,Manhattan Community Board #10,Manhattan,40.808999,-73.965686,"205","1059817",1019900001,Morningside Heights
"549",Institute for Multicultural Communication Coop & Development,4 West 43rd St,New York,NY,"10036",(646) 657-0039,"Multi-Discipline, Non-Perform",Manhattan Council District #4,Manhattan Community Board #5,Manhattan,40.754371,-73.980932,"96","1034201",1012580042,Midtown-Midtown South
"550","Instituto Arte Teatral Internacional, Inc.","20 West 72nd Street, Ste. 808",New York,NY,"10023",(212) 505-6757,Theater,Manhattan Council District #2,Manhattan Community Board #3,Manhattan,40.776727,-73.977188,"157","1028620",1011240046,Lincoln Square
"551","InterSchool Orchestras of New York, Inc.",121 West 27th Street,New York,NY,"10001",(212) 410-0370,Music,Manhattan Council District #5,Manhattan Community Board #8,Manhattan,40.745831,-73.991916,"95","1015067",1008030021,Midtown-Midtown South
"552",International Center of Photography,1114 Avenue of the Americas,New York,NY,"10036",(212) 857-0012,Museum,Manhattan Council District #3,Manhattan Community Board #5,Manhattan,40.755352,-73.983732,"96","1034196",1012580009,Midtown-Midtown South
"553",International Print Center New York,"526 West 26th Street, Room 824",New York,NY,"10001",(212) 989-5090,Visual Arts,Manhattan Council District #3,Manhattan Community Board #4,Manhattan,40.750094,-74.003999,"99","1012386",1006970047,Hudson Yards-Chelsea-Flatiron-Union Square
"554",International Society for the Performing Arts Foundation,630 9th Avenue,New York,NY,"10036",(212) 206-8490,"Multi-Discipline, Performing",Manhattan Council District #3,Manhattan Community Board #4,Manhattan,40.760038,-73.991449,"121","1024982",1010350001,Clinton
"555",International Studio and Curatorial Program,"1040 Metropolitan Avenue, Third Floor",Brooklyn,NY,"11211",(212) 279-1173,Visual Arts,Brooklyn Council District #34,Brooklyn Community Board #1,Brooklyn,40.714429,-73.934803,"449","3338341",3029250001,East Williamsburg
"556",International Youth Leadership Institute,127 West 127 Street,New York,NY,"10027",(212) 222-0404,"Multi-Discipl, Perf & Non-Perf",Manhattan Council District #9,Manhattan Community Board #10,Manhattan,40.809488,-73.945496,"224","1057904",1019120012,Central Harlem North-Polo Grounds
"557","Irish Repertory Theatre Company, Inc.",132 West 22nd Street,New York,NY,"10011",(212) 255-0270 x13,Theater,Manhattan Council District #3,Manhattan Community Board #4,Manhattan,40.74268,-73.99437,"87","1014777",1007977503,Hudson Yards-Chelsea-Flatiron-Union Square
"558",Isadora Duncan Dance Foundation,"141 West 26th Street, 3rd Floor",New York,NY,"10001",(917) 836-9514,Dance,Manhattan Council District #3,Manhattan Community Board #5,Manhattan,40.745343,-73.992674,"95","1080591",1008020017,Midtown-Midtown South
"559",Isamu Noguchi Foundation and Garden Museum,32-37 Vernon Boulevard,Long Island City,NY,"11106",(718) 204-7088 x201,Museum,Queens Council District #26,Queens Community Board #1,Queens,40.767243,-73.937405,"45","4307192",4003147501,Astoria
"560","Issue Project Room, Inc.",140 2nd Avenue,New York,NY,"10003",(718) 812-1129,Music,Brooklyn Council District #38,Brooklyn Community Board #6,Manhattan,40.728956,-73.987401,"38","1006362",1004500006,East Village
"561",Italian American Museum,155 Mulberry Street,New York,NY,"10013",(212) 965-9000,Museum,Manhattan Council District #1,Manhattan Community Board #2,Manhattan,40.71915,-73.997395,"41","1003076",1002360018,SoHo-TriBeCa-Civic Center-Little Italy
"562","JLSC Educational Tour Bus, Inc.",83 Riverside Drive,New York,NY,"10024",(212) 873-9300,Other,Manhattan Council District #6,Manhattan Community Board #7,Manhattan,40.785881,-73.981717,"167","1033730",1012440031,Upper West Side
"563","Japan Performing Arts, Inc.","235 West 48th St., #19G",New York,NY,"10036",(212) 262-0234,"Multi-Discipl, Perf & Non-Perf",Manhattan Council District #3,Manhattan Community Board #5,Manhattan,40.760476,-73.985666,"125","1076194",1010200005,Midtown-Midtown South
"564","Japan Society, Inc.",333 East 47th Street,New York,NY,"10017",(212) 715-1212,Museum,Manhattan Council District #4,Manhattan Community Board #6,Manhattan,40.75236,-73.968404,"90","1038908",1013400016,Turtle Bay-East Midtown
"565","Japanese Folk Dance Institute of New York, Inc.","568 Grand Street, #J-1206",New York,NY,"10002",(212) 982-6952,"Multi-Discipline, Performing",Manhattan Council District #1,Manhattan Community Board #3,Manhattan,40.713732,-73.979161,"1001","1083419",1003210001,Lower East Side
"566","Jessica Lang Dance, Inc.",27-28 Thompson Avenue,Long Island City,NY,"11101",(646) 246-7134,Dance,Queens Council District #26,Queens Community Board #2,Queens,40.746196,-73.942029,"19","4000697",4000827501,Hunters Point-Sunnyside-West Maspeth
"567",Jewish Children's Learning Lab,"515 West 20th Street, 4E",New York,NY,"10011",(212) 924-4500,Humanities,Manhattan Council District #3,Manhattan Community Board #4,Manhattan,40.746215,-74.006456,"99","1012296",1006920023,Hudson Yards-Chelsea-Flatiron-Union Square
"568","Jewish Community Center in Manhattan, Inc.",334 Amsterdam Avenue,New York,NY,"10023",(646) 505-4471,"Multi-Discipl, Perf & Non-Perf",Manhattan Council District #6,Manhattan Community Board #7,Manhattan,40.781014,-73.979891,"163","1085971",1011670033,Upper West Side
"569",Jewish Museum,1109 Fifth Avenue,New York,NY,"10128",(212) 423-3215,Museum,Manhattan Council District #4,Manhattan Community Board #8,Manhattan,40.785298,-73.957263,"16001","1047052",1015040001,Upper East Side-Carnegie Hill
"570","Jody Sperling Time Lapse Dance, Inc.","825 West End Avenue, Apt. 13G",New York,NY,"10025",(212) 866-1759,Dance,Manhattan Council District #9,Manhattan Community Board #7,Manhattan,40.798027,-73.971196,"187","1057135",1018897501,Upper West Side
"571",John Jay College Foundation,899 Tenth Avenue,New York,NY,"10019",(212) 237-8321,"Multi-Discipline, Performing",Manhattan Council District #6,Manhattan Community Board #4,Manhattan,40.770328,-73.987693,"147","1027085",1010870025,Lincoln Square
"572","Jonah Bokaer Arts Foundation, Inc.","304 Boerum Street, Apt. 23",Brooklyn,NY,"11206",(917) 459-1072,"Multi-Discipline, Performing",Brooklyn Council District #34,Brooklyn Community Board #4,Brooklyn,40.70675,-73.93542,"485","3071388",3030830006,Bushwick South
"573","Jose Limon Dance Foundation, Inc.","307 West 38th Street, Suite 1105",New York,NY,"10018",(212) 777-3353 x16,Dance,Manhattan Council District #3,Manhattan Community Board #4,Manhattan,40.754946,-73.992175,"115","1013643",1007620025,Clinton
"574","Josephine Herrick Project, Inc.",64 Fulton St Suite 905,New York,NY,"10038",(212) 213-4946,Photography,Manhattan Council District #1,Manhattan Community Board #1,Manhattan,40.708769,-74.005136,"1502","1001176",1000760001,Battery Park City-Lower Manhattan
"575","Joyce Theater Foundation, Inc.",175 Eighth Avenue,New York,NY,"10011",(212) 691-9740 x210,Dance,Manhattan Council District #3,Manhattan Community Board #4,Manhattan,40.742757,-74.000346,"89","1013110",1007420039,Hudson Yards-Chelsea-Flatiron-Union Square
"576",Judd Foundation,101 Spring Street,New York,NY,"10012",(212) 219-2747,Architecture/Design,Manhattan Council District #1,Manhattan Community Board #2,Manhattan,40.72333,-73.999405,"49","1007585",1004980027,SoHo-TriBeCa-Civic Center-Little Italy
"577",Judson Memorial Church Inc,239 Thompson St,New York,NY,"10012",(212) 477-0351,"Multi-Discipline, Performing",Manhattan Council District #1,Manhattan Community Board #2,Manhattan,40.729923,-73.998409,"65","1086188",1005417501,West Village
"578","Juneteenth Festival, Inc.","605 Water Street, Apt. 21B",New York,NY,"10002",(212) 964-1904,Theater,Manhattan Council District #1,Manhattan Community Board #3,Manhattan,40.711249,-73.98445,"202","1003141",1002440019,Lower East Side
"579","Jupiter Symphony of New York, Inc.","155 West 68th Street, Apt. 319",New York,NY,"10023",(212) 799-1259,Music,Manhattan Council District #6,Manhattan Community Board #7,Manhattan,40.775704,-73.982659,"153","1028950",1011407501,Lincoln Square
"580","K.S. J.A.M.M. Dance Troupe, Inc.",15 Dunham Place,Brooklyn,NY,"11249",(347) 789-4849,Dance,Brooklyn Council District #35,Brooklyn Community Board #9,Brooklyn,40.711191,-73.967454,"549","3397615",3024687501,North Side-South Side
"581",KDNY Incorporated,"132 East 43rd Street, Ste. 118",New York,NY,"10017",(646) 529-6412,Dance,Manhattan Council District #4,Manhattan Community Board #5,Manhattan,40.751969,-73.97523,"92","1036156",1012970023,Turtle Bay-East Midtown
"582",Kaiser's Room Inc,101 w.23rd street,New York,NY,"10011",(917) 727-2046,Theater,Manhattan Council District #3,Manhattan Community Board #4,Manhattan,40.743097,-73.993226,"91","1014954",1007990035,Hudson Yards-Chelsea-Flatiron-Union Square
"583",Kalavant Center for Music and Dance,"326 East 11th Street, Ste. 2",New York,NY,"10003",(212) 475-2348,Music,Manhattan Council District #2,Manhattan Community Board #3,Manhattan,40.729812,-73.985063,"40","1006442",1004520021,East Village
"584","Kathak Ensemble & Friends Caravan, Inc.","141 East 3rd Street, Apt. 12-H",New York,NY,"10009",(212) 673-1282,"Multi-Discipline, Performing",Manhattan Council District #2,Manhattan Community Board #3,Manhattan,40.723793,-73.985602,"32","1005762",1004310031,East Village
"585",Kathryn Posin Dance Foundation,20 Bond Street,New York,NY,"10012",(212) 777-1515,Dance,Manhattan Council District #1,Manhattan Community Board #2,Manhattan,40.726472,-73.993762,"5502","1008500",1005300058,West Village
"586","Keen Theater Company, Inc.","520 8th Avenue, Ste. 328",New York,NY,"10018",(212) 216-0963,Theater,Manhattan Council District #3,Manhattan Community Board #4,Manhattan,40.753612,-73.992417,"109","1083624",1007860001,Midtown-Midtown South
"587","Keep Rising to the Top, Inc.","119 East 102 Street, Apt. 5B",New York,NY,"10029",(212) 410-9426,Dance,Manhattan Council District #8,Manhattan Community Board #11,Manhattan,40.790008,-73.948885,"166","1051879",1016300010,East Harlem South
"588",Kehila Kedosha Janina Synagogue and Museum,280 Broome Street,New York,NY,"10002",(212) 431-1619,Museum,Manhattan Council District #1,,Manhattan,40.718466,-73.991328,"18","1005465",1004140027,Chinatown
"589","Keigwin and Company, Inc.","246 West 38th Street, Eighth Floor",New York,NY,"10018",(212) 278-0691,Dance,Manhattan Council District #3,Manhattan Community Board #4,Manhattan,40.754079,-73.990154,"109","1014465",1007870067,Midtown-Midtown South
"590","Kenkeleba House, New York",214 East Second Street,New York,NY,"10009",(212) 674-3939,Visual Arts,Manhattan Council District #2,Manhattan Community Board #3,Manhattan,40.721794,-73.982889,"2202","1004609",1003850063,Lower East Side
"591",Kettle Corn New Music INC,145 4th Avenue,New York,NY,"10003",(917) 902-4619,Music,Manhattan Council District #2,Manhattan Community Board #3,Manhattan,40.733916,-73.989872,"42","1077569",1005590009,East Village
"592","Keys to the Future Festival, Inc.","200 West 20th Street, Ste. 502",New York,NY,"10011",(212) 242-2691,Music,Manhattan Council District #3,Manhattan Community Board #4,Manhattan,40.742299,-73.997196,"87","1068149",1007697503,Hudson Yards-Chelsea-Flatiron-Union Square
"593","Kids Creative 404, Inc.",2014 5th Avenue,New York,NY,"10035",(646) 485-5123,"Multi-Discipl, Perf & Non-Perf",Manhattan Council District #1,Manhattan Community Board #1,Manhattan,40.806177,-73.94245,"200","1053465",1017220038,Central Harlem South
"594",Knowledge Project,"111 John Street, Suite 1070",New York,NY,"10038",(212) 346-9933,"Multi-Discipline, Performing",Manhattan Council District #1,Manhattan Community Board #1,Manhattan,40.707671,-74.005764,"1502","1001167",1000750030,Battery Park City-Lower Manhattan
"595",Korea Society,"350 Madison Avenue, 24th Floor",New York,NY,"10017",(212) 759-7525,Visual Arts,Manhattan Council District #4,Manhattan Community Board #6,Manhattan,40.754374,-73.978145,"94","1035377",1012790057,Midtown-Midtown South
"596","Korean Traditional Performing Arts Association, Inc.",142 West 49th Street,New York,NY,"10019",(212) 921-9344,Folk Arts,Manhattan Council District #3,Manhattan Community Board #5,Manhattan,40.759798,-73.982172,"125","1022694",1010010055,Midtown-Midtown South
"597","Kundiman, Inc.","113 West 60th Street, Room 924",New York,NY,"10023",(347) 693-6506,Literature,Manhattan Council District #8,Manhattan Community Board #8,Manhattan,40.770141,-73.984974,"145","1028830",1011320020,Lincoln Square
"598","LAByrinth, Inc.",155 Bank Street,New York,NY,"10014",(212) 513-1018,Theater,Manhattan Council District #3,Manhattan Community Board #4,Manhattan,40.736095,-74.009205,"79","1012047",1006390001,West Village
"599",La Casa de la Herencia Cultural Puertorriquena,"1230 Fifth Avenue, Ste. 458",New York,NY,"10029",(212) 722-2600,"Multi-Discipl, Perf & Non-Perf",Manhattan Council District #8,Manhattan Community Board #11,Manhattan,40.793072,-73.951992,"168","1051499",1016100001,East Harlem South
"600","La Donna Dance, Inc.","140 Second Avenue, Ste. 501",New York,NY,"10003",(212) 982-1227,Dance,Manhattan Council District #2,Manhattan Community Board #3,Manhattan,40.728956,-73.987401,"38","1006362",1004500006,East Village
"601","La Mama Experimental Theater Club, Inc.",74A East 4th Street,New York,NY,"10003",(212) 254-6468,Theater,Manhattan Council District #2,Manhattan Community Board #3,Manhattan,40.726494,-73.990169,"38",,,East Village
"602",LaGuardia Performing Arts Center,"31-10 Thomson Avenue, Room E413",Long Island City,NY,"11101",(718) 482-5301,"Multi-Discipline, Performing",Queens Council District #26,Queens Community Board #1,Queens,40.744902,-73.935022,"179","4003534",4002780001,Hunters Point-Sunnyside-West Maspeth
"603",LaGuardia and Wagner Archives,31-10 Thomson Avenue,Long Island City,NY,"11101",(718) 482-5301,Humanities,Queens Council District #26,Queens Community Board #2,Queens,40.744902,-73.935022,"179","4003534",4002780001,Hunters Point-Sunnyside-West Maspeth
"604","Landmark West, Inc.",45 West 67th Street,New York,NY,"10023",(212) 496-8110,Architecture/Design,Manhattan Council District #6,Manhattan Community Board #7,Manhattan,40.773595,-73.979594,"153","1028260",1011207501,Lincoln Square
"605",Lark Theatre Company,311 West 43rd Street,New York,NY,"10036",(212) 246-2676 x23,Theater,Manhattan Council District #6,Manhattan Community Board #4,Manhattan,40.75818,-73.989922,"121","1024965",1010340022,Clinton
"606",Latin American Theatre Ensemble Inc.,"350 West 51st Street,  Apt. 13-D",New York,NY,"10019",(212) 397-3262,Theater,Manhattan Council District #8,Manhattan Community Board #11,Manhattan,40.76374,-73.987632,"133","1025183",1010410050,Clinton
"607","Latino International Theater Festival of New York, Inc.","142 East 27th Street, Ste. 1A",New York,NY,"10016",(212) 695-4010,Theater,Manhattan Council District #2,Manhattan Community Board #6,Manhattan,40.741825,-73.982458,"68","1018149",1008820056,Gramercy
"608","Latsky Dance, Inc.","400 West 43rd Street, #21S",New York,NY,"10036",(212) 679-7399,Dance,Manhattan Council District #3,Manhattan Community Board #4,Manhattan,40.759302,-73.992636,"121","1083745",1010520001,Clinton
"609","Laurie Foundation for the Performing Arts, Inc.",547 West 26th Street,New York,NY,"10001",(212) 244-0015,Dance,Manhattan Council District #3,Manhattan Community Board #4,Manhattan,40.750259,-74.004345,"99","1012390",1006980010,Hudson Yards-Chelsea-Flatiron-Union Square
"610","League of American Theatres and Producers, Inc.","226 West 47th Street, 6th floor",New York,NY,"10036",(212) 703-0222,Theater,Manhattan Council District #3,Manhattan Community Board #5,Manhattan,40.759713,-73.985854,"125","1024743",1010180044,Midtown-Midtown South
"611",League of Professional Theatre Women,520 8th Avenue,New York,NY,"10018",(888) 297-3117,Theater,Manhattan Council District #3,Manhattan Community Board #5,Manhattan,40.753612,-73.992417,"109","1083624",1007860001,Midtown-Midtown South
"612","Learning Leaders, Inc.","80 Maiden Lane, 11th Floor",New York,NY,"10038",(212) 213-3370 x530,Visual Arts,Manhattan Council District #1,Manhattan Community Board #1,Manhattan,40.707116,-74.007329,"7","1001015",1000420031,Battery Park City-Lower Manhattan
"613","Learning Through an Expanded Arts Program, Inc.","535 Eighth Avenue, Suite 1100",New York,NY,"10018",(212) 769-4160 x7,"Multi-Discipline, Non-Perform",Manhattan Council District #6,Manhattan Community Board #7,Manhattan,40.75395,-73.992193,"111","1013599",1007600043,Hudson Yards-Chelsea-Flatiron-Union Square
"614",Lesbian & Gay Big Apple Corps,332 Bleecker Street,New York,NY,"10014",(212) 591-2886,Music,Manhattan Council District #3,Manhattan Community Board #2,Manhattan,40.733529,-74.004352,"73","1011145",1006190033,West Village
"615","Lesbian and Gay Community Services Center, Inc.",208 West 13th Street,New York,NY,"10011",(212) 620-7310 x244,"Multi-Discipl, Perf & Non-Perf",Manhattan Council District #3,Manhattan Community Board #2,Manhattan,40.738034,-74.000603,"77","1067571",1006170047,West Village
"616",Leslie-Lohman Museum of Gay and Lesbian Art,26 Wooster Street,New York,NY,"10013",(212) 431-2609,Museum,Manhattan Council District #1,Manhattan Community Board #2,Manhattan,40.721705,-74.003204,"47","1077455",1002290020,SoHo-TriBeCa-Civic Center-Little Italy
"617","Leviathan Lab, Inc.","425 West 18th Street, #11F",New York,NY,10011-3881,(347) 581-3047,Theater,Manhattan Council District #3,Manhattan Community Board #4,Manhattan,40.743962,-74.004735,"89","1000000",1007167506,Hudson Yards-Chelsea-Flatiron-Union Square
"618","Liberata Dance Theatre, Inc.","440 West 34th Street, Apt. 13G",New York,NY,"10001",(212) 971-6054,"Multi-Discipline, Performing",Manhattan Council District #3,Manhattan Community Board #4,Manhattan,40.754022,-73.997842,"103","1012854",1007310065,Hudson Yards-Chelsea-Flatiron-Union Square
"619","Urban Archive, Inc.",123 Bowery,New York,NY,"10002",(631) 645-8363,"Multi-Discipline, Non-Perform",Manhattan Council District #1,Manhattan Community Board #3,Manhattan,40.718175,-73.994946,"16","1003930",1003040015,Chinatown
"620",Life Jacket Theatre Company,"51 Jane Street, Suite #10",New York,NY,"10014",(917) 478-3572,Theater,Manhattan Council District #3,Manhattan Community Board #2,Manhattan,40.738146,-74.005131,"77","1011667",1006260054,West Village
"621","Life Through Dance, Inc.","345 Riverside Drive, Apt. 5A",New York,NY,"10025",(646) 250-1847,Dance,Manhattan Council District #9,Bronx Community Board #7,Manhattan,40.802794,-73.969464,"195","1057273",1018920032,Morningside Heights
"622","Light Industry Cinema Projects, Ltd.",155 Freeman Street,Brooklyn,NY,"11222",(646) 420-0359,Film/Video/Audio,Brooklyn Council District #38,Brooklyn Community Board #7,Brooklyn,40.734377,-73.955816,"563","3063927",3025047502,Greenpoint
"623",Lighthouse International,250 West 64th Street,New York,NY,"10023",(212) 821-9374,Music,Manhattan Council District #4,Manhattan Community Board #8,Manhattan,40.774338,-73.987266,"151","1030337",1011547501,Lincoln Square
"624","Lincoln Center for the Performing Arts, Inc.",165 West 65th Street,New York,NY,"10023",(212) 875-5000,"Multi-Discipline, Performing",Manhattan Council District #6,Manhattan Community Board #7,Manhattan,40.773742,-73.983865,"149","1077844",1011377501,Lincoln Square
"625","Lincoln Square District Management Association, Inc.","1841 Broadway, Ste. 1112",New York,NY,"10023",(212) 581-3774,Music,Manhattan Council District #6,Manhattan Community Board #7,Manhattan,40.769158,-73.982429,"145","1027189",1011130018,Lincoln Square
"626",Lindsay's Theatre,"161 Sixth Avenue, 14th Floor",New York,NY,"10013",(212) 691-6969,Theater,,Manhattan Community Board #2,Manhattan,40.725677,-74.003976,"37","1007822",1005050031,SoHo-TriBeCa-Civic Center-Little Italy
"627",Literary Arts & Film Foundation Inc.,"608 West 135th Street, Suite 5a",New York,NY,"10031",(212) 283-4738,Film/Video/Audio,Manhattan Council District #7,Manhattan Community Board #9,Manhattan,40.820348,-73.955687,"22302","1079747",1020010038,Manhattanville
"628",Literary Freedom Project,557 Grand Concourse,Bronx,NY,"10451",(347) 454-2161,Literature,Bronx Council District #8,Bronx Community Board #4,Bronx,40.819057,-73.927092,"63","2001057",2023470024,West Concourse
"629","Little Orchestra Society/Orpheon, Inc.",630 Ninth Avenue,New York,NY,"10036",(212) 971-9500 x119,Music,Manhattan Council District #3,Manhattan Community Board #4,Manhattan,40.760038,-73.991449,"121","1024982",1010350001,Clinton
"630","Living Image Arts, Inc.",1072 Lorimer Street,Brooklyn,NY,"11222",(718) 389-2151,Theater,Brooklyn Council District #33,Brooklyn Community Board #1,Brooklyn,40.727372,-73.953851,"561","3065314",3025960008,Greenpoint
"631","Living Theatre, Inc.",21 Clinton Street,New York,NY,"10002",(212) 397-9307,Theater,Manhattan Council District #1,Manhattan Community Board #3,Manhattan,40.720683,-73.984253,"3001","1088336",1003500026,Chinatown
"632","Living Traditions, Inc.","207 West 25th Street, 4th Floor",New York,NY,"10001",(212) 532-8202,Folk Arts,Manhattan Council District #2,Manhattan Community Board #5,Manhattan,40.745623,-73.995254,"91","1014211",1007757501,Hudson Yards-Chelsea-Flatiron-Union Square
"633",Local 802 Senior Musicians Association,322 West 48th Street,New York,NY,"10036",(212) 245-4802 x228,Music,Manhattan Council District #4,Manhattan Community Board #3,Manhattan,40.761399,-73.987896,"127","1025108",1010380043,Clinton
"634",Local Project,11-27 44th Road,New York,NY,"11101",(646) 298-0969,"Multi-Discipl, Perf & Non-Perf",Queens Council District #26,Queens Community Board #2,Queens,40.749237,-73.949061,"19","4005222",4004460018,Hunters Point-Sunnyside-West Maspeth
"635","Location One, Inc.",26 Greene Street,New York,NY,"10013",(212) 334-3347,Visual Arts,Manhattan Council District #1,Manhattan Community Board #2,Manhattan,40.721172,-74.002576,"47","1002990",1002307503,SoHo-TriBeCa-Civic Center-Little Italy
"636","Loco-Motion Dance Theatre for Children, Inc.",112 St. Marks Place #2,Brooklyn,NY,"11217",(212) 995-9027,Dance,Manhattan Council District #3,Manhattan Community Board #2,Manhattan,40.727317,-73.984655,"32","1005828",1004350019,East Village
"637",Loco7 Dance Puppet Theatre Company Incorporated,"69 East 4th Street, apt 4c",New York,NY,"10003",(646) 642-5990,Theater,Manhattan Council District #2,Manhattan Community Board #3,Manhattan,40.726634,-73.99045,"38","1077982",1004600052,East Village
"638","Loft Practice Organization, Inc.",212 E Broadway 1103g,New York,NY,"10002",(201) 881-3086,Dance,Manhattan Council District #1,Manhattan Community Board #3,Manhattan,40.714285,-73.987591,"1401","1077607",1003110013,Lower East Side
"639","LonGar Ebony Ensemble, Ltd.",119 West 119th Street,New York,NY,"10026",(212) 749-5500 x2128655522,Music,Manhattan Council District #9,Manhattan Community Board #10,Manhattan,40.80431,-73.949087,"220","1057550",1019040022,Central Harlem South
"640","Looking Glass Productions of New York, Inc.","812 Broadway, 3rd Floor",New York,NY,"10003",(212) 420-9208,"Multi-Discipl, Perf & Non-Perf",Manhattan Council District #2,Manhattan Community Board #2,Manhattan,40.732741,-73.991203,"61","1080118",1005570012,West Village
"641","Looking Glass Theatre, Inc.",422 West 57th Street,New York,NY,"10019",(212) 307-9467,Theater,Manhattan Council District #6,Manhattan Community Board #5,Manhattan,40.768277,-73.986592,"139","1080955",1010660043,Clinton
"642","Los Pleneros de la 21, Inc.",1680 Lexington Avenue,New York,NY,"10029",(212) 427-5221,Folk Arts,Manhattan Council District #8,Manhattan Community Board #11,Manhattan,40.791881,-73.946558,"172","1051991",1016330013,East Harlem South
"643","Lot Radio, Inc.",17 Nassau Ave,Brooklyn,NY,"11222",(347) 446-6553,Music,Brooklyn Council District #33,Brooklyn Community Board #1,Brooklyn,40.722722,-73.953966,"569","3065937",3026400001,Greenpoint
"644","Lotus Fine Arts Productions, Inc.","310 Riverside Drive, Room 210",New York,NY,"10025",(212) 627-1076 x14,Folk Arts,Manhattan Council District #3,Manhattan Community Board #4,Manhattan,40.800423,-73.971383,"191","1057188",1018900040,Upper West Side
"645","Lower East Side Community Music Workshop, Inc.","95 Avenue B, 1st floor",New York,NY,"10009",(212) 353-1843,Music,Manhattan Council District #2,Manhattan Community Board #3,Manhattan,40.724627,-73.981525,"2602","1004669",1003890002,Lower East Side
"646",Lower East Side Conservancy,235 East Broadway,New York,NY,"10002",(212) 233-6037,"Multi-Discipline, Non-Perform",Manhattan Council District #1,Manhattan Community Board #3,Manhattan,40.714359,-73.986509,"201","1003732",1002860033,Lower East Side
"647",Lower East Side District Management Association,54 Orchard Street,New York,NY,"10002",(212) 226-9010,"Multi-Discipl, Perf & Non-Perf",Manhattan Council District #1,Manhattan Community Board #3,Manhattan,40.716679,-73.99096,"16","1004000",1003090006,Chinatown
"648",Lower East Side Girls Club,101 Avenue D,New York,NY,"10009",(212) 982-1633 x104,"Multi-Discipl, Perf & Non-Perf",Manhattan Council District #2,Manhattan Community Board #3,Manhattan,40.723308,-73.976323,"2602","1089381",1003777503,Lower East Side
"649","Lower East Side Performing Arts, Inc.",268 East Broadway,New York,NY,"10002",(212) 388-0202,"Multi-Discipline, Performing",Manhattan Council District #1,Manhattan Community Board #1,Manhattan,40.714499,-73.984979,"1401","1082654",1003150001,Lower East Side
"650","Lower East Side Printshop, Inc.","306 West 37th Street, 6th floor",New York,NY,"10018",(212) 673-5390 x14,Visual Arts,Manhattan Council District #3,Manhattan Community Board #4,Manhattan,40.754318,-73.99263,"111","1013596",1007600032,Hudson Yards-Chelsea-Flatiron-Union Square
"651",Lower East Side Tenement Museum,103 Orchard Street,New York,NY,"10002",(212) 431-0233 x222,Museum,Manhattan Council District #1,Manhattan Community Board #3,Manhattan,40.718592,-73.990007,"18","1005471",1004140051,Chinatown
"652",Lower Manhattan Cultural Council,"125 Maiden Lane, 2nd floor",New York,NY,"10038",(212) 219-9401 x103,"Multi-Discipline, Non-Perform",Manhattan Council District #1,Manhattan Community Board #1,Manhattan,40.706397,-74.006341,"1502","1087484",1000707501,Battery Park City-Lower Manhattan
"653","Lubovitch Dance Foundation, Inc.","229 West 42nd Street, 8th Floor",New York,NY,"10036",(212) 221-7909,Dance,Manhattan Council District #1,Manhattan Community Board #3,Manhattan,40.756571,-73.98819,"119","1024683",1010140017,Midtown-Midtown South
"654",Lucille Lortel Theatre Foundation Inc.,322 8th Avenue,New York,NY,"10001",(212) 924-2817,Theater,Manhattan Council District #3,Manhattan Community Board #5,Manhattan,40.747294,-73.997023,"95","1014225",1007760001,Midtown-Midtown South
"655","Lyric Chamber Music Society of New York, Inc.","20 West 64th Street, Apt. 27H",New York,NY,"10023",(212) 496-9927,Music,Manhattan Council District #6,Manhattan Community Board #7,Manhattan,40.77143,-73.980335,"149","1027472",1011167501,Lincoln Square
"656","MA-YI Filipino Theatre Ensemble, Inc.","520 Eighth Avenue, Suite #309",New York,NY,"10018",(212) 971-4862,Theater,Manhattan Council District #3,Manhattan Community Board #5,Manhattan,40.753612,-73.992417,"109","1083624",1007860001,Midtown-Midtown South
"657","MAPP International Productions, Inc.",140 Second Avenue,New York,NY,"10003",(646) 602-9390,"Multi-Discipl, Perf & Non-Perf",Manhattan Council District #2,Manhattan Community Board #3,Manhattan,40.728956,-73.987401,"38","1006362",1004500006,East Village
"658","MUSE Film and Television, Inc.","1 East 53rd Street, 10th Floor",New York,NY,"10022",(212) 688-8280,Film/Video/Audio,Manhattan Council District #3,Manhattan Community Board #5,Manhattan,40.760324,-73.975584,"102","1035725",1012890005,Midtown-Midtown South
"659",Madison Square Park Conservancy,11 Madison Avenue,New York,NY,"10010",(212) 538-7150,"Multi-Discipl, Perf & Non-Perf",Manhattan Council District #3,Manhattan Community Board #5,Manhattan,40.741617,-73.987449,"56","1088910",1008547501,Hudson Yards-Chelsea-Flatiron-Union Square
"660","Magic Box Productions, Inc.","320 Central Park West, Apt. 19B",New York,NY,"10025",(718) 809-7405,"Multi-Discipline, Non-Perform",Manhattan Council District #6,Manhattan Community Board #6,Manhattan,40.789015,-73.966632,"177","1031626",1012050034,Upper West Side
"661",Magnum Foundation,"59 East 4th Street, #7W",New York,NY,"10003",(212) 219-1248,Photography,Manhattan Council District #3,Manhattan Community Board #4,Manhattan,40.726785,-73.990807,"38","1082642",1004600056,East Village
"662",Main Street Theatre & Dance Alliance,548 Main Street,Roosevelt Island,NY,"10044",(212) 371-4449,"Multi-Discipline, Performing",Manhattan Council District #5,Manhattan Community Board #8,Manhattan,40.761839,-73.949734,"23801","1084696",1013730030,Lenox Hill-Roosevelt Island
"663","Makam New York, Inc.",1800 7th Ave #7C,New York,NY,"10026",(646) 522-9285,"Multi-Discipl, Perf & Non-Perf",Manhattan Council District #9,Manhattan Community Board #10,Manhattan,40.799534,-73.955246,"216","1076519",1018267501,Central Harlem South
"664","Making Books Sing, Inc.",340 East 46th Street,New York,NY,"10017",(212) 573-8791 x240,Theater,Manhattan Council District #4,Manhattan Community Board #6,Manhattan,40.751943,-73.969339,"90","1038777",1013380035,Turtle Bay-East Midtown
"665","Mama Foundation for the Arts, Inc.",149 West 126th Street,New York,NY,"10027",(212) 280-1045,Music,Manhattan Council District #9,Manhattan Community Board #10,Manhattan,40.809036,-73.946375,"224","1057889",1019110112,Central Harlem North-Polo Grounds
"666","Manhattan Art Program, Inc.","800 6th avenue, suite 11C",New York,NY,"10010",(212) 686-2202,Visual Arts,Manhattan Council District #1,Manhattan Community Board #1,Manhattan,40.745342,-73.990487,"58","1088723",1008290001,Hudson Yards-Chelsea-Flatiron-Union Square
"667","Manhattan Class Company, Inc.",511 West 52nd Street,New York,NY,"10019",(212) 727-7722 x239,Theater,Manhattan Council District #3,Manhattan Community Board #4,Manhattan,40.766411,-73.991989,"135","1087777",1010817502,Clinton
"668",Manhattan Community Access Corporation,537 West 59th Street,New York,NY,"10019",(212) 757-2670 x324,Film/Video/Audio,Manhattan Council District #6,Manhattan Community Board #7,Manhattan,40.77091,-73.988768,"147","1030307",1011510012,Lincoln Square
"669",Manhattan Graphics Center,250 West 40th Street,New York,NY,"10018",(212) 219-8783,Visual Arts,Manhattan Council District #3,Manhattan Community Board #2,Manhattan,40.75535,-73.989334,"113","1014509",1007890067,Midtown-Midtown South
"670","Manhattan New Music Project, Inc.",243 West 30th Street,New York,NY,"10001",(212) 977-1070,Music,Manhattan Council District #3,Manhattan Community Board #4,Manhattan,40.749018,-73.993731,"101","1014340",1007800015,Midtown-Midtown South
"671",Manhattan School of Music,120 Claremont Avenue,New York,NY,"10027",(917) 749-4433,Music,Manhattan Council District #7,Manhattan Community Board #9,Manhattan,40.812475,-73.961931,"211","1076684",1019930001,Morningside Heights
"672","Manhattan Sprout, Inc.",270 West 96th Street,New York,NY,"10025",(212) 222-9575,Film/Video/Audio,Manhattan Council District #8,Manhattan Community Board #7,Manhattan,40.794981,-73.972584,"183","1033711",1012430060,Upper West Side
"673","Manhattan Theatre Club, Inc.","311 West 43rd Street, Eighth Floor",New York,NY,"10036",(212) 399-3000 x4124,Theater,Manhattan Council District #3,Manhattan Community Board #5,Manhattan,40.75818,-73.989922,"121","1024965",1010340022,Clinton
"674",Manhattan Theatre Source Incorporated,177 MacDougal Street,New York,NY,"10011",(212) 260-4698,Theater,Manhattan Council District #3,Manhattan Community Board #2,Manhattan,40.732783,-73.998142,"63","1077891",1005530026,West Village
"675","Manna House Workshops, Inc.",338 East 106th Street,New York,NY,"10029",(212) 722-8223,"Multi-Discipline, Performing",Manhattan Council District #8,Manhattan Community Board #11,Manhattan,40.790012,-73.941005,"170","1052766",1016770035,East Harlem South
"676","Marilyn Horne Foundation, Inc.","250 West 57th Street, Ste. 603",New York,NY,"10107",(212) 582-2000,Music,Manhattan Council District #6,Manhattan Community Board #5,Manhattan,40.766391,-73.982119,"137","1024899",1010280056,Midtown-Midtown South
"677","Marquis Studios, Ltd.",20 Jay Street,Brooklyn,NY,"11201",(718) 694-9400,"Multi-Discipl, Perf & Non-Perf",Brooklyn Council District #33,Brooklyn Community Board #2,Brooklyn,40.704313,-73.986587,"21","3000010",3000190001,DUMBO-Vinegar Hill-Downtown Brooklyn-Boerum Hill
"678","Martha Graham Center of Contemporary Dance, Inc.",55 Bethune Street,New York,NY,"10014",(917) 553-5984,Dance,Manhattan Council District #5,Manhattan Community Board #8,Manhattan,40.736955,-74.008494,"79","1012047",1006390001,West Village
"679","Martina Arroyo Foundation, Inc.","200 Central Park South, Apt. 20-I",New York,NY,"10019",(212) 397-7256,Music,Manhattan Council District #4,Manhattan Community Board #5,Manhattan,40.767019,-73.979444,"137","1024918",1010300029,Midtown-Midtown South
"680",Mary Miss / City as Living Laboratory,"349 Greenwich Street, #5",New York,NY,"10013",(212) 966-4287,"Multi-Discipline, Non-Perform",Manhattan Council District #1,Manhattan Community Board #1,Manhattan,40.718559,-74.010433,"39","1002032",1001807511,SoHo-TriBeCa-Civic Center-Little Italy
"681","MasterVoices, Inc.",1441 Broadway,New York,NY,"10018",(646) 202-9623,Music,Manhattan Council District #4,Manhattan Community Board #5,Manhattan,40.754707,-73.986753,"113","1022569",1009930055,Midtown-Midtown South
"682","Maysles Institute, Inc.",343 Lenox Avenue,New York,NY,"10027",(212) 582-6050 x214,Film/Video/Audio,Manhattan Council District #9,Manhattan Community Board #10,Manhattan,40.809254,-73.944416,"224","1086536",1019120130,Central Harlem North-Polo Grounds
"683","Medicine Show Theatre Ensemble, Inc.","549 West 52nd Street, Third Floor",New York,NY,"10019",(212) 262-4216,Theater,Manhattan Council District #3,Manhattan Community Board #4,Manhattan,40.766669,-73.992603,"135","1081734",1010810080,Clinton
"684","Meet the Composer, Inc.","90 John Street, Ste. 312",New York,NY,"10038",(212) 645-6949 x111,Music,Manhattan Council District #1,Manhattan Community Board #1,Manhattan,40.708173,-74.006464,"1502","1001127",1000697502,Battery Park City-Lower Manhattan
"685",Megan Jill Paznik,"275 West 22nd Street, Suite 2A",New York,NY,"10011",(212) 924-3622,Film/Video/Audio,Manhattan Council District #3,Manhattan Community Board #4,Manhattan,40.744396,-73.998394,"91","1014107",1007720007,Hudson Yards-Chelsea-Flatiron-Union Square
"686","Melodia Women's Choir of NYC, Inc.","446 West 47th Street, Apt. 1B",New York,NY,"10036",(212) 757-2945,Music,Manhattan Council District #3,Manhattan Community Board #5,Manhattan,40.762176,-73.991683,"127","1026520",1010567501,Clinton
"687","Melting Pot Theatre, Inc.","2444 Broadway, Suite 231",New York,NY,"10024",(212) 874-7210 x2,Theater,Manhattan Council District #6,Manhattan Community Board #7,Manhattan,40.791029,-73.974417,"179","1033556",1012387501,Upper West Side
"688","Mencius Society for the Arts, Inc.","175 Delancey Street, 4th Floor",New York,NY,"10002",(212) 431-7373,Music,Manhattan Council District #1,Manhattan Community Board #2,Manhattan,40.717466,-73.985004,"1402","1089451",1003477501,Lower East Side
"689",Mendelssohn Glee Club,"393 West End Avenue, Apt. 8C",New York,NY,"10024",(845) 525-0100,Music,Manhattan Council District #6,Manhattan Community Board #7,Manhattan,40.784133,-73.981335,"167","1031127",1011860083,Upper West Side
"690",Mercantile Library Association of the City of New York,17 East 47th Street,New York,NY,"10017",(212) 755-6710,Literature,Manhattan Council District #3,Manhattan Community Board #5,Manhattan,40.756246,-73.977571,"94","1035417",1012830013,Midtown-Midtown South
"691",Mercy Corps,75 Broad Street,New York,NY,"10004",(212) 537-0508,"Multi-Discipline, Non-Perform",Manhattan Council District #1,Manhattan Community Board #1,Manhattan,40.704541,-74.011552,"9","1000849",1000290070,Battery Park City-Lower Manhattan
"692",Metropolitan Historic Structures Association,232 East 11th Street,New York,NY,"10003",(718) 343-8830,"Multi-Discipline, Non-Perform",Manhattan Council District #2,Manhattan Community Board #3,Manhattan,40.730817,-73.987433,"40","1006817",1004660025,East Village
"693",Metropolitan Museum of Art,1000 Fifth Avenue,New York,NY,"10028",(212) 879-5500,Visual Arts,Manhattan Council District #6,Manhattan Community Board #8,Manhattan,40.778633,-73.962546,"143","1083810",1011110001,park-cemetery-etc-Manhattan
"694","Metropolitan Opera Association, Inc.",30 Lincoln Center,New York,NY,"10023",(212) 870-7647,Music,Manhattan Council District #6,Manhattan Community Board #7,Manhattan,40.772031,-73.98275,"149","1081022",1011340001,Lincoln Square
"695","Metropolitan Opera Guild, Inc.","70 Lincoln Center Plaza, Sixth Floor",New York,NY,"10023",(212) 769-7069,"Multi-Discipl, Perf & Non-Perf",Manhattan Council District #6,Manhattan Community Board #7,Manhattan,40.773626,-73.983591,"149","1077844",1011377501,Lincoln Square
"696",Mexican American Symphony Orchestra,30 West 63rd Street,New York,NY,"10023",(212) 564-0508,Music,Manhattan Council District #3,Manhattan Community Board #4,Manhattan,40.77109,-73.981454,"149","1027463",1011157503,Lincoln Square
"697","MiShinnah Productions, Inc",435 E. 76th Street #3D,New York,NY,"10021",(917) 664-9696,"Multi-Discipline, Performing",Manhattan Council District #5,Manhattan Community Board #8,Manhattan,40.770025,-73.953222,"132","1045956",1014717501,Lenox Hill-Roosevelt Island
"698",Michael Chekhov Theatre Company,"161 Sixth Avenue, 14th Floor",New York,NY,"10013",(212) 691-6969 x13,Theater,Manhattan Council District #3,Manhattan Community Board #4,Manhattan,40.725677,-74.003976,"37","1007822",1005050031,SoHo-TriBeCa-Civic Center-Little Italy
"699","Midori Foundation, Inc.","352 Seventh Avenue, Ste. 301",New York,NY,"10001",(212) 767-1300 x18,Music,Manhattan Council District #3,Manhattan Community Board #6,Manhattan,40.748208,-73.992663,"95","1014291",1007790041,Midtown-Midtown South
"700","Midtown Management Group, Inc.","630 Ninth Avenue, Ste. 802",New York,NY,"10036",(212) 245-0710,Theater,Manhattan Council District #3,Manhattan Community Board #4,Manhattan,40.760038,-73.991449,"121","1024982",1010350001,Clinton
"701","Millennium Film Workshop, Inc.",66 East 4th Street,New York,NY,"10003",(212) 673-0090,Film/Video/Audio,Manhattan Council District #2,Manhattan Community Board #3,Manhattan,40.726634,-73.990497,"38","1082672",1004590019,East Village
"702","Mind to Move, Inc.",129 Columbia Heights,Brooklyn,NY,"11201",(917) 767-6350,Dance,Brooklyn Council District #33,Brooklyn Community Board #2,Brooklyn,40.698605,-73.996177,"301","3001710",3002290006,Brooklyn Heights-Cobble Hill
"703","Mint Theater Company, Inc.",330 West 42nd Street,New York,NY,"10036",(212) 315-9434,Theater,Manhattan Council District #3,Manhattan Community Board #4,Manhattan,40.757661,-73.990832,"115","1024926",1010320048,Clinton
"704","Momenta Art, Inc.",56 Bogart Street,Brooklyn,NY,"11206",(718) 218-8058,Visual Arts,Brooklyn Council District #34,Brooklyn Community Board #1,Brooklyn,40.705533,-73.933351,"453","3071424",3030930001,Bushwick North
"705","Monica Bill Barnes & Company, Inc.","41 Perry Street, Apt. 2A",New York,NY,"10014",(917) 903-0149,Dance,Manhattan Council District #3,Manhattan Community Board #2,Manhattan,40.735621,-74.002818,"73","1010930",1006130040,West Village
"706","Morballet, Inc.",315 W 105th St,New York,NY,"10025",(203) 313-4300,Dance,Manhattan Council District #6,Manhattan Community Board #7,Manhattan,40.801139,-73.969458,"191","1057232",1018910046,Upper West Side
"707","More Art, Inc.","71 Nassau Street, Apt. 13A",New York,NY,"10038",(212) 260-7607,"Multi-Discipline, Non-Perform",Manhattan Council District #1,Manhattan Community Board #1,Manhattan,40.709639,-74.008325,"1502","1001215",1000797503,Battery Park City-Lower Manhattan
"708","Morphoses, Ltd.",800 Fifth Avenue #18B,New York,NY,"10065",(212) 813-9818,Dance,Manhattan Council District #3,Manhattan Community Board #5,Manhattan,40.765609,-73.972022,"11401","1078315",1013760001,Upper East Side-Carnegie Hill
"709","Movement Research, Inc.",150 First Avenue,New York,NY,"10009",(212) 598-0551 x2,Dance,Manhattan Council District #3,Manhattan Community Board #4,Manhattan,40.728261,-73.984785,"34","1005894",1004370001,East Village
"710","Moving For Life, Inc.","55 Ave C, South Storefront",New York,NY,"10009",(212) 222-1351,Dance,Manhattan Council District #2,Manhattan Community Board #3,Manhattan,40.722395,-73.9801,"2601","1004645",1003870037,Lower East Side
"711",Moving Mountains Inc.,"195 Plymouth Street, Suite",Brooklyn,NY,"11201",(347) 866-8279,Theater,Brooklyn Council District #33,Brooklyn Community Board #2,Brooklyn,40.703729,-73.985501,"21","3343214",3000200029,DUMBO-Vinegar Hill-Downtown Brooklyn-Boerum Hill
"712",Muller Works Foundation,"131 West 24th Street, 4th Floor",New York,NY,"10011",(212) 691-3803,Dance,Manhattan Council District #3,Manhattan Community Board #4,Manhattan,40.744011,-73.993349,"91","1014979",1008000022,Hudson Yards-Chelsea-Flatiron-Union Square
"713","Multicultural Music Group, Inc.",601 Walton Avenue,Bronx,NY,"10451",(718) 884-5495,Music,Bronx Council District #17,Bronx Community Board #1,Bronx,40.820221,-73.927849,"63","2001136",2023530048,West Concourse
"714",Municipal Art Society of New York,488 Madison Avenue,New York,NY,"10022",(212) 935-3960 x232,Architecture/Design,Manhattan Council District #3,Manhattan Community Board #5,Manhattan,40.758888,-73.974855,"102","1035470",1012870014,Midtown-Midtown South
"715",Museum at Eldridge Street,12 Eldridge Street,New York,NY,"10002",(212) 219-0888 x203,Museum,Manhattan Council District #1,Manhattan Community Board #3,Manhattan,40.714733,-73.993713,"16","1003778",1002930003,Chinatown
"716","Museum of African American Cinema, Inc.","163 West 125th Street, Suite 903",New York,NY,"10027",(212) 749-5298,Museum,Manhattan Council District #9,Manhattan Community Board #10,Manhattan,40.808644,-73.947524,"222","1081602",1019100001,Central Harlem South
"717",Museum of American Finance,48 Wall Street,New York,NY,"10005",(212) 908-4110,Museum,Manhattan Council District #1,Manhattan Community Board #1,Manhattan,40.706331,-74.009396,"7","1001005",1000400014,Battery Park City-Lower Manhattan
"718",Museum of Biblical Art,1865 Broadway,New York,NY,"10023",(212) 408-1236,Museum,Manhattan Council District #6,Manhattan Community Board #7,Manhattan,40.769995,-73.982137,"145","1090158",1011140009,Lincoln Square
"719",Museum of Chinese in the Americas,"70 Mulberry Street, 2nd Floor",New York,NY,"10013",(212) 619-4785 x108,Museum,Manhattan Council District #1,Manhattan Community Board #3,Manhattan,40.716092,-73.999203,"29","1066494",1002000001,Chinatown
"720",Museum of Comic and Cartoon Art,"594 Broadway, Ste. 401",New York,NY,"10012",(212) 254-3511,Museum,Manhattan Council District #1,Manhattan Community Board #2,Manhattan,40.72496,-73.997157,"43","1007944",1005110012,SoHo-TriBeCa-Civic Center-Little Italy
"721",Museum of Food and Drink,232 East 11th Street,New York,NY,"10003",(212) 228-5482,Museum,Manhattan Council District #2,Manhattan Community Board #3,Manhattan,40.730817,-73.987433,"40","1006817",1004660025,East Village
"722",Museum of Jewish Heritage – A Living Memorial to the Holocaust,36 Battery Place,New York,NY,"10280",(646) 437-4200,Museum,Manhattan Council District #1,Manhattan Community Board #1,Manhattan,40.705806,-74.018001,"31704","1084594",1000160010,Battery Park City-Lower Manhattan
"723",Museum of Modern Art,11 West 53rd Street,New York,NY,"10019",(212) 708-9773,Museum,Manhattan Council District #3,Manhattan Community Board #5,Manhattan,40.761002,-73.977201,"104","1081128",1012690020,Midtown-Midtown South
"724",Museum of Music & Entertainment in New York City,"550 Grand Street, H3A",New York,NY,"10002",(646) 342-7740,Music,Manhattan Council District #1,Manhattan Community Board #3,Manhattan,40.714117,-73.980402,"12","1076784",1003310120,Lower East Side
"725",Museum of the City of New York,1220 Fifth Avenue,New York,NY,"10029",(212) 534-1672,Museum,Manhattan Council District #8,Manhattan Community Board #11,Manhattan,40.792438,-73.952448,"168","1074157",1016090001,East Harlem South
"726","Music Before 1800, Inc.",529 West 121 Street,New York,NY,"10027",(212) 666-0675,Music,Manhattan Council District #9,Manhattan Community Board #1,Manhattan,40.810853,-73.960711,"203","1059650",1019760009,Morningside Heights
"727","Music Outreach/Learning Through Music, Inc.",677 West End Avenue,New York,NY,"10025",(212) 316-2000,Music,Manhattan Council District #6,Manhattan Community Board #7,Manhattan,40.793189,-73.97473,"179","1034124",1012520020,Upper West Side
"728","Music at the Anthology, Inc.",260 West Broadway,New York,NY,"10013",(212) 563-5124,Music,Brooklyn Council District #33,Brooklyn Community Board #2,Brooklyn,40.708935,-73.959386,"525",,,North Side-South Side
"729",Music from China,"170 Park Row, Apt. 12D",New York,NY,"10038",(212) 941-8733,Music,Manhattan Council District #1,Manhattan Community Board #2,Manhattan,40.713144,-74.000198,"29","1077439",1001610001,Chinatown
"730",Music in the Center,"2350 Broadway, Ste. 203",New York,NY,"10024",(917) 459-6527,Music,Bronx Council District #15,Bronx Community Board #6,Manhattan,40.788007,-73.976747,"171","1033133",1012330016,Upper West Side
"731","Music-Theatre Group, Inc.",20 Jay Street,Brooklyn,NY,"11201",(718) 797-1145,"Multi-Discipline, Performing",Manhattan Council District #3,Manhattan Community Board #5,Manhattan,40.718068,-74.010191,"39","1001553",1001430021,SoHo-TriBeCa-Civic Center-Little Italy
"732","Musica De Camara, Inc.",1215 Fifth Avenue,New York,NY,"10029",(212) 410-5612,Music,Manhattan Council District #8,Manhattan Community Board #11,Manhattan,40.79181,-73.9529,"168","1051491",1016080001,East Harlem South
"733",Musica Viva Inc.,1157 Lexington Ave,New York,NY,"10075",(212) 794-3646,Music,Manhattan Council District #5,Manhattan Community Board #8,Manhattan,40.775377,-73.95858,"140","1047486",1015080053,Upper East Side-Carnegie Hill
"734",Musical Theatre Factory,440 Lafayette Street,New York,NY,"10003",(212) 477-5769,Theater,Manhattan Council District #2,Manhattan Community Board #2,Manhattan,40.729327,-73.991907,"57","1088676",1005450026,West Village
"735",Musicals Tonight! Inc.,"150 West 79th Street, Ste. 9A",New York,NY,"10024",(212) 362-5620,Theater,Manhattan Council District #6,Manhattan Community Board #7,Manhattan,40.782551,-73.97693,"165","1030264",1011500055,Upper West Side
"736","Musicians For Harmony, Inc.","345 East 93rd Street, Ste. 12B",New York,NY,"10128",(212) 996-8010,Music,Manhattan Council District #4,Manhattan Community Board #8,Manhattan,40.781501,-73.946545,"154","1050288",1015560023,Yorkville
"737",Muslim American Leadership Alliance,79 Madison Ave,New York,NY,"10016",(312) 451-8066,"Multi-Discipl, Perf & Non-Perf",Manhattan Council District #2,Manhattan Community Board #2,Manhattan,40.744096,-73.985619,"74","1016900",1008580022,Midtown-Midtown South
"738","NURTUREart Non-Profit, Inc.",56 Bogart Street,Brooklyn,NY,"11206",(718) 782-7755,Visual Arts,Brooklyn Council District #34,Brooklyn Community Board #1,Brooklyn,40.705533,-73.933351,"453","3071424",3030930001,Bushwick North
"739","NY Artists Unlimited, Inc.","212 West 14th Street, Ste. 2A",New York,NY,"10011",(212) 242-6036,Theater,Manhattan Council District #3,Manhattan Community Board #2,Manhattan,40.738827,-74.000357,"77","1011107",1006180026,West Village
"740",NY JAZZ Initiative,149 W. 46th Street,New York,NY,"10036",(646) 395-9581,Music,Manhattan Council District #3,Manhattan Community Board #5,Manhattan,40.757981,-73.983627,"125","1022664",1009990011,Midtown-Midtown South
"741","NY de Volunteer, Inc.",209 E. 2nd St.,New York,NY,"10009",(212) 932-7208,"Multi-Discipline, Non-Perform",Manhattan Council District #7,Manhattan Community Board #9,Manhattan,40.721811,-73.982968,"2202","1004570",1003847504,Lower East Side
"742",NYC Kids Project,311 West 24th Street,New York,NY,"10011",(646) 766-3456,"Multi-Discipline, Performing",Manhattan Council District #2,Manhattan Community Board #1,Manhattan,40.746043,-73.998333,"93","1083596",1007480001,Hudson Yards-Chelsea-Flatiron-Union Square
"743",NYC KidsFest,"61 Lenox Avenue, Apt. 5A",New York,NY,"10026",(646) 229-1900,"Multi-Discipline, Performing",Manhattan Council District #9,Brooklyn Community Board #10,Manhattan,40.800241,-73.950998,"216","1055014",1018237502,Central Harlem South
"744",NYC SALT,214 West 29th Street,New York,NY,"10001",(917) 992-6756,Photography,Manhattan Council District #3,Manhattan Community Board #4,Manhattan,40.748148,-73.993623,"95","1014267",1007780048,Midtown-Midtown South
"745","Nai-Ni Chen Dance Company, Inc.","1133 Broadway, Suite 706",New York,NY,"10010",(800) 650-0246,Dance,Manhattan Council District #7,Manhattan Community Board #9,Manhattan,40.743523,-73.989073,"58","1015625",1008270049,Hudson Yards-Chelsea-Flatiron-Union Square
"746","Naked Angels, Ltd.",151 Bank St,New York,NY,"10014",(212) 343-7394,Theater,Manhattan Council District #3,Manhattan Community Board #2,Manhattan,40.736112,-74.009053,"79","1012047",1006390001,West Village
"747",Nascenta Ltd,119 W 57th St,New York,NY,"10019",(631) 377-9057,"Multi-Discipl, Perf & Non-Perf",Manhattan Council District #4,Manhattan Community Board #5,Manhattan,40.764655,-73.977972,"137","1023725",1010100021,Midtown-Midtown South
"748",National Academy of Design,1083 Fifth Avenue,New York,NY,"10128",(212) 369-4880 x208,Museum,Manhattan Council District #4,Manhattan Community Board #8,Manhattan,40.78377,-73.958781,"15002","1046966",1015010004,Upper East Side-Carnegie Hill
"749","National Alliance for Musical Theatre, Inc.","520 Eighth Avenue, Ste. 301",New York,NY,"10018",(212) 714-6668 x11,Theater,Manhattan Council District #3,Manhattan Community Board #5,Manhattan,40.753612,-73.992417,"109","1083624",1007860001,Midtown-Midtown South
"750",National Arts Club,15 Gramercy Park South,New York,NY,"10003",(212) 475-3424,"Multi-Discipl, Perf & Non-Perf",Manhattan Council District #2,Manhattan Community Board #6,Manhattan,40.737783,-73.986483,"50","1090418",1008750070,Gramercy
"751",National Asian American Theater Festival,"520 8th Avenue, Ste. 308",New York,NY,"10018",(212) 224-0447,Theater,Manhattan Council District #3,Manhattan Community Board #5,Manhattan,40.753612,-73.992417,"109","1083624",1007860001,Midtown-Midtown South
"752","National Asian American Theatre Co., Inc.","520 Eighth Avenue, Ste. 308",New York,NY,"10018",(212) 244-0447,Theater,Manhattan Council District #3,Manhattan Community Board #5,Manhattan,40.753612,-73.992417,"109","1083624",1007860001,Midtown-Midtown South
"753","National Asian Artists Project, Inc.",10 West 66th Street 23C,New York,NY,"10023",(646) 543-6227,Theater,Manhattan Council District #6,Manhattan Community Board #7,Manhattan,40.772659,-73.979323,"149","1028163",1011180022,Lincoln Square
"754","National Association of Women Artists, Inc.","80 Fifth Avenue, Suite 1405",New York,NY,"10011",(212) 675-1616,Visual Arts,Manhattan Council District #3,Manhattan Community Board #2,Manhattan,40.735807,-73.993772,"63","1009717",1005770039,West Village
"755",National Black Programming Consortium,68 East 131 Street,New York,NY,"10037",(212) 234-8200,Film/Video/Audio,Manhattan Council District #9,Manhattan Community Board #11,Manhattan,40.809226,-73.937184,"206","1054287",1017550041,Central Harlem North-Polo Grounds
"756","National Black Theatre Workshop, Inc.",2031-33 Fifth Avenue,New York,NY,"10035",(212) 234-2468,Theater,Manhattan Council District #9,Manhattan Community Board #11,Manhattan,40.806783,-73.941984,"198","1054026",1017500001,East Harlem North
"757",National Choral Council,"1650 Broadway, Ste. 301",New York,NY,"10019",(212) 333-5333,Music,Manhattan Council District #6,Manhattan Community Board #7,Manhattan,40.761964,-73.983684,"131","1024811",1010220035,Midtown-Midtown South
"758",National Council of Jewish Women New York Section,820 Second Avenue,New York,NY,"10017",(212) 799-7205 x18,"Multi-Discipl, Perf & Non-Perf",Manhattan Council District #6,Manhattan Community Board #7,Manhattan,40.750971,-73.971361,"88","1038673",1013367502,Turtle Bay-East Midtown
"759","National Dance Institute, Inc.",217 West 147th Street,New York,NY,"10039",(212) 226-0083 x216,Dance,Manhattan Council District #7,Manhattan Community Board #2,Manhattan,40.823283,-73.938931,"234","1060526",1020337501,Central Harlem North-Polo Grounds
"760","National Guild for Community Arts Education, Inc.","520 Eighth Avenue, Suite 302",New York,NY,"10018",(212) 268-3337 x15,"Multi-Discipline, Non-Perform",Manhattan Council District #3,Manhattan Community Board #5,Manhattan,40.753612,-73.992417,"109","1083624",1007860001,Midtown-Midtown South
"761",National Museum of Catholic Art and History,443 East 115th Street,New York,NY,"10029",(212) 828-5209,Museum,Manhattan Council District #8,Manhattan Community Board #11,Manhattan,40.794897,-73.934887,"178","1081441",1017090031,East Harlem North
"762",National Museum of Mathematics,134 W. 26th St.,New York,NY,"10001",(212) 542-0566,Museum,Manhattan Council District #3,Manhattan Community Board #4,Manhattan,40.745266,-73.99254,"91","1015025",1008010061,Hudson Yards-Chelsea-Flatiron-Union Square
"763","National Music Theater Network, Inc.","250 West 49th Street, Suite 601",New York,NY,"10019",(212) 664-0979 x13,Theater,Manhattan Council District #3,Manhattan Community Board #4,Manhattan,40.761193,-73.985478,"125","1024785",1010200059,Midtown-Midtown South
"764",National September 11 Memorial and Museum at the World Trade Center,200 Liberty Street,New York,NY,"10281",(646) 480-3733,Museum,Manhattan Council District #1,Manhattan Community Board #1,Manhattan,40.711425,-74.015442,"31704","1000057",1000160120,Battery Park City-Lower Manhattan
"765","National Theater Workshop of the Handicapped, Inc.",535 Greenwich Street,New York,NY,"10013",(212) 206-7789,Theater,Manhattan Council District #3,Manhattan Community Board #2,Manhattan,40.726917,-74.00893,"37","1010366",1005970038,SoHo-TriBeCa-Civic Center-Little Italy
"766","National Urban League, Inc.","80 Pine Street, 9th Floor",New York,NY,"10005",(212) 558-5394,"Multi-Discipline, Non-Perform",Manhattan Council District #1,Manhattan Community Board #1,Manhattan,40.705892,-74.007181,"7","1000880",1000390012,Battery Park City-Lower Manhattan
"767","National Video Resources, Inc.","73 Spring Street, Suite 403",New York,NY,"10012",(212) 274-8080,Film/Video/Audio,Manhattan Council District #1,Manhattan Community Board #2,Manhattan,40.722542,-73.997673,"43","1079952",1004960036,SoHo-TriBeCa-Civic Center-Little Italy
"768","Naumburg Orchestral Concerts, Inc.","300 Central Park West, Apt. 18 H",New York,NY,"10024",(212) 787-0804,Music,Manhattan Council District #6,Manhattan Community Board #7,Manhattan,40.788063,-73.967315,"177","1031607",1012040029,Upper West Side
"769","Navatman, Inc.",355 7th Avenue,New York,NY,"10001",(212) 564-4895,Folk Arts,Manhattan Council District #3,Manhattan Community Board #5,Manhattan,40.748277,-73.992587,"95","1015153",1008050097,Midtown-Midtown South
"770","Negro Ensemble Company, Inc.","135 West 41st Street, 5th Floor",New York,NY,"10036",(212) 582-5860,Theater,Manhattan Council District #3,Manhattan Community Board #4,Manhattan,40.754691,-73.985797,"113","1022577",1009940045,Midtown-Midtown South
"771","New 42nd Street, Inc.","229 West 42nd Street, 10th Floor",New York,NY,"10036",(646) 223-3001,Theater,Manhattan Council District #3,Manhattan Community Board #5,Manhattan,40.756571,-73.98819,"119","1024683",1010140017,Midtown-Midtown South
"772","New American Cinema Group, Inc.",475 Park Avenue South,New York,NY,"10016",(212) 267-5665,Film/Video/Audio,Manhattan Council District #2,Manhattan Community Board #6,Manhattan,40.745646,-73.982378,"72","1018471",1008870095,Murray Hill-Kips Bay
"773","New Amsterdam Musical Association, Inc.",107 West 130th Street,New York City,NY,"10027",(212) 281-1351,Music,Manhattan Council District #9,Manhattan Community Board #10,Manhattan,40.811195,-73.943743,"226","1058040",1019150026,Central Harlem North-Polo Grounds
"774","New Dance Alliance, Inc.",182 Duane Street,New York,NY,"10013",(212) 226-7624,Dance,Manhattan Council District #1,Manhattan Community Board #1,Manhattan,40.717398,-74.010198,"39","1001523",1001410023,SoHo-TriBeCa-Civic Center-Little Italy
"775","New Dramatists, Inc.",424 West 44th Street,New York,NY,"10036",(212) 757-6960 x12,Theater,Manhattan Council District #3,Manhattan Community Board #4,Manhattan,40.760107,-73.992604,"121","1026374",1010530045,Clinton
"776","New England Dinosaur, Inc.",130 West 56th Street,New York,NY,"10019",(212) 757-9669,Dance,Manhattan Council District #4,Manhattan Community Board #5,Manhattan,40.764151,-73.978889,"137","1023391",1010080015,Midtown-Midtown South
"777","New Federal Theatre, Inc.",543 West 42nd Street,New York,NY,"10036",(212) 353-1176,Theater,Manhattan Council District #2,Manhattan Community Board #3,Manhattan,40.76028,-73.997,"129","1082441",1010717502,Clinton
"778","New Group, Inc.",240 W. 35th Street,New York,NY,"10001",(212) 244-3380 x306,Theater,Manhattan Council District #3,Manhattan Community Board #4,Manhattan,40.752171,-73.991377,"109","1014415",1007840064,Midtown-Midtown South
"779",New Heritage Theatre Group,229 West 135 Street,New York,NY,"10030",(212) 926-2550,"Multi-Discipline, Performing",Manhattan Council District #9,Manhattan Community Board #10,Manhattan,40.815902,-73.945094,"228","1058880",1019410014,Central Harlem North-Polo Grounds
"780",New Museum of Contemporary Art,235 Bowery,New York,NY,"10002",(212) 219-1222 x239,Museum,Manhattan Council District #1,Manhattan Community Board #3,Manhattan,40.722424,-73.993225,"3601","1005709",1004260012,Chinatown
"781","New Music USA, Inc.",90 Broad Street,New York,NY,"10004",(212) 645-6949,,,,Manhattan,40.703954,-74.011592,"9","1000025",1000100016,Battery Park City-Lower Manhattan
"782",New Perspectives Theatre Company,"456 West 37th Street, Ground Floor",New York,NY,"10018",(212) 630-9945,Theater,Manhattan Council District #3,Manhattan Community Board #4,Manhattan,40.756099,-73.996856,"111","1012895",1007340066,Hudson Yards-Chelsea-Flatiron-Union Square
"783","New Professional Theatre, Inc.","229 West 42nd Street, Apt. 501",New York,NY,"10036",(212) 398-2666,Theater,Manhattan Council District #3,Manhattan Community Board #3,Manhattan,40.756571,-73.98819,"119","1024683",1010140017,Midtown-Midtown South
"784","New Review, Inc.","611 Broadway, Ste. 902",New York,NY,"10012",(212) 353-1478,Literature,Manhattan Council District #1,Manhattan Community Board #2,Manhattan,40.725699,-73.996558,"5501","1008240",1005230048,West Village
"785",New School,66 West 12th Street,New York,NY,"10011",(212) 229-5650,Music,Manhattan Council District #3,Manhattan Community Board #2,Manhattan,40.735744,-73.997139,"63","1083136",1005750017,West Village
"786","New Stage Theatre Company, Inc.","75 Broad Street, Suite 0406",New York,NY,"10004",(917) 297-0469,Theater,Manhattan Council District #1,Manhattan Community Board #1,Manhattan,40.704541,-74.011552,"9","1000849",1000290070,Battery Park City-Lower Manhattan
"787","New Worlds Theatre Project, Inc.","670 West End Avenue, Ste. 16A",New York,NY,"10025",(917) 513-7620,Theater,Manhattan Council District #6,Manhattan Community Board #7,Manhattan,40.793079,-73.974297,"179","1033621",1012400061,Upper West Side
"788",New York Academy of Medicine,1216 Fifth Avenue,New York,NY,"10029",(212) 822-7200,,Manhattan Council District #8,,Manhattan,40.792101,-73.952174,"168","1051496",1016080069,East Harlem South
"789",New York Academy of Sciences,7 World Trade Center,New York,NY,"10007",(212) 298-8672,Science,Manhattan Council District #1,Manhattan Community Board #1,Manhattan,40.71322,-74.011709,"21","1086510",1000840036,SoHo-TriBeCa-Civic Center-Little Italy
"790","New York Artists Equity Association, Inc.",245 Broome St,New York,NY,"10002",(212) 542-0292,Visual Arts,Manhattan Council District #1,Manhattan Community Board #3,Manhattan,40.717944,-73.989668,"18","1005277",1004080014,Chinatown
"791","New York Asian Symphony Orchestra, Inc.","889 Ninth Avenue, Ste. 1",New York,NY,"10019",(212) 397-5298 x23,Music,Manhattan Council District #6,Manhattan Community Board #5,Manhattan,40.768321,-73.985433,"139","1026889",1010670033,Clinton
"792","New York Chinese Cultural Center, Inc.",137 Henry Street,New York,NY,"10002",(212) 334-3764 x13,"Multi-Discipl, Perf & Non-Perf",Manhattan Council District #1,Manhattan Community Board #1,Manhattan,40.71333,-73.990827,"6","1003564",1002830015,Lower East Side
"793","New York Chinese Opera Society, Inc.",120 Broadway,New York,NY,"10271",(212) 227-2920,Folk Arts,Manhattan Council District #1,Manhattan Community Board #1,Manhattan,40.708546,-74.011041,"7","1001026",1000477501,Battery Park City-Lower Manhattan
"794",New York City Ballet,David H. Koch Theater,New York,NY,"10023",(212) 870-5500,Dance,Manhattan Council District #6,Manhattan Community Board #6,Manhattan,40.771776,-73.983652,"149","1028831",1011340005,Lincoln Square
"795","New York City Center, Inc.",130 West 56th Street,New York,NY,"10019",(212) 247-0430,"Multi-Discipline, Performing",Manhattan Council District #4,Manhattan Community Board #5,Manhattan,40.764151,-73.978889,"137","1023391",1010080015,Midtown-Midtown South
"796",New York City Community Chorus at Holy Apostles,"35 West 8th Street, Apt. 3R",New York,NY,"10011",(212) 475-2702,Music,Manhattan Council District #3,Manhattan Community Board #2,Manhattan,40.733068,-73.99825,"63","1009444",1005720061,West Village
"797","New York City Independent Film Festival, Inc.",1271 Avenue of the Americas,New York,NY,"10020",(917) 608-4784,Film/Video/Audio,Manhattan Council District #4,Manhattan Community Board #5,Manhattan,40.760289,-73.980157,"131","1022709",1010030029,Midtown-Midtown South
"798",New York City Master Chorale,511 Avenue of the Americas,New York,NY,"10011",(917) 326-1422,Music,Manhattan Council District #3,Manhattan Community Board #2,Manhattan,40.736875,-73.997203,"71","1010653",1006090047,West Village
"799","New York City Players, Inc.",400 West 43rd Street,New York,NY,10036-6302,(212) 479-0808,Theater,Manhattan Council District #3,Manhattan Community Board #5,Manhattan,40.759302,-73.992636,"121","1083745",1010520001,Clinton
"800",New York City Police Museum,100 Old Slip,New York,NY,"10005",(212) 480-3100 x105,Museum,Manhattan Council District #1,Manhattan Community Board #1,Manhattan,40.703279,-74.008039,"7","1000866",1000340037,Battery Park City-Lower Manhattan
"801",New York Classical Players,546 Main Street,New York,NY,"10044",(617) 285-4627,Music,Brooklyn Council District #35,Brooklyn Community Board #2,Manhattan,40.761781,-73.949762,"23801","1083202",1013730030,Lenox Hill-Roosevelt Island
"802","New York Classical Theatre, Inc.","40 West 116th Street, #B1004",New York,NY,"10026",(212) 662-0760,Theater,Manhattan Council District #9,Manhattan Community Board #7,Manhattan,40.801283,-73.947945,"190","1087782",1015997502,Central Harlem South
"803","New York Collegium, Inc.",869 Lexington Avenue,New York,NY,"10021",(212) 717-9246,Music,Manhattan Council District #4,Manhattan Community Board #8,Manhattan,40.766118,-73.965336,"120","1083886",1014000020,Upper East Side-Carnegie Hill
"804",New York Conservatory of Music,321 East 69th Street,New York,NY,"10021",(212) 717-9590,Music,Manhattan Council District #5,Manhattan Community Board #8,Manhattan,40.766377,-73.958589,"126","1044819",1014440013,Lenox Hill-Roosevelt Island
"805","New York Dance & Arts Innovations, Inc.","127 West 78th Street, #4",New York,NY,"10024",(203) 509-9062,"Multi-Discipline, Performing",Manhattan Council District #6,Manhattan Community Board #7,Manhattan,40.781681,-73.976941,"165","1030249",1011500020,Upper West Side
"806",New York Dance Center,"890 Broadway, 8th Floor",New York,NY,"10003",(212) 777-7710,Dance,Manhattan Council District #2,Manhattan Community Board #5,Manhattan,40.738604,-73.989911,"52","1016163",1008487502,Hudson Yards-Chelsea-Flatiron-Union Square
"807","New York Festival of Song, Inc.",307 Seventh Avenue,New York,NY,"10001",(646) 230-8380,Music,Manhattan Council District #3,Manhattan Community Board #5,Manhattan,40.746869,-73.993616,"95","1015061",1008030004,Midtown-Midtown South
"808",New York Film & Music Foundation,"372 FIFTH AVENUE, 3J",New York,NY,"10018",(212) 245-3444,"Multi-Discipl, Perf & Non-Perf",Manhattan Council District #4,Manhattan Community Board #5,Manhattan,40.749341,-73.984369,"84","1015898",1008370040,Midtown-Midtown South
"809","New York Gilbert & Sullivan Players, Inc.",225 West 99th Street,New York,NY,"10025",(212) 769-1000,Theater,Manhattan Council District #6,Manhattan Community Board #7,Manhattan,40.796267,-73.969586,"187","1084035",1018710029,Upper West Side
"810","New York Institute for Haiti Advocacy, Inc.",176 West 94th Street #8C,New York,NY,"10025",(646) 301-0146,Film/Video/Audio,Manhattan Council District #7,Manhattan Community Board #7,Manhattan,40.792483,-73.970689,"177","1032545",1012240058,Upper West Side
"811","New York International Ballet Competition, Inc.",119 West 57th Street,New York,NY,"10019",(212) 956-1520,Dance,Manhattan Council District #4,Manhattan Community Board #5,Manhattan,40.764655,-73.977972,"137","1023725",1010100021,Midtown-Midtown South
"812",New York International Children's Film Festival,225 Broadway,New York,NY,"10007",(212) 349-0330,Film/Video/Audio,Manhattan Council District #1,Manhattan Community Board #1,Manhattan,40.71187,-74.008217,"21","1001241",1000880018,SoHo-TriBeCa-Civic Center-Little Italy
"813",New York Lesbian and Gay Experimental Film Festival,"82 Nassau Street, #341",New York,NY,"10038",(212) 742-8880,Film/Video/Audio,Manhattan Council District #1,Manhattan Community Board #1,Manhattan,40.709872,-74.008072,"1502","1001201",1000787503,Battery Park City-Lower Manhattan
"814","New York Live Arts, Inc.",219 West 19th Street,New York,NY,"10011",(212) 691-6500,Dance,Manhattan Council District #3,,Manhattan,40.74212,-73.998546,"87","1013977",1007697506,Hudson Yards-Chelsea-Flatiron-Union Square
"815",New York Neo-Futurists,219 West 19th Street,New York,NY,"10011",(917) 445-4712,Theater,Manhattan Council District #6,Manhattan Community Board #5,Manhattan,40.74212,-73.998546,"87","1013977",1007697506,Hudson Yards-Chelsea-Flatiron-Union Square
"816","New York Pops, Inc.",39 Broadway,New York,NY,"10006",(212) 765-7677 x13,Music,Manhattan Council District #3,Manhattan Community Board #4,Manhattan,40.706251,-74.012952,"13","1000803",1000200004,Battery Park City-Lower Manhattan
"817",New York Public Radio,160 Varick Street,New York,NY,"10013",(646) 829-4444,Film/Video/Audio,Manhattan Council District #3,Manhattan Community Board #1,Manhattan,40.726615,-74.005617,"37","1007825",1005067501,SoHo-TriBeCa-Civic Center-Little Italy
"818",New York Repertory Orchestra,"949 West End Avenue, Ste. 4D",New York,NY,"10025",(212) 662-8383,Music,Manhattan Council District #9,Manhattan Community Board #7,Manhattan,40.801842,-73.968457,"195","1057264",1018920016,Morningside Heights
"819",New York Restoration Project,"254 West 31st Street, 10th Floor",New York,NY,"10001",(212) 333-2552,Botanical,Manhattan Council District #3,Manhattan Community Board #4,Manhattan,40.749734,-73.993532,"101","1014347",1007800071,Midtown-Midtown South
"820",New York Shakespeare Festival,425 Lafayette Street,New York,NY,"10003",(212) 539-8500,Theater,Manhattan Council District #2,Manhattan Community Board #2,Manhattan,40.728932,-73.992218,"57","1008774",1005440016,West Village
"821",New York Stage and Film Co.,214 West 29th Street,New York,NY,"10001",(212) 736-4240,Theater,Manhattan Council District #3,Manhattan Community Board #4,Manhattan,40.748148,-73.993623,"95","1014267",1007780048,Midtown-Midtown South
"822","New York Studio School of Drawing, Painting & Sculpture",8 West 8th Street,New York,NY,"10011",(212) 673-6466 x111,Visual Arts,Manhattan Council District #1,Manhattan Community Board #2,Manhattan,40.732437,-73.996803,"63","1008861",1005510028,West Village
"823",New York Theatre Barn,401 W. 56th Street,New York,NY,"10019",(650) 219-0097,Theater,Manhattan Council District #6,Manhattan Community Board #4,Manhattan,40.767429,-73.986625,"139","1026869",1010660029,Clinton
"824","New York Theatre Experience, Inc.",155 E. 31st Street   #10B,New York,NY,"10016",(212) 217-9627,Theater,Manhattan Council District #2,Manhattan Community Board #5,Manhattan,40.744257,-73.980512,"72","1078756",1008870030,Murray Hill-Kips Bay
"825","New York Theatre Workshop, Inc.",79 East 4th Street,New York,NY,"10003",(212) 780-9037 x118,Theater,Manhattan Council District #2,Manhattan Community Board #3,Manhattan,40.726483,-73.990096,"38","1006601",1004600046,East Village
"826","New York Women in Film & Television, Inc.","6 East 39th Street, 12th Floor",New York,NY,"10016",(212) 679-0870 x24,Film/Video/Audio,Manhattan Council District #3,Manhattan Community Board #5,Manhattan,40.751374,-73.981817,"82","1017227",1008680008,Murray Hill-Kips Bay
"827","New York Youth Symphony, Inc.","110 West 40th Street, Suite 1503",New York,NY,"10018",(212) 581-5933,Music,Manhattan Council District #4,Manhattan Community Board #5,Manhattan,40.753818,-73.985696,"113","1080614",1008150039,Midtown-Midtown South
"828",New-York Historical Society,170 Central Park West,New York,NY,"10024",(212) 485-9273,Museum,Manhattan Council District #6,Manhattan Community Board #7,Manhattan,40.779265,-73.973743,"161","1028816",1011290029,Upper West Side
"829","Nicholas Roerich Museum, Inc.",319 West 107 Street,New York,NY,"10025",(212) 864-7752,Museum,Manhattan Council District #9,Manhattan Community Board #7,Manhattan,40.802775,-73.969139,"195","1057276",1018920038,Morningside Heights
"830","Nightboat Books, Inc.","310 Nassau Avenue, #202",Brooklyn,NY,"11222",(718) 930-1062,Literature,Brooklyn Council District #33,Brooklyn Community Board #1,Brooklyn,40.726244,-73.9378,"593","3400086",3026930001,Greenpoint
"831","Noche Flamenca, Inc.",168 W. 86th Street,New York,NY,"10024",(917) 775-4035,Dance,Manhattan Council District #6,Manhattan Community Board #7,Manhattan,40.787365,-73.974278,"169","1032177",1012160060,Upper West Side
"832",Notes in Motion,"77 Bleecker Street, Apt. 318",New York,NY,"10012",(212) 995-9446,Dance,Manhattan Council District #1,Manhattan Community Board #2,Manhattan,40.726634,-73.996042,"5501","1084761",1005320020,West Village
"833",Nouveau Classical Project,"435 West 57th St, 3L",New York,NY,"10019",(917) 609-1740,"Multi-Discipl, Perf & Non-Perf",Manhattan Council District #3,Manhattan Community Board #4,Manhattan,40.768395,-73.986827,"139","1026883",1010670012,Clinton
"834","OPERA America, Inc.","330 Seventh Avenue, 16th floor",New York,NY,"10001",(212) 796-8620 x211,Music,Manhattan Council District #3,Manhattan Community Board #5,Manhattan,40.747549,-73.993143,"95","1014264",1007780043,Midtown-Midtown South
"835","Old Merchant's House Museum of New York, Inc.",29 East 4th Street,New York,NY,"10003",(212) 777-1089,Humanities,Manhattan Council District #2,Manhattan Community Board #2,Manhattan,40.727579,-73.992528,"57","1008785",1005440071,West Village
"836","On the Road Productions International, Inc.","310 Greenwich Street, #21F",New York,NY,"10013",(212) 732-0732,Film/Video/Audio,Manhattan Council District #8,Manhattan Community Board #1,Manhattan,40.717604,-74.010667,"39","1083243",1001420025,SoHo-TriBeCa-Civic Center-Little Italy
"837","One World Taekwondo Foundation, Inc.","236 West 116th Street, Second Floor",New York,NY,"10026",(347) 624-5546,Other,Manhattan Council District #9,Manhattan Community Board #10,Manhattan,40.803868,-73.954083,"218","1055245",1018310051,Central Harlem South
"838","One to World, Inc.",285 West Broadway,New York,NY,"10013",(212) 431-1195,"Multi-Discipline, Non-Perform",Manhattan Council District #1,Manhattan Community Board #1,Manhattan,40.721054,-74.004859,"33","1002728",1002110018,SoHo-TriBeCa-Civic Center-Little Italy
"839","Only Make Believe, Inc.","1123 Broadway, Ste. 1003",New York,NY,"10010",(646) 336-1500,Theater,Manhattan Council District #3,Manhattan Community Board #5,Manhattan,40.743254,-73.989123,"58","1015618",1008270028,Hudson Yards-Chelsea-Flatiron-Union Square
"840","Ontological-Hysteric Theater, Inc.",260 West Broadway,New York,NY,"10013",(212) 420-1916,Theater,Manhattan Council District #2,Manhattan Community Board #3,Manhattan,40.720404,-74.00544,"33","1002740",1002127501,SoHo-TriBeCa-Civic Center-Little Italy
"841","Open Channels New York, Inc.",161A Chrystie Street,New York,NY,"10002",(212) 219-0736 x104,"Multi-Discipl, Perf & Non-Perf",Manhattan Council District #1,Manhattan Community Board #3,Manhattan,40.720621,-73.992572,"18","1079084",1004257501,Chinatown
"842",Open Space Alliance for North Brooklyn,79 North 11th Street,Brooklyn,NY,"11211",(347) 386-4741,"Multi-Discipline, Performing",Brooklyn Council District #33,Brooklyn Community Board #1,Brooklyn,40.721607,-73.957838,"557","3061536",3022890001,North Side-South Side
"843",Opera New York,309 West 104th Street 1D,New York,NY,"10025",(212) 864-3753,Music,Manhattan Council District #6,Manhattan Community Board #7,Manhattan,40.80047,-73.969812,"191","1057214",1018910011,Upper West Side
"844","Opera Orchestra of New York, Inc.","239 West 72nd Street, Ste. 2R",New York,NY,"10023",(212) 799-1982,Music,Manhattan Council District #6,Manhattan Community Board #7,Manhattan,40.779228,-73.983069,"159","1030513",1011640016,Lincoln Square
"845",Opportunity Music Project Foundation,4 West 43rd Street,New York,NY,"10036",(917) 741-3190,Music,Manhattan Council District #4,Manhattan Community Board #5,Manhattan,40.754371,-73.980932,"96","1034201",1012580042,Midtown-Midtown South
"846",Opus 118 Harlem School of Music,"103 East 125th Street, 7th floor",New York,NY,"10035",(212) 831-4455,Music,Manhattan Council District #8,Manhattan Community Board #11,Manhattan,40.804885,-73.938612,"196","1054472",1017740001,East Harlem North
"847","Opus Dance Theatre and Community Services, Inc.",1486 5th Avenue Suite 2S,New York,NY,"10035",(212) 996-8413,Dance,Manhattan Council District #9,Manhattan Community Board #10,Manhattan,40.802854,-73.944881,"200","1053260",1017180035,Central Harlem South
"848","Oracle Theatre, Inc.","146 Conselyea Street, Apt. 2R",Brooklyn,NY,"11211",(516) 661-4044,Theater,Brooklyn Council District #34,Brooklyn Community Board #1,Brooklyn,40.715146,-73.945278,"497","3068729",3027590015,East Williamsburg
"849",Oratorio Society of New York,1140 Avenue of the Americas,New York,NY,"10036",(212) 400-7255,Music,Manhattan Council District #4,Manhattan Community Board #4,Manhattan,40.75623,-73.98309,"96","1034217",1012600001,Midtown-Midtown South
"850","Organization of Puerto Rican Artists, Inc.",218 East 18th Street,New York,NY,"10003",(212) 366-6900 x201,Visual Arts,Manhattan Council District #3,Manhattan Community Board #4,Manhattan,40.735518,-73.98474,"48","1019574",1008980046,Gramercy
"851",Origin Theatre Company,520 Eighth Avenue,New York,NY,"10018",(212) 253-8300,Theater,Manhattan Council District #3,Manhattan Community Board #2,Manhattan,40.753612,-73.992417,"109","1083624",1007860001,Midtown-Midtown South
"852","Original Music Workshop, Inc.",80 N. 6th Street,Brooklyn,NY,"11249",(202) 236-3393,Music,Brooklyn Council District #33,Brooklyn Community Board #1,Brooklyn,40.719113,-73.961277,"555","3062161",3023330019,North Side-South Side
"853","Orpheus Chamber Orchestra, Inc.","490 Riverside Drive, 11th Floor",New York,NY,"10027",(212) 896-1706,Music,Manhattan Council District #9,Manhattan Community Board #9,Manhattan,40.812306,-73.963607,"205","1081792",1019910032,Morningside Heights
"854",Other Side Productions,"64 Seventh Avenue, #3B",New York,NY,"10011",(212) 696-7847,Theater,Manhattan Council District #3,Manhattan Community Board #4,Manhattan,40.738607,-73.999657,"81","1013732",1007640037,Hudson Yards-Chelsea-Flatiron-Union Square
"855","Out of the Box Theatre Company, Inc.","323 West 75th Street, Apt. C",New York,NY,"10023",(212) 362-8775,Theater,Manhattan Council District #6,Manhattan Community Board #7,Manhattan,40.78214,-73.983939,"163","1079390",1011850008,Upper West Side
"856","Outpost Artists Resources, Inc.","532 LaGuardia Place, Apt. 370",New York,NY,"10012",(718) 599-2385,Film/Video/Audio,Manhattan Council District #1,Manhattan Community Board #1,Manhattan,40.728496,-73.9986,"65","1008643",1005370029,West Village
"857","Overfoot, Inc.","234 East 4th Street, Apt. 16",New York,NY,"10009",(212) 777-6227,Dance,Manhattan Council District #2,Manhattan Community Board #3,Manhattan,40.723394,-73.982813,"32","1004992",1003990026,East Village
"858","P.S.1 Contemporary Art Center, Inc.",22-25 Jackson Avenue,Long Island City,NY,"11101",(718) 784-2084,Visual Arts,Queens Council District #26,Queens Community Board #2,Queens,40.745668,-73.946068,"7","4000561",4000760016,Hunters Point-Sunnyside-West Maspeth
"859","PEN American Center, Inc.","588 Broadway, Ste. 303",New York,NY,"10012",(212) 334-1660 x103,Literature,Manhattan Council District #1,Manhattan Community Board #2,Manhattan,40.724831,-73.997269,"43","1079998",1005110008,SoHo-TriBeCa-Civic Center-Little Italy
"860","PERFORMA, Inc.","100 West 23rd Street, Fifth Floor",New York,NY,"10011",(212) 366-5700,Visual Arts,Manhattan Council District #3,Manhattan Community Board #4,Manhattan,40.743081,-73.993237,"91","1014803",1007980049,Hudson Yards-Chelsea-Flatiron-Union Square
"861",POLISHFILMMAKERS NYC,151 First Avenue Apartment 226,New York,NY,"10003",(872) 305-8679,Visual Arts,Manhattan Council District #2,Manhattan Community Board #2,Manhattan,40.728387,-73.984717,"40","1075923",1004510036,East Village
"862","PR Project, Inc.",1355 Park Avenue,New York,NY,"10029",(212) 828-0401,New Media,Manhattan Council District #8,Manhattan Community Board #11,Manhattan,40.790461,-73.949687,"166","1051874",1016300001,East Harlem South
"863","PS, The Short Film Exhibition Inc.",166 Norfolk Street #3C,New York,NY,"10002",(646) 861-0242,"Multi-Discipl, Perf & Non-Perf",Manhattan Council District #1,Manhattan Community Board #3,Manhattan,40.721045,-73.985992,"3001","1004327",1003550038,Chinatown
"864",Paley Center for Media,25 West 52nd Street,New York,NY,"10019",(212) 621-6625,Museum,Manhattan Council District #3,Manhattan Community Board #5,Manhattan,40.760445,-73.977829,"104","1076265",1012680021,Midtown-Midtown South
"865","Palissimo, Inc.","415 East 52nd Street, 8FB",New York,NY,"10022",(212) 781-5540,Dance,Manhattan Council District #7,Manhattan Community Board #3,Manhattan,40.754889,-73.964653,"8603","1078257",1013640005,Turtle Bay-East Midtown
"866","Pan Asian Repertory Theatre, Inc.","520 8th Avenue, Ste. 314",New York,NY,"10018",(212) 868-4030,Theater,Manhattan Council District #3,Manhattan Community Board #5,Manhattan,40.753612,-73.992417,"109","1083624",1007860001,Midtown-Midtown South
"867",Pantomonium Productions,"30 West 61st Street, Suite 23F",New York,NY,"10023",(646) 320-1723,"Multi-Discipline, Performing",Manhattan Council District #3,Manhattan Community Board #5,Manhattan,40.769998,-73.982739,"145","1027195",1011137501,Lincoln Square
"868",Paper Bag Players,"131 Varick Street, Suite 1001",New York,NY,10013-1417,(212) 353-2332,Theater,Manhattan Council District #8,Manhattan Community Board #7,Manhattan,40.725397,-74.005841,"37","1009740",1005790030,SoHo-TriBeCa-Civic Center-Little Italy
"869","Paper Tiger Television, Inc.",339 Lafayette Street,New York,NY,"10012",(212) 420-9045,Film/Video/Audio,Manhattan Council District #1,Manhattan Community Board #2,Manhattan,40.726036,-73.994559,"5502","1008452",1005290065,West Village
"870","Parabola Arts Foundation, Inc.",108 Franklin Street,New York,NY,"10013",(212) 966-6253,"Multi-Discipline, Non-Perform",Manhattan Council District #1,Manhattan Community Board #1,Manhattan,40.718546,-74.005891,"33","1001982",1001780007,SoHo-TriBeCa-Civic Center-Little Italy
"871","Paracademia Center, Inc.",281 W 119TH ST,New York,NY,"10026",(212) 203-6163,Music,Manhattan Council District #9,Manhattan Community Board #10,Manhattan,40.806085,-73.953294,"220","1058440",1019250001,Central Harlem South
"872","Paris Review Foundation, Inc.",544 West 27th St,New York,NY,"10001",(212) 343-1333,Literature,Manhattan Council District #3,Manhattan Community Board #4,Manhattan,40.750854,-74.003891,"99","1012401",1006980061,Hudson Yards-Chelsea-Flatiron-Union Square
"873","Parity Productions, Inc.",450 West 17th Street,New York,NY,"10011",(917) 304-6823,Theater,Manhattan Council District #3,Manhattan Community Board #4,Manhattan,40.74369,-74.005955,"83","1080359",1007147501,Hudson Yards-Chelsea-Flatiron-Union Square
"874","Parsifal's Productions, Inc.",220 East 4th Street,New York,NY,"10009",(212) 995-8410,Theater,Manhattan Council District #2,Manhattan Community Board #3,Manhattan,40.723658,-73.983433,"32","1081927",1003990020,East Village
"875",Parsons Dance Foundation,"229 West 42nd Street, 8th Floor",New York,NY,"10036",(212) 869-9275,Dance,Manhattan Council District #3,Manhattan Community Board #5,Manhattan,40.756571,-73.98819,"119","1024683",1010140017,Midtown-Midtown South
"876","Participant, Inc.","253 East Houston Street, Ground Floor",New York,NY,"10002",(212) 254-4334,Visual Arts,Manhattan Council District #1,Manhattan Community Board #3,Manhattan,40.721877,-73.98518,"3001","1004336",1003550053,Chinatown
"877","Paul Taylor Dance Foundation, Inc.",551 Grand Street,New York,NY,"10002",(212) 431-5562 x12,Dance,Manhattan Council District #2,Manhattan Community Board #3,Manhattan,40.714128,-73.980496,"202","1003219",1002660065,Lower East Side
"878",Peace Islands Institute,535 Fifth Ave 6th floor,New York,NY,"10017",(212) 510-8644,New Media,Manhattan Council District #4,Manhattan Community Board #5,Manhattan,40.754997,-73.979769,"94","1035366",1012790001,Midtown-Midtown South
"879","Pearl Theatre Company, Inc.",555 West 42nd Street,New York,NY,"10036",(212) 505-3401 x12,Theater,Manhattan Council District #2,Manhattan Community Board #3,Manhattan,40.76037,-73.997213,"129","1026911",1010710001,Clinton
"880","Peculiar Works Project, Inc.","595 Broadway, Second Floor",New York,NY,"10012",(212) 529-3626 x3,"Multi-Discipl, Perf & Non-Perf",Manhattan Council District #1,Manhattan Community Board #3,Manhattan,40.724938,-73.9972,"49","1007949",1005120014,SoHo-TriBeCa-Civic Center-Little Italy
"881",Pellettieri Stone Carvers' Academy,"114 morningside drive, apartment 52",New York,NY,"10027",(646) 229-6418,Visual Arts,Manhattan Council District #7,Manhattan Community Board #9,Manhattan,40.809962,-73.957164,"20701","1059524",1019630055,Morningside Heights
"882","Pen Parentis, Ltd.",176 Broadway 14F,New York,NY,"10038",(212) 501-2031,Literature,Manhattan Council District #1,Manhattan Community Board #1,Manhattan,40.709932,-74.009869,"1502","1001100",1000650017,Battery Park City-Lower Manhattan
"883","Pen and Brush, Inc.",29 East 22nd Street,New York,NY,"10010",(212) 475-3669,"Multi-Discipline, Non-Perform",Manhattan Council District #2,Manhattan Community Board #5,Manhattan,40.740242,-73.988539,"56","1016283",1008517504,Hudson Yards-Chelsea-Flatiron-Union Square
"884",Performance Space 122,150 First Avenue,New York,NY,"10009",(212) 477-5829 x308,"Multi-Discipline, Performing",Manhattan Council District #2,Manhattan Community Board #6,Manhattan,40.728261,-73.984785,"34","1005894",1004370001,East Village
"885","Performance Zone, Inc.",75 Maiden Lane,New York,NY,"10038",(212) 691-6969,"Multi-Discipline, Performing",Manhattan Council District #3,Manhattan Community Board #2,Manhattan,40.707657,-74.007758,"1502","1001112",1000680011,Battery Park City-Lower Manhattan
"886",Performing Arts Mosaic,153 W 75 ST,New York,NY,"10023",(407) 497-1600,"Multi-Discipline, Performing",Manhattan Council District #6,Manhattan Community Board #7,Manhattan,40.780131,-73.979169,"161","1030115",1011470008,Upper West Side
"887","Performing Artservices, Inc.",260 West Broadway,New York,NY,"10013",(212) 941-8911,Theater,Manhattan Council District #1,Manhattan Community Board #1,Manhattan,40.720404,-74.00544,"33","1002740",1002127501,SoHo-TriBeCa-Civic Center-Little Italy
"888","Peridance Ensemble, Ltd.",126 East 13th Street,New York,NY,"10003",(212) 505-0886,Dance,Manhattan Council District #2,Manhattan Community Board #3,Manhattan,40.73321,-73.989139,"42","1009026",1005580043,East Village
"889","Perlman Music Program, Inc.","19 West 69th Street, #501",New York,NY,"10023",(212) 877-3230,Music,Manhattan Council District #6,Manhattan Community Board #7,Manhattan,40.774627,-73.978164,"153","1028505",1011220022,Lincoln Square
"890","Philharmonic - Symphony Society of New York, Inc.",10 Lincoln Center Plaza,New York,NY,"10023",(212) 875-5721,Music,Manhattan Council District #6,Manhattan Community Board #7,Manhattan,40.772473,-73.982421,"149","1081023",1011340001,Lincoln Square
"891","Philoctetes Center, Inc.",247 East 82nd Street,New York,NY,"10028",(646) 246-9752,"Multi-Discipl, Perf & Non-Perf",Manhattan Council District #5,Manhattan Community Board #8,Manhattan,40.775792,-73.954789,"138","1048655",1015280020,Yorkville
"892",Phoenix Theatre Ensemble,"200 East 10th Street, #180",New York,NY,"10003",(212) 586-3709,Theater,Manhattan Council District #2,Manhattan Community Board #5,Manhattan,40.72951,-73.986203,"40","1006404",1004510006,East Village
"893","Pick Up Performance Company, Inc.",440 West 34th Street,New York,NY,"10001",(212) 244-7622,Dance,Manhattan Council District #2,Manhattan Community Board #1,Manhattan,40.754022,-73.997842,"103","1012854",1007310065,Hudson Yards-Chelsea-Flatiron-Union Square
"894",Pierpont Morgan Library,225 Madison Avenue,New York,NY,"10016",(212) 590-0305,Museum,Manhattan Council District #3,Manhattan Community Board #6,Manhattan,40.749387,-73.981763,"82","1017186",1008660058,Murray Hill-Kips Bay
"895","Pioneers Go East Collective, Inc.","7 East 3rd Street, #10",New York,NY,"10003",(646) 246-8797,"Multi-Discipline, Performing",Manhattan Council District #2,Manhattan Community Board #3,Manhattan,40.726159,-73.991215,"38","1077969",1004590046,East Village
"896",Place in History,"1205 Manhattan Avenue, Unit 1212",Brooklyn,NY,"11222",(917) 981-5481,"Multi-Discipl, Perf & Non-Perf",Brooklyn Council District #33,Brooklyn Community Board #1,Brooklyn,40.738925,-73.955247,"563","3404803",3024720350,Greenpoint
"897","Play Production Company, Inc.","321 West 44th Street, Suite 802",New York,NY,"10036",(212) 398-2977,Theater,Manhattan Council District #3,Manhattan Community Board #4,Manhattan,40.75889,-73.989669,"121","1080878",1010350017,Clinton
"898","Plays for Living, Inc.","505 Eighth Avenue, Suite 1202",New York,NY,"10018",(212) 760-2751,Theater,Manhattan Council District #3,Manhattan Community Board #4,Manhattan,40.753047,-73.99285,"111","1013575",1007590037,Hudson Yards-Chelsea-Flatiron-Union Square
"899","Playwrights Horizons, Inc.",416 West 42nd Street,New York,NY,"10036",(212) 564-1235,Theater,Manhattan Council District #3,Manhattan Community Board #4,Manhattan,40.758742,-73.993394,"115","1026333",1010510041,Clinton
"900","Playwrights Realm, Inc.",520 Eighth Avenue,New York,NY,"10018",(212) 255-3089,Theater,Manhattan Council District #3,Manhattan Community Board #4,Manhattan,40.753612,-73.992417,"109","1083624",1007860001,Midtown-Midtown South
"901",Playwrights' Preview Productions,"555 Eighth Avenue, Ste. 1800",New York,NY,"10018",(212) 421-1380,"Multi-Discipl, Perf & Non-Perf",Manhattan Council District #3,Manhattan Community Board #4,Manhattan,40.754477,-73.991814,"111","1013623",1007610037,Hudson Yards-Chelsea-Flatiron-Union Square
"902",Poetry Outreach Center,160 Convent Avenue,New York,NY,"10031",(212) 650-6356,Literature,Manhattan Council District #7,Manhattan Community Board #7,Manhattan,40.819196,-73.950221,"21703","1084081",1019570200,Manhattanville
"903","Poetry Project, Ltd.",131 East 10th Street,New York,NY,"10003",(212) 674-0910,Literature,,Manhattan Community Board #3,Manhattan,40.730471,-73.988432,"40","1006818",1004660026,East Village
"904",Poetry Society of America,15 Gramercy Park,New York,NY,"10003",(212) 254-9628,Literature,Manhattan Council District #2,Manhattan Community Board #6,Manhattan,40.737783,-73.986483,"50","1090418",1008750070,Gramercy
"905","Poets & Writers, Inc.","90 Broad Street, Suite 2100",New York,NY,"10004",(212) 226-3586 x222,Literature,Manhattan Council District #2,Manhattan Community Board #1,Manhattan,40.703954,-74.011592,"9","1000025",1000100016,Battery Park City-Lower Manhattan
"906","Poets House, Inc.",10 River Terrace,New York,NY,"10282",(212) 431-7920,Literature,Manhattan Council District #1,Manhattan Community Board #1,Manhattan,40.716072,-74.016442,"31703","1087518",1000167516,Battery Park City-Lower Manhattan
"907",Polaris Productions Inc.,245 8th Avenue,New York,NY,"10011",(917) 658-9538,Theater,Manhattan Council District #3,Manhattan Community Board #4,Manhattan,40.744901,-73.998784,"93","1013361",1007460038,Hudson Yards-Chelsea-Flatiron-Union Square
"908","Police Athletic League, Inc.",34 1/2 East 12th Street,New York,NY,"10003",(212) 477-9450 x324,"Multi-Discipline, Performing",Manhattan Council District #2,Manhattan Community Board #2,Manhattan,40.733809,-73.992549,"61","1009129",1005630020,West Village
"909","Polish Theatre Institute in the USA, Inc.",112 West 72nd St,New York,NY,"10023",(212) 724-9323,"Multi-Discipline, Performing",Manhattan Council District #7,Manhattan Community Board #7,Manhattan,40.777581,-73.979213,"157","1076234",1011437504,Lincoln Square
"910",Poster House,119 W. 23rd Street,New York,NY,"10011",(212) 841-2544,Museum,Manhattan Council District #3,Manhattan Community Board #4,Manhattan,40.743248,-73.993591,"91","1014952",1007990028,Hudson Yards-Chelsea-Flatiron-Union Square
"911","Pregones Touring Puerto Rican Theatre Collection, Inc.",571-575 Walton Avenue,Bronx,NY,"10451",(718) 585-1202,Theater,Manhattan Council District #8,Bronx Community Board #4,Bronx,40.819393,-73.928132,"63","2001107",2023520045,West Concourse
"912",Present Theatre Company,518 East 6th Street,New York,NY,"10009",(212) 279-4455,Theater,Manhattan Council District #3,Manhattan Community Board #5,Manhattan,40.725192,-73.983317,"32","1005051",1004010019,East Village
"913","Primary Information, Inc.",41 Grand Street,New York,NY,"10013",(646) 894-5547,Visual Arts,Manhattan Council District #1,Manhattan Community Board #2,Manhattan,40.722575,-74.004174,"47","1002943",1002270019,SoHo-TriBeCa-Civic Center-Little Italy
"914","Primary Stages Company, Inc.","307 West 38th Street, Ste. 1510",New York,NY,"10018",(212) 840-9705 x201,Theater,Manhattan Council District #4,Manhattan Community Board #4,Manhattan,40.754946,-73.992175,"115","1013643",1007620025,Clinton
"915","Printed Matter, Inc.",231 Eleventh Avenue,New York,NY,"10001",(212) 925-0325,Visual Arts,Manhattan Council District #3,Manhattan Community Board #4,Manhattan,40.750489,-74.005858,"99","1012267",1006700050,Hudson Yards-Chelsea-Flatiron-Union Square
"916","Project City Kids, Inc.","385 South End Avenue, Apt. 7G",New York,NY,"10280",(212) 786-0400,Other,Manhattan Council District #1,Manhattan Community Board #1,Manhattan,40.711329,-74.015893,"31704","1083376",1000160100,Battery Park City-Lower Manhattan
"917","Project Rebirth, Inc",163 William Street,New York,NY,"10038",(212) 346-1482,,Manhattan Council District #1,,Manhattan,40.710114,-74.005901,"1501","1001269",1000927502,Battery Park City-Lower Manhattan
"918","Prospect Theater Company, Inc.","520 Eighth Avenue, Ste. 307, Third Floor",New York,NY,"10018",(212) 594-4476,Theater,Manhattan Council District #3,Manhattan Community Board #4,Manhattan,40.753612,-73.992417,"109","1083624",1007860001,Midtown-Midtown South
"919","Public Art Fund, Inc.","1 East 53rd Street, 11th Floor",New York,NY,"10022",(212) 980-4575,Visual Arts,Manhattan Council District #3,Manhattan Community Board #5,Manhattan,40.760324,-73.975584,"102","1035725",1012890005,Midtown-Midtown South
"920",Public Policy Lab,"20 Jay St, Suite 910",Brooklyn,NY,"11201",(646) 535-6535,Architecture/Design,Brooklyn Council District #33,Brooklyn Community Board #2,Brooklyn,40.704313,-73.986587,"21","3000010",3000190001,DUMBO-Vinegar Hill-Downtown Brooklyn-Boerum Hill
"921","Publicolor, Inc.","149 Madison Avenue, Ste. 1201",New York,NY,"10016",(212) 213-6121,Architecture/Design,Manhattan Council District #2,Manhattan Community Board #5,Manhattan,40.746333,-73.983991,"74","1016997",1008610057,Midtown-Midtown South
"922",Puerto Rican Traveling Theatre Company Inc.,141 West 94th Street,New York,NY,"10025",(212) 354-1293,Theater,Manhattan Council District #3,Manhattan Community Board #4,Manhattan,40.792233,-73.970047,"181","1032554",1012250016,Upper West Side
"923","Puerto Rican Workshop, Inc.",1680 Lexington Avenue,New York,NY,"10029",(212) 831-4333,Visual Arts,Manhattan Council District #8,Manhattan Community Board #11,Manhattan,40.791881,-73.946558,"172","1051991",1016330013,East Harlem South
"924","Pulse Ensemble Theatre, Inc.","248 West 35th Street, 15th Floor",New York,NY,"10001",(212) 695-1596,Theater,Manhattan Council District #5,Manhattan Community Board #3,Manhattan,40.75224,-73.99154,"109","1014416",1007840068,Midtown-Midtown South
"925","Qubit New Music, Inc.",523 West 143rd Street,New York,NY,"10031",(646) 683-8409,"Multi-Discipl, Perf & Non-Perf",Manhattan Council District #7,Manhattan Community Board #9,Manhattan,40.82463,-73.95017,"229","1061882",1020750011,Hamilton Heights
"926","Queen's Theatre Company, Inc.",Times Square Station,New York,NY,"10108",(917) 648-4167,Theater,Manhattan Council District #3,Manhattan Community Board #4,Manhattan,40.756582,-73.989637,"113","1000000",1009950001,Midtown-Midtown South
"927","Queer Urban Orchestra, Inc.","P.O. Box 438, Radio City Station",New York,NY,"10101",(646) 233-4113,Music,Manhattan Council District #3,Manhattan Community Board #4,Manhattan,40.760023,-73.979952,"104","1083862",1012660001,Midtown-Midtown South
"928",Queer/Art Inc.,"176 Grand St., Ste. 601",New York,NY,"10013",(212) 431-0147,"Multi-Discipl, Perf & Non-Perf",Manhattan Council District #1,Manhattan Community Board #2,Manhattan,40.71952,-73.99785,"41","1006972",1004710025,SoHo-TriBeCa-Civic Center-Little Italy
"929","RPGA Studio, Inc",43-01 22nd street suite 252,LIC,NY,"11101",(347) 201-2186,Visual Arts,Queens Council District #29,Queens Community Board #6,Queens,40.750081,-73.944744,"19","4005194",4004400008,Hunters Point-Sunnyside-West Maspeth
"930","RX Art, Inc.",208 Forsyth Street,New York,NY,"10002",(212) 260-8797,Visual Arts,Manhattan Council District #1,Manhattan Community Board #2,Manhattan,40.722934,-73.990519,"3601","1005614",1004220044,Chinatown
"931","Racing Thoughts, Inc.","55 North Moore Street, #3",New York,NY,"10013",(212) 226-5109,Dance,Manhattan Council District #1,Manhattan Community Board #1,Manhattan,40.720014,-74.009102,"39","1002120",1001880001,SoHo-TriBeCa-Civic Center-Little Italy
"932","Radio Diaries, Inc.",20 Jay Street,Brooklyn,NY,"11201",(718) 858-1640,Film/Video/Audio,Brooklyn Council District #33,Brooklyn Community Board #2,Brooklyn,40.704313,-73.986587,"21","3000010",3000190001,DUMBO-Vinegar Hill-Downtown Brooklyn-Boerum Hill
"933","Radio Foundation, Inc.",1 West 89th Street,New York,NY,"10024",(212) 595-1837,Other,Manhattan Council District #6,Manhattan Community Board #7,Manhattan,40.787289,-73.968055,"173","1031567",1012037502,Upper West Side
"934","Randall's Island Park Alliance, Inc.",24 West 61st St. 4th Floor,New York,NY,"10024",(212) 830-7780,"Multi-Discipl, Perf & Non-Perf",Manhattan Council District #3,Manhattan Community Board #7,Manhattan,40.769965,-73.98266,"145","1027194",1011130051,Lincoln Square
"935","Rattapallax, Incorporated","532 La Guardia Place, Ste. 353",New York,NY,"10012",(646) 416-4702,Literature,Manhattan Council District #1,Manhattan Community Board #2,Manhattan,40.728496,-73.9986,"65","1008643",1005370029,West Village
"936","Rattlestick Productions, Inc.",224 Waverly Place,New York,NY,"10014",(212) 627-2556,Theater,Manhattan Council District #3,Manhattan Community Board #2,Manhattan,40.736027,-74.001855,"73","1080204",1006130023,West Village
"937","Recess Activities, Inc.",46 Washington Avenue,Brooklyn,NY,"11205",(646) 863-3765,"Multi-Discipline, Non-Perform",Manhattan Council District #1,Manhattan Community Board #2,Brooklyn,40.697267,-73.967655,"543","3054134",3018740034,park-cemetery-etc-Brooklyn
"938","Recording Artists' Development, Inc.",17 Gay Street #8,New York,NY,"10014",(212) 727-2625,Music,Manhattan Council District #3,Manhattan Community Board #2,Manhattan,40.733645,-74.000393,"71","1010266",1005930008,West Village
"939","Rector, Church Wardens, Vestrymembers of the Church of St. Luke in the Field",487 Hudson Street,New York,NY,"10014",(212) 924-0562,Music,Manhattan Council District #3,Manhattan Community Board #2,Manhattan,40.732522,-74.006498,"69","1067305",1006050031,West Village
"940","Red Bull Theater, Inc.",191 SEVENTH AVENUE,New York,NY,"10011",(212) 414-5168 x3,Theater,Manhattan Council District #6,Manhattan Community Board #7,Manhattan,40.742949,-73.996467,"87","1080586",1007970002,Hudson Yards-Chelsea-Flatiron-Union Square
"941","Red Fern Theatre Company, Inc.","160 East 38th Street, #10D",New York,NY,"10016",(646) 554-3791,Theater,Manhattan Council District #3,Manhattan Community Board #5,Manhattan,40.74842,-73.976721,"80","1019099",1008930041,Murray Hill-Kips Bay
"942","Red Umbrella Project, Inc.",101 West 23rd St,New York,NY,"10011",(347) 927-3867,"Multi-Discipl, Perf & Non-Perf",Manhattan Council District #3,Manhattan Community Board #4,Manhattan,40.743097,-73.993226,"91","1014954",1007990035,Hudson Yards-Chelsea-Flatiron-Union Square
"943","Reel Lives, Inc.","136 Metropolitan Avenue, 4C",Brooklyn,NY,"11249",(646) 488-2991,Film/Video/Audio,Brooklyn Council District #34,Brooklyn Community Board #1,Brooklyn,40.716229,-73.962459,"555","3062437",3023647501,North Side-South Side
"944",Regional Plan Association,4 Irving Place,New York,NY,"10003",(917) 546-4304,"Multi-Discipl, Perf & Non-Perf",Manhattan Council District #2,Manhattan Community Board #6,Manhattan,40.734163,-73.988627,"50","1084936",1008700024,Gramercy
"945","Relationship Performance and Art Group, Inc.","100 Saint Mark's Place, Apt. 7",New York,NY,"10009",(212) 533-9169,Theater,Manhattan Council District #2,Manhattan Community Board #3,Manhattan,40.727388,-73.984825,"32","1005825",1004350014,East Village
"946",Research Foundation of CUNY,230 West 41st Street,New York,NY,"10036",(212) 652-2800,Theater,Manhattan Council District #3,Manhattan Community Board #5,Manhattan,40.755802,-73.988482,"113","1080830",1010120015,Midtown-Midtown South
"947",Reverend Linnette C. Williamson Memorial Park Association,"141 West 139th Street, Apt. C44",New York,NY,"10030",(212) 566-0828,"Multi-Discipline, Non-Perform",Manhattan Council District #9,Manhattan Community Board #10,Manhattan,40.817599,-73.941227,"230","1060053",1020080006,Central Harlem North-Polo Grounds
"948","Reverie Productions, Inc.","520 Eighth Avenue, Ste. 317",New York,NY,"10018",(212) 244-7803,Theater,Manhattan Council District #3,Manhattan Community Board #5,Manhattan,40.753612,-73.992417,"109","1083624",1007860001,Midtown-Midtown South
"949",Rhizome,235 Bowery,New York,NY,"10002",(212) 219-1222 x208,New Media,Manhattan Council District #1,Manhattan Community Board #3,Manhattan,40.722424,-73.993225,"3601","1005709",1004260012,Chinatown
"950",Richard Allen Center for Culture and Art,40 Peck Slip,New York,NY,"10038",(917) 605-4014,Theater,Manhattan Council District #1,Manhattan Community Board #1,Manhattan,40.707712,-74.001508,"1501","1001338",1000970031,Battery Park City-Lower Manhattan
"951","Rio Grande Union, Inc.","541 Broadway, Third Floor",New York,NY,"10012",(212) 966-6999,Dance,Manhattan Council District #1,Manhattan Community Board #2,Manhattan,40.723478,-73.998441,"49","1007580",1004980018,SoHo-TriBeCa-Civic Center-Little Italy
"952","Ripple Effect Artists, Inc.",601 W. 26th Street,New York,NY,"10001",(917) 773-2933,Theater,Manhattan Council District #3,Manhattan Community Board #4,Manhattan,40.750934,-74.005955,"99","1012268",1006720001,Hudson Yards-Chelsea-Flatiron-Union Square
"953","Riseboro Community Partnership, Inc.",555 Bushwick Avenue,New York,NY,"11206",(718) 821-0254,Theater,Brooklyn Council District #34,Brooklyn Community Board #4,Brooklyn,40.699372,-73.935647,"391","3071908",3031510012,Bushwick South
"954","Riverside Symphony, Inc.",225 West 99th Street,New York,NY,"10025",(212) 864-4197,Music,Manhattan Council District #8,Manhattan Community Board #7,Manhattan,40.796267,-73.969586,"187","1084035",1018710029,Upper West Side
"955","Riverside Theatre, Inc.",490 Riverside Drive,New York,NY,"10027",(212) 870-6877,"Multi-Discipline, Performing",Manhattan Council District #9,Manhattan Community Board #9,Manhattan,40.812306,-73.963607,"205","1081792",1019910032,Morningside Heights
"956","Robert H. Clampitt Foundation, Inc.","163 Amsterdam Avenue, #149",New York,NY,"10023",(202) 316-3917,"Multi-Discipline, Non-Perform",Manhattan Council District #6,Manhattan Community Board #7,Manhattan,40.775613,-73.983818,"153","1028849",1011390001,Lincoln Square
"957","Rod Rodgers Dance Company, Inc.",62 East 4th Street,New York,NY,"10003",(212) 674-9066,Dance,Manhattan Council District #2,Manhattan Community Board #3,Manhattan,40.726706,-73.990663,"38","1077964",1004590017,East Village
"958",Romare Bearden Foundation,"2090 Adam Clayton Powell, Jr. Blvd",New York,NY,"10027",(212) 924-0455 x105,Visual Arts,Manhattan Council District #3,Manhattan Community Board #5,Manhattan,40.808639,-73.948582,"222","1058640",1019300030,Central Harlem South
"959",Roosevelt Island Theatre Corporation,548 Main Street,New York,NY,"10044",(212) 371-4449,"Multi-Discipline, Performing",Manhattan Council District #5,Manhattan Community Board #8,Manhattan,40.761839,-73.949734,"23801","1084696",1013730030,Lenox Hill-Roosevelt Island
"960","Roosevelt Island Youth Program, Inc.",506 Main Street,New York,NY,"10044",(212) 935-3645,Music,Manhattan Council District #5,Manhattan Community Board #8,Manhattan,40.760706,-73.951106,"23801","1083215",1013730001,Lenox Hill-Roosevelt Island
"961",Rosie's Theater Kids,445 West 45th Street,New York,NY,"10036",(646) 434-2781,Theater,Manhattan Council District #3,Manhattan Community Board #4,Manhattan,40.761177,-73.993156,"121","1026440",1010550010,Clinton
"962","Roundabout Theatre Company, Inc.","231 West 39th Street, Ste. 1200",New York,NY,"10018",(212) 719-9393,Theater,Manhattan Council District #3,Manhattan Community Board #5,Manhattan,40.754576,-73.989363,"113","1014499",1007890021,Midtown-Midtown South
"963","Roust Theatre Company, Inc.","211 West 107th Street, Apt. 5W",New York,NY,"10025",(212) 666-3813,Theater,Manhattan Council District #8,Manhattan Community Board #7,Manhattan,40.801426,-73.965936,"195","1056652",1018790021,Morningside Heights
"964",Rubin Museum of Art,150 West 17th Street,New York,NY,"10011",(212) 620-0628 x312,"Multi-Discipl, Perf & Non-Perf",Manhattan Council District #3,Manhattan Community Board #4,Manhattan,40.740224,-73.997727,"81","1014595",1007920064,Hudson Yards-Chelsea-Flatiron-Union Square
"965",Rush Philanthropic Arts Foundation,"512 Seventh Avenue, 43rd Floor",New York,NY,"10018",(212) 997-3034,Visual Arts,Manhattan Council District #5,Manhattan Community Board #3,Manhattan,40.753283,-73.98897,"109","1014460",1007870044,Midtown-Midtown South
"966",Russian American Cultural Center,"520 East 76th Street, Apt. 7 E",New York,NY,"10021",(212) 744-5168,"Multi-Discipline, Non-Perform",Manhattan Council District #8,Manhattan Community Board #5,Manhattan,40.769146,-73.951179,"132","1046307",1014870039,Lenox Hill-Roosevelt Island
"967","Russian-American Foundation, Inc.","70 West 36th Street, Ste. 701",New York,NY,"10018",(212) 687-6132,"Multi-Discipl, Perf & Non-Perf",Manhattan Council District #3,Manhattan Community Board #5,Manhattan,40.750744,-73.986072,"84","1015916",1008377501,Midtown-Midtown South
"968","S.I.T.U., Inc.","127 Second Avenue, #19",New York,NY,"10003",(212) 260-3546,Dance,,Manhattan Community Board #2,Manhattan,40.72836,-73.987852,"38","1006679",1004630031,East Village
"969","SENS Production, Inc.",148 Classon Avenue,Brooklyn,NY,"11205",(718) 302-5024,Dance,Brooklyn Council District #33,Brooklyn Community Board #1,Brooklyn,40.695453,-73.961428,"191","3054626",3018950042,Clinton Hill
"970",SLEEP CENTER ART SPACE INC.,9 Monroe St. Bsmt.,New York,NY,"10002",(718) 406-7839,"Multi-Discipline, Non-Perform",Manhattan Council District #1,Manhattan Community Board #3,Manhattan,40.711434,-73.995982,"8","1003289",1002760004,Chinatown
"971",SMARTSPACES-DOT-ORG,61 7th Avenue South,New York,NY,"10014",(646) 823-6993,"Multi-Discipline, Non-Perform",Manhattan Council District #3,Manhattan Community Board #2,Manhattan,40.73163,-74.003929,"67","1009947",1005870021,West Village
"972",SOUL CITY MOVEMENT,14 Dunham Place,Brooklyn,NY,"11249",(415) 400-6859,"Multi-Discipline, Non-Perform",Brooklyn Council District #33,Brooklyn Community Board #1,Brooklyn,40.71116,-73.967446,"549","3336591",3024690006,North Side-South Side
"973","SYREN Modern Dance, Inc.","470 Lenox Avenue, 17H",New York,NY,"10037",(917) 650-5134,Dance,Queens Council District #26,Queens Community Board #1,Manhattan,40.813008,-73.94165,"212","1053898",1017300075,Central Harlem North-Polo Grounds
"974","Sachiyo Ito and Company, Inc.","405 West 23rd Street, Ste. 4G",New York,NY,"10011",(212) 627-0265,Dance,Manhattan Council District #3,Manhattan Community Board #4,Manhattan,40.746712,-74.001826,"93","1077236",1007217501,Hudson Yards-Chelsea-Flatiron-Union Square
"975","Saeko Ichinohe and Company, Inc.","159 West 53rd Street, Suite 22-H",New York,NY,"10019",(212) 757-2531,Dance,Manhattan Council District #3,Manhattan Community Board #5,Manhattan,40.762713,-73.981261,"131","1023166",1010067501,Midtown-Midtown South
"976",Safe Harbors Indigenous Collective,511 Ave of the Americas,New York City,NY,"10011",(551) 208-2844,"Multi-Discipl, Perf & Non-Perf",Manhattan Council District #3,Manhattan Community Board #3,Manhattan,40.736875,-73.997203,"71","1010653",1006090047,West Village
"977",Salmagundi Club,47 Fifth Avenue,New York,NY,"10003",(212) 255-7740 x210,Visual Arts,Manhattan Council District #2,Manhattan Community Board #2,Manhattan,40.73435,-73.994808,"61","1009274",1005690004,West Village
"978",Salvadori Center,"475 Riverside Drive, Suite 1272",New York,NY,"10115",(212) 870-3970,Architecture/Design,Manhattan Council District #7,Manhattan Community Board #9,Manhattan,40.811101,-73.964168,"205",,,Morningside Heights
"979","Salvatones, Inc.","1280 Fifth Avenue, #18C",New York,NY,"10029",(212) 784-6176,Music,Manhattan Council District #9,Manhattan Community Board #11,Manhattan,40.796304,-73.949614,"17401","1089046",1016157501,East Harlem South
"980","Sarah Michelson, Inc.",140 Second Ave #501,New York,NY,"10003",(212) 375-8283,Dance,Manhattan Council District #2,Manhattan Community Board #3,Manhattan,40.728956,-73.987401,"38","1006362",1004500006,East Village
"981","Saratoga International Theater Institute, Inc.","520 Eighth Avenue, Ste. 310",New York,NY,"10018",(212) 868-0860,Theater,Manhattan Council District #3,Manhattan Community Board #5,Manhattan,40.753612,-73.992417,"109","1083624",1007860001,Midtown-Midtown South
"982",Scandinavian American Theater Company,520 8th Ave,New York,NY,"10018",(646) 508-2263,Theater,Manhattan Council District #3,Manhattan Community Board #5,Manhattan,40.753612,-73.992417,"109","1083624",1007860001,Midtown-Midtown South
"983","School of American Ballet, Inc.","70 Lincoln Center Plaza, Fifth Floor",New York,NY,"10023",(212) 769-6600,Dance,Manhattan Council District #6,Manhattan Community Board #4,Manhattan,40.773626,-73.983591,"149","1077844",1011377501,Lincoln Square
"984",Sculptors Alliance Inc.,"305 East 11th Street, Apt. 5D",New York,NY,"10003",(212) 982-4135,Visual Arts,Manhattan Council District #2,Manhattan Community Board #3,Manhattan,40.730136,-73.985777,"40","1079353",1004530011,East Village
"985","Sculpture Center, Inc.",44-19 Purves Street,Long Island City,NY,"11101",(718) 361-1750,Visual Arts,Queens Council District #26,Queens Community Board #2,Queens,40.747013,-73.941173,"19","4461880",4002670014,Hunters Point-Sunnyside-West Maspeth
"986","Sebastian Chamber Players, Inc.",163 Saint Nicholas Avenue,New York,NY,"10026",(262) 345-2224,Music,Manhattan Council District #9,Manhattan Community Board #10,Manhattan,40.80527,-73.952782,"220","1058418",1019247501,Central Harlem South
"987",Second Stage Theatre,305 West 43rd Street,New York,NY,"10036",(212) 787-8302 x106,Theater,Manhattan Council District #3,Manhattan Community Board #4,Manhattan,40.75813,-73.989799,"121","1024967",1010340029,Clinton
"988",Secret City,378 Manhattan Ave #2L,Brooklyn,NY,"11211",(917) 208-7948,"Multi-Discipline, Performing",Brooklyn Council District #33,Brooklyn Community Board #1,Manhattan,40.804879,-73.956922,"20102",,,Central Harlem South
"989",Seedco Financial Services,"915 Broadway, 17th Floor",New York,NY,"10010",(212) 204-1300,Other,Manhattan Council District #2,Manhattan Community Board #5,Manhattan,40.739644,-73.989654,"52","1016226",1008490070,Hudson Yards-Chelsea-Flatiron-Union Square
"990",Seeing for Ourselves Inc,101 Clark Street,Brooklyn,NY,"11201",(914) 413-5378,Photography,Brooklyn Council District #33,Brooklyn Community Board #2,Brooklyn,40.697285,-73.992304,"1","3001727",3002320001,Brooklyn Heights-Cobble Hill
"991",September 11th Widows and Victim Families Association,"22 Cortlandt Street, Suite 801",New York,NY,"10007",(212) 422-3520 x111,Museum,Manhattan Council District #1,Manhattan Community Board #1,Manhattan,40.710223,-74.010897,"13","1001069",1000630003,Battery Park City-Lower Manhattan
"992",September Concert Foundation,601 West 57th St #37D,New York,NY,"10019",(212) 333-3399,Music,Manhattan Council District #6,Manhattan Community Board #4,Manhattan,40.77052,-73.99187,"135","1081009",1011050029,Clinton
"993","Seventh Regiment Armory Conservancy, Inc.",643 Park Avenue,New York,NY,"10065",(212) 616-3951,"Multi-Discipl, Perf & Non-Perf",Manhattan Council District #4,Manhattan Community Board #8,Manhattan,40.767491,-73.966448,"120","1042460",1014010001,Upper East Side-Carnegie Hill
"994","Shadow Box Theatre, Inc.","325 West End Avenue, Apt. 12B",New York,NY,"10023",(212) 724-0677,"Multi-Discipline, Performing",Manhattan Council District #6,Manhattan Community Board #7,Manhattan,40.782036,-73.98287,"163","1031026",1011850019,Upper West Side
"995","Shakespeare Downtown, Inc.","251 Water Street, Apt. 2",New York,NY,"10038",(917) 575-5452,Theater,Manhattan Council District #1,Manhattan Community Board #1,Manhattan,40.708113,-74.002207,"1501","1001349",1000970057,Battery Park City-Lower Manhattan
"996",Shakespeare Society,191 7th Avenue,New York,NY,"10011",(212) 967-6802,Theater,Manhattan Council District #3,Manhattan Community Board #5,Manhattan,40.742949,-73.996467,"87","1080586",1007970002,Hudson Yards-Chelsea-Flatiron-Union Square
"997","Shed NYC, Inc.",545 West 30th Street,New York,NY,"10001",(212) 616-5822,,Manhattan Council District #3,,Manhattan,40.752841,-74.002812,"99","1089411",1007027502,Hudson Yards-Chelsea-Flatiron-Union Square
"998","Shen Wei Dance Arts, Inc.","219 West 19th Street, 2nd Floor",New York,NY,"10011",(212) 962-1113,Dance,Manhattan Council District #1,Manhattan Community Board #1,Manhattan,40.74212,-73.998546,"87","1013977",1007697506,Hudson Yards-Chelsea-Flatiron-Union Square
"999","Shotgun Productions, Inc.","165 East 35th Street, Suite 7J",New York,NY,"10016",(917) 371-7612,Theater,,Manhattan Community Board #6,Manhattan,40.746768,-73.978505,"80","1018910",1008910039,Murray Hill-Kips Bay
"1000","Sign of the Times Theater Company, Inc.","80 East 11th Street, Suite 301C",New York,NY,"10003",(917) 334-2897,Theater,Manhattan Council District #2,Manhattan Community Board #2,Manhattan,40.732681,-73.991863,"61","1009108",1005620024,West Village
"1001","Signature Theatre Company, Inc.","630 Ninth Avenue, Ste. 1106",New York,NY,"10036",(212) 967-1913 x11,Theater,Manhattan Council District #3,Manhattan Community Board #4,Manhattan,40.760038,-73.991449,"121","1024982",1010350001,Clinton
"1002","Silent Cinema Presentations, Inc.",176 West 87th Street #1D,New York,NY,"10024",(212) 595-5655,Film/Video/Audio,Manhattan Council District #6,Manhattan Community Board #7,Manhattan,40.787985,-73.973656,"173","1032218",1012170064,Upper West Side
"1003",Sing for Hope,"548 Broadway, Third Floor",New York,NY,"10012",(212) 966-5955,"Multi-Discipl, Perf & Non-Perf",Manhattan Council District #1,Manhattan Community Board #2,Brooklyn,40.70422,-73.948064,"509",,,Williamsburg
"1004",Skyscraper Museum,39 Battery Place,New York,NY,"10280",(212) 945-6324,Museum,Manhattan Council District #1,Manhattan Community Board #1,Manhattan,40.705869,-74.017976,"31704","1085789",1000167513,Battery Park City-Lower Manhattan
"1005",Slideluck Potshow,"197 East 4th Street, Apt. 2",New York,NY,"10009",(917) 804-2767,Photography,Manhattan Council District #2,Manhattan Community Board #3,Manhattan,40.724023,-73.984256,"32","1005042",1004000059,East Village
"1006","Smack Mellon Studios, Inc.",92 Plymouth Street,Brooklyn,NY,"11201",(718) 834-8761,Visual Arts,Brooklyn Council District #33,Brooklyn Community Board #2,Brooklyn,40.703875,-73.9901,"21","3344162",3000270020,DUMBO-Vinegar Hill-Downtown Brooklyn-Boerum Hill
"1007",So Percussion,20 Grand Avenue,Brooklyn,NY,"11205",(718) 869-9358,Music,Brooklyn Council District #33,Brooklyn Community Board #1,Brooklyn,40.697112,-73.964763,"543","3330875",3018770035,park-cemetery-etc-Brooklyn
"1008","SoHarlem, Inc.",1361 Amsterdam Avenue,New York,NY,"10027",(212) 222-2792,Other,Manhattan Council District #7,Manhattan Community Board #9,Manhattan,40.814216,-73.95564,"21303","1081781",1019670040,Manhattanville
"1009",Society for the Preservation and Encouragement of Barber Shop Quartet,"PO Box 522, Cooper Union Station",New York,NY,"10276",(631) 221-2911,Music,Manhattan Council District #2,Manhattan Community Board #6,Manhattan,40.729365,-73.990486,"42","1006642",1004620001,East Village
"1010","Society of Illustrators, Inc.",128 East 63rd Street,New York,NY,"10065",(212) 838-2560,Museum,Manhattan Council District #4,Manhattan Community Board #8,Manhattan,40.764897,-73.966774,"11402","1042056",1013970060,Upper East Side-Carnegie Hill
"1011","Society of the Educational Arts, Inc.","107 Suffolk Street, 2nd Floor",New York,NY,"10002",(212) 529-1545,Theater,Manhattan Council District #1,Manhattan Community Board #1,Manhattan,40.718943,-73.986122,"1402","1004301",1003530054,Lower East Side
"1012","Society of the Third Street Music School Settlement, Inc.",235 East 11th Street,New York,NY,"10003",(212) 777-3240 x124,Music,Manhattan Council District #2,Manhattan Community Board #3,Manhattan,40.730806,-73.987364,"40","1006849",1004677501,East Village
"1013","Soho 20 Artists, Inc.",56 Bogart Street,Brooklyn,NY,"11206",(212) 367-8994,"Multi-Discipl, Perf & Non-Perf",Manhattan Council District #3,Manhattan Community Board #4,Brooklyn,40.705533,-73.933351,"453","3071424",3030930001,Bushwick North
"1014","Soho Repertory Theatre, Inc.",401 Broadway,New York,NY,"10013",(212) 941-8632 x201,Theater,Manhattan Council District #1,Manhattan Community Board #1,Manhattan,40.71871,-74.002482,"33","1002310",1001940042,SoHo-TriBeCa-Civic Center-Little Italy
"1015","Soho Think Tank, Inc.",154 Christopher Street,New York,NY,"10014",(212) 966-4844,Theater,Manhattan Council District #3,Manhattan Community Board #2,Manhattan,40.73273,-74.008129,"69","1010421",1006040033,West Village
"1016","Solo Foundation, Inc.","230 West 38th Street, 9th Floor",New York,NY,"10018",(212) 643-2036,New Media,Manhattan Council District #3,Manhattan Community Board #4,Manhattan,40.753942,-73.989829,"109","1014462",1007870059,Midtown-Midtown South
"1017",Solomon R. Guggenheim Foundation,1071 Fifth Avenue,New York,NY,"10128",(212) 423-3688,Museum,Manhattan Council District #4,Manhattan Community Board #8,Manhattan,40.782925,-73.959391,"15002","1046946",1015000001,Upper East Side-Carnegie Hill
"1018","Songs of Solomon: An Inspirational Ensemble, Inc.","151 West 136th Street, 2nd floor",New York,NY,"10030",(212) 281-2674,Music,Manhattan Council District #10,Manhattan Community Board #10,Manhattan,40.815382,-73.941788,"228","1075466",1019210010,Central Harlem North-Polo Grounds
"1019","Sons of the Revolution in the State of New York, Inc.",54 Pearl Street,New York,NY,"10004",(212) 425-1778 x30,Museum,Manhattan Council District #1,Manhattan Community Board #1,Manhattan,40.703496,-74.011375,"9","1078965",1000070035,Battery Park City-Lower Manhattan
"1020",Sophie Gerson Healthy Youth,505 LaGuardia Place,New York,NY,"10012",(917) 836-3272,"Multi-Discipl, Perf & Non-Perf",Manhattan Council District #1,Manhattan Community Board #2,Manhattan,40.727667,-73.999282,"5501","1008241",1005240001,West Village
"1021",Sound Business Inc.,315 East 14th St. Suite 5B,New York,NY,"10003",(212) 690-6800,"Multi-Discipline, Performing",Manhattan Council District #9,Manhattan Community Board #9,Manhattan,40.732082,-73.984283,"48","1020393",1009210010,Gramercy
"1022","South Asian International Film Festival, Inc.",114 Franklin Street,New York,NY,"10013",(917) 902-6706,Film/Video/Audio,Manhattan Council District #1,Manhattan Community Board #1,Manhattan,40.718633,-74.006082,"33","1001984",1001780010,SoHo-TriBeCa-Civic Center-Little Italy
"1023",South Street Seaport Museum,12 Fulton Street,New York,NY,"10038",(212) 748-8770,Museum,Manhattan Council District #1,Manhattan Community Board #1,Manhattan,40.706631,-74.003495,"1502","1085798",1000740001,Battery Park City-Lower Manhattan
"1024",Southside United Housing Development Fund Corp,213 South 4th Street,Brooklyn,NY,"11211",(718) 387-3600,Museum,Brooklyn Council District #34,Brooklyn Community Board #1,Brooklyn,40.710664,-73.959594,"523","3063322",3024330042,North Side-South Side
"1025","Spanish Dance Arts Company, Inc.","4 West 43rd Street, Ste. 608",New York,NY,"10036",(212) 736-4499,Dance,Manhattan Council District #1,Manhattan Community Board #5,Manhattan,40.754371,-73.980932,"96","1034201",1012580042,Midtown-Midtown South
"1026","Spanish Theatre Repertory Company, Ltd.",138 East 27th Street,New York,NY,"10016",(212) 225-9934,Theater,Manhattan Council District #2,Manhattan Community Board #6,Manhattan,40.741889,-73.982606,"68","1018151",1008820060,Gramercy
"1027",Special Audiences and Musicians Inc,148 West 23rd Street #5F,New York,NY,"10011",(917) 359-3430,Music,Manhattan Council District #3,Manhattan Community Board #4,Manhattan,40.74349,-73.994211,"91","1014811",1007980071,Hudson Yards-Chelsea-Flatiron-Union Square
"1028","Speculum Musicae, Inc.","255 West 88th St., Apt. 10C",New York,NY,"10024",(212) 799-2227,Music,Manhattan Council District #6,Manhattan Community Board #7,Manhattan,40.789874,-73.97614,"175","1033291",1012360010,Upper West Side
"1029","St. Ann's Warehouse, Inc.",45 Water Street,Brooklyn,NY,"11201",(718) 834-8794,"Multi-Discipline, Performing",Brooklyn Council District #33,Brooklyn Community Board #2,Brooklyn,40.70332,-73.992624,"21","3378511",3000260080,DUMBO-Vinegar Hill-Downtown Brooklyn-Boerum Hill
"1030","St. Augustine's Project, Inc",333 Madison Street,New York,NY,"10002",(212) 673-5220,,,,Manhattan,40.713264,-73.9834,"202","1081965",1002670019,Lower East Side
"1031","St. Cecilia Club, Inc.",PO Box 421 FDR Station,NEW YORK,NY,"10150",(646) 638-2535,Music,Manhattan Council District #5,Manhattan Community Board #6,Manhattan,40.712269,-73.979638,"202","1003217",1002620014,Lower East Side
"1032","St. Luke's Chamber Ensemble, Inc.",450 West 37th Street,New York,NY,"10018",(212) 594-6100,Music,Manhattan Council District #3,Manhattan Community Board #4,Manhattan,40.756058,-73.996759,"111","1087066",1007347502,Hudson Yards-Chelsea-Flatiron-Union Square
"1033",St. Nicks Alliance,2 Kingsland Avenue,Brooklyn,NY,"11211",(718) 388-5454,"Multi-Discipl, Perf & Non-Perf",Brooklyn Council District #34,Brooklyn Community Board #1,Brooklyn,40.715895,-73.940025,"449","3389465",3028850010,East Williamsburg
"1034",Stage Directors and Choreographers Workshop Foundation,"321 West 44th Street, 8th Floor",New York,NY,"10036",(212) 391-1070 x233,Theater,Manhattan Council District #3,Manhattan Community Board #5,Manhattan,40.75889,-73.989669,"121","1080878",1010350017,Clinton
"1035",Staret...The Directors Company,311 W. 43rd St,New York,NY,"10036",(212) 246-5877,Theater,Manhattan Council District #3,Manhattan Community Board #4,Manhattan,40.75818,-73.989922,"121","1024965",1010340022,Clinton
"1036",Statement Arts,2 River Terrace,New York,NY,"10282",(800) 804-0081,"Multi-Discipl, Perf & Non-Perf",Manhattan Council District #6,Manhattan Community Board #12,Manhattan,40.715534,-74.016651,"31703","1087518",1000167516,Battery Park City-Lower Manhattan
"1037",Stecher and Horowitz Foundation,"119 West 57th Street, Ste. 1401",New York,NY,"10019",(212) 581-8380,Music,Manhattan Council District #3,Manhattan Community Board #4,Manhattan,40.764655,-73.977972,"137","1023725",1010100021,Midtown-Midtown South
"1038",Stefanie Nelson Dance Group,"468 Riverside Drive, #24",New York,NY,"10027",(347) 831-3384,Dance,Manhattan Council District #7,Manhattan Community Board #9,Manhattan,40.810679,-73.964468,"205","1059826",1019900040,Morningside Heights
"1039",Stella Adler Studio of Acting,"31 West 27th Street, 3rd floor",New York,NY,"10001",(212) 689-0087 x12,"Multi-Discipline, Performing",Manhattan Council District #3,Manhattan Community Board #5,Manhattan,40.744747,-73.989354,"58","1015680",1008290016,Hudson Yards-Chelsea-Flatiron-Union Square
"1040","Stephen Petronio Dance Company, Inc.",140 Second Avenue,New York,NY,"10003",(212) 473-1660,Dance,Manhattan Council District #2,Manhattan Community Board #3,Manhattan,40.728956,-73.987401,"38","1006362",1004500006,East Village
"1041",Stickball Printmedia Arts,"100 Bleecker Street, Apt. 8F",New York,NY,"10012",(212) 277-8021,Visual Arts,Manhattan Council District #8,Manhattan Community Board #11,Manhattan,40.727153,-73.997124,"5501","1087825",1005240066,West Village
"1042","Stolen Chair Theatre Company, Inc.","64 East 94th Street, Apt. 5G",New York,NY,"10128",(212) 410-2830,Theater,Manhattan Council District #4,Manhattan Community Board #8,Manhattan,40.78564,-73.954461,"16001","1047126",1015050044,Upper East Side-Carnegie Hill
"1043",Storefront for Art and Architecture,97 Kenmare Street,New York,NY,"10012",(212) 431-5795,Architecture/Design,Manhattan Council District #1,Manhattan Community Board #2,Manhattan,40.721318,-73.996984,"41","1066730",1004817501,SoHo-TriBeCa-Civic Center-Little Italy
"1044","Storm Theatre, Inc.","32 West 72 Street, Suite 2B",New York,NY,"10023",(917) 841-6636,Theater,Manhattan Council District #6,Manhattan Community Board #7,Manhattan,40.776949,-73.977719,"157","1028622",1011240051,Lincoln Square
"1045",Storyville Center for the Spoken Word,75 Broad Street,New York,NY,"10004",(212) 742-0552,"Multi-Discipline, Performing",Manhattan Council District #3,Manhattan Community Board #4,Manhattan,40.704541,-74.011552,"9","1000849",1000290070,Battery Park City-Lower Manhattan
"1046","Strange Sun Theater, Inc.",65 west 90th street,"New York, NY 10024",NY,"10024",(646) 801-7143,Theater,Manhattan Council District #6,Manhattan Community Board #7,Manhattan,40.788816,-73.969712,"177","1031595",1012040001,Upper West Side
"1047","Streb, Inc.",51 North 1st Street,Brooklyn,NY,"11249",(718) 384-6491,Dance,Brooklyn Council District #33,Brooklyn Community Board #1,Brooklyn,40.716767,-73.964713,"555","3062433",3023630038,North Side-South Side
"1048","Studio Dante, Inc.",499 Canal Street,New York,NY,"10013",(212) 239-4500,Theater,Manhattan Council District #3,Manhattan Community Board #5,Manhattan,40.724126,-74.008493,"37","1010320",1005940113,SoHo-TriBeCa-Civic Center-Little Italy
"1049",Studio Museum in Harlem,144 West 125th Street,New York,NY,"10027",(212) 864-4500,Visual Arts,Manhattan Council District #9,Manhattan Community Board #10,Manhattan,40.808523,-73.947278,"222","1057819",1019090009,Central Harlem South
"1050","Studio in a School Association, Inc.",75 West End Avenue,New York,NY,"10023",(212) 765-5900 x10,Visual Arts,Manhattan Council District #6,Manhattan Community Board #7,Manhattan,40.77422,-73.989237,"151","1088686",1011710063,Lincoln Square
"1051","Stuttering Association for the Young, Inc.",247 W 37 Street,New York,NY,"10018",(212) 414-9696,Theater,Manhattan Council District #3,Manhattan Community Board #4,Manhattan,40.753475,-73.990594,"109","1014454",1007870011,Midtown-Midtown South
"1052","Sweet Jane Productions, Inc.","37 Grand Avenue, 3rd Floor",Brooklyn,NY,"11205",(917) 913-9610,Theater,Brooklyn Council District #35,Brooklyn Community Board #10,Brooklyn,40.696728,-73.964666,"543","3334520",3018780006,park-cemetery-etc-Brooklyn
"1053",Swiss Institute,"117 Second Avenue, Floor 2",New York,NY,"10003",(212) 925-2035,Visual Arts,Manhattan Council District #1,Manhattan Community Board #2,Manhattan,40.727897,-73.988191,"38","1006651",1004620023,East Village
"1054","Sympho, Inc.","235 West 108th Street, #32",New York,NY,"10025",(917) 412-1848,,,,Manhattan,40.802393,-73.966282,"195","1056675",1018800010,Morningside Heights
"1055","Symphony Space, Inc.",2537 Broadway,New York,NY,"10025",(212) 864-1414 x231,"Multi-Discipline, Performing",Manhattan Council District #6,Manhattan Community Board #7,Manhattan,40.793842,-73.972393,"183","1033687",1012420055,Upper West Side
"1056",Synagogue for the Arts,49 White Street,New York,NY,"10013",(212) 966-7141,Visual Arts,Manhattan Council District #1,,Manhattan,40.718526,-74.004156,"33","1001933",1001750022,SoHo-TriBeCa-Civic Center-Little Italy
"1057",Synapse Productions,220 East 4th Street,New York,NY,"10009",(212) 674-2716,Theater,Manhattan Council District #2,Manhattan Community Board #3,Manhattan,40.723658,-73.983433,"32","1081927",1003990020,East Village
"1058","T. Schreiber Studio, Inc.",151 West 26th Street,New York,NY,"10001",(212) 741-0209,Theater,Manhattan Council District #3,Manhattan Community Board #5,Manhattan,40.745428,-73.992872,"95","1015034",1008020008,Midtown-Midtown South
"1059",T.O.A.S.T.,50 White Street,New York,NY,"10013",(917) 291-1316,Visual Arts,Manhattan Council District #1,Manhattan Community Board #1,Manhattan,40.718521,-74.004098,"33","1002197",1001930010,SoHo-TriBeCa-Civic Center-Little Italy
"1060","TADA! Theater and Dance Alliance, Inc.","15 West 28th Street, Third Floor",New York,NY,"10001",(212) 252-1619 x21,Theater,Manhattan Council District #3,Manhattan Community Board #5,Manhattan,40.74515,-73.988383,"76","1015728",1008300030,Midtown-Midtown South
"1061","TENET NYC, Inc.",262 West 107th Street,New York,NY,"10025",(212) 580-3326,Music,Manhattan Council District #6,Manhattan Community Board #7,Manhattan,40.801841,-73.966961,"195","1056645",1018780052,Morningside Heights
"1062","TOSOS II, Inc.","688 10th Avenue, #4N",New York,NY,"10019",(718) 593-7525,Theater,Manhattan Council District #3,Manhattan Community Board #4,Manhattan,40.763565,-73.992589,"127","1026580",1010580002,Clinton
"1063",TRANSBORDERART INC,42-47 27 street,Long Island City,NY,"11101",(347) 408-6500,Visual Arts,Queens Council District #26,Queens Community Board #2,Queens,40.749011,-73.940905,"19","4005108",4004310010,Hunters Point-Sunnyside-West Maspeth
"1064","Taiwanese American Council of Greater New York, Inc.",120 E 36 St,New York,NY,"10016",(212) 300-6672,"Multi-Discipl, Perf & Non-Perf",Manhattan Council District #4,Manhattan Community Board #6,Manhattan,40.747959,-73.979457,"80","1018931",1008910077,Murray Hill-Kips Bay
"1065","Take Wing and Soar Productions, Inc.","45 Tiemann Place, Ste. 3G",New York,NY,"10027",(212) 696-6575,Theater,Manhattan Council District #9,Manhattan Community Board #9,Manhattan,40.815436,-73.959465,"211","1059883",1019950016,Morningside Heights
"1066","Tamar Rogoff Performance Projects, Inc.",170 Avenue C,New York,NY,"10009",(212) 533-8589,Dance,Manhattan Council District #2,Manhattan Community Board #3,Manhattan,40.726196,-73.977281,"28","1078025",1003820100,Lower East Side
"1067",Tamarind Art Council,142 East 39th Street,New York,NY,"10016",(212) 200-8000 x102,Dance,Manhattan Council District #4,Manhattan Community Board #6,Manhattan,40.749364,-73.977032,"80","1019153",1008940057,Murray Hill-Kips Bay
"1068","Tank, Ltd.",151 West 46th Street,New York,NY,"10036",(212) 563-6269,"Multi-Discipline, Performing",Manhattan Council District #4,Manhattan Community Board #5,Manhattan,40.757998,-73.983667,"125","1022663",1009990009,Midtown-Midtown South
"1069","Teatro Circulo, Ltd.","65 East 4th Street, Apt. 11",New York,NY,"10003",(212) 505-1808,Theater,Manhattan Council District #2,Manhattan Community Board #6,Manhattan,40.726695,-73.990594,"38","1077980",1004600054,East Village
"1070","Tectonic Theater Project, Inc.","520 Eighth Ave., #313",New York,NY,"10018",(212) 579-6111,Theater,Manhattan Council District #8,Manhattan Community Board #7,Manhattan,40.753612,-73.992417,"109","1083624",1007860001,Midtown-Midtown South
"1071",Temple of Understanding,"211 East 43rd Street, Apt. 1600",New York,NY,"10017",(212) 573-9224,"Multi-Discipline, Non-Perform",Manhattan Council District #4,Manhattan Community Board #6,Manhattan,40.751238,-73.973458,"88","1037556",1013170007,Turtle Bay-East Midtown
"1072",Temporary Distortion Theater Corp.,"332 East 4th Street, #44",New York,NY,"10009",(718) 729-5914,Theater,Queens Council District #22,Queens Community Board #1,Manhattan,40.721766,-73.978971,"2601","1004387",1003730019,Lower East Side
"1073","Ten O'Clock Classics, Inc.","230 Central Park South, Ste. 9F",New York,NY,"10019",(212) 629-6004,Music,Manhattan Council District #4,Manhattan Community Board #5,Manhattan,40.767236,-73.97996,"137","1024921",1010300048,Midtown-Midtown South
"1074","Terra Incognita, Inc.",7 East 14th Street,New York,NY,"10003",(212) 627-6361,Theater,Manhattan Council District #2,Manhattan Community Board #2,Manhattan,40.735859,-73.993245,"52","1016062",1008420007,Hudson Yards-Chelsea-Flatiron-Union Square
"1075",ThaiLinks,628 Tenth Avenue,New York,NY,"10036",(917) 648-1933,Film/Video/Audio,,Manhattan Community Board #2,Manhattan,40.761312,-73.994235,"121","1026430",1010540063,Clinton
"1076",Theater Breaking Through Barriers Corp.,"400 W. 43rd St., Apt. 43R",New York,NY,"10036",(212) 243-4337,Theater,Manhattan Council District #3,Manhattan Community Board #4,Manhattan,40.759302,-73.992636,"121","1083745",1010520001,Clinton
"1077","Theater Labrador, Inc.","25 Broadway, 9th Floor",New York,NY,10004-1058,(646) 336-8077 x1,Theater,Manhattan Council District #3,Manhattan Community Board #5,Manhattan,40.705752,-74.013374,"13","1000045",1000130027,Battery Park City-Lower Manhattan
"1078",Theater Resources Unlimited,"309 West 104th Street, Apt. 1D",New York,NY,"10025",(212) 864-3753,"Multi-Discipl, Perf & Non-Perf",Manhattan Council District #9,Manhattan Community Board #7,Manhattan,40.80047,-73.969812,"191","1057214",1018910011,Upper West Side
"1079","Theater Talk Productions, Inc.","426 Broome Street, Apt. 5F",New York,NY,"10013",(212) 965-0997,Theater,Manhattan Council District #1,Manhattan Community Board #2,Manhattan,40.721304,-73.998734,"45","1081554",1004820001,SoHo-TriBeCa-Civic Center-Little Italy
"1080",Theater et al,5-49 49th Avenue,Long Island City,NY,"11101",(718) 482-7069,"Multi-Discipl, Perf & Non-Perf",Queens Council District #26,Queens Community Board #2,Queens,40.743808,-73.955835,"7","4000110",4000310005,Hunters Point-Sunnyside-West Maspeth
"1081",Theater for Personal Growth,"38 West 38th Street, 3rd Floor",New York,NY,"10018",(212) 731-0668,Theater,Manhattan Council District #3,Manhattan Community Board #4,Manhattan,40.751512,-73.984058,"84","1015979",1008390068,Midtown-Midtown South
"1082","Theater for the New City Foundation, Inc.",155 First Avenue,New York,NY,"10003",(212) 254-1109,Theater,Manhattan Council District #2,Manhattan Community Board #3,Manhattan,40.728505,-73.984634,"40","1006416",1004517502,East Village
"1083","TheaterTweed, Inc.","332 Bleecker Street, #G-36",New York,NY,"10014",(212) 777-0536,Theater,Manhattan Council District #8,Manhattan Community Board #2,Manhattan,40.733529,-74.004352,"73","1011145",1006190033,West Village
"1084","Theatre Communications Group, Inc.","520 Eighth Avenue, 24th Floor",New York,NY,"10018",(212) 609-5900 x224,Theater,Manhattan Council District #3,Manhattan Community Board #5,Manhattan,40.753612,-73.992417,"109","1083624",1007860001,Midtown-Midtown South
"1085","Theatre Development Fund, Inc.","520 Eighth Avenue, Suite 801",New York,NY,"10018",(212) 221-0885 x300,Theater,Manhattan Council District #3,Manhattan Community Board #5,Manhattan,40.753612,-73.992417,"109","1083624",1007860001,Midtown-Midtown South
"1086","Theatre Lab, Inc.","357 West 36th Street, 3rd Floor",New York,NY,"10018",(646) 742-7223,Music,Manhattan Council District #3,Manhattan Community Board #4,Manhattan,40.754151,-73.994077,"111","1013589",1007600010,Hudson Yards-Chelsea-Flatiron-Union Square
"1087",Theatre Museum,"723 Seventh Avenue, 7th floor",New York,NY,"10019",(212) 764-4112 x204,Museum,Manhattan Council District #3,Manhattan Community Board #5,Manhattan,40.759974,-73.984067,"125","1022688",1010010001,Midtown-Midtown South
"1088","Theatre Now New York, Inc.",520 Eighth Avenue,New York,NY,"10036",(212) 845-9824,Theater,Manhattan Council District #3,Manhattan Community Board #5,Manhattan,40.753612,-73.992417,"109","1083624",1007860001,Midtown-Midtown South
"1089",Theatre for a New Audience,"154 Christopher Street, Ste. 3D",New York,NY,"10014",(212) 229-2819 x20,Theater,Manhattan Council District #3,Manhattan Community Board #2,Manhattan,40.73273,-74.008129,"69","1010421",1006040033,West Village
"1090",Theatre of the Oppressed NYC,"758 Eighth Avenue, Suite 300",New York,NY,"10036",(646) 504-4582,Theater,Brooklyn Council District #33,Brooklyn Community Board #2,Manhattan,40.76007,-73.987709,"125","1024736",1010187502,Midtown-Midtown South
"1091","Theatre-Studio, Inc.",123 East 24th Street,New York,NY,"10010",(212) 719-0500,Theater,Manhattan Council District #2,Manhattan Community Board #5,Manhattan,40.740418,-73.984829,"68","1018069",1008800014,Gramercy
"1092","TheatreMoves, Inc.",275 East 7th Street #4,New York,NY,"10009",(212) 529-8068,Theater,Manhattan Council District #2,Manhattan Community Board #3,Manhattan,40.723484,-73.977419,"2602","1004511",1003770050,Lower East Side
"1093",Theatreworks/USA Corp.,"158 West 29th Street, 5th Floor",New York,NY,"10001",(212) 647-1100 x125,Theater,Manhattan Council District #3,Manhattan Community Board #4,Manhattan,40.747327,-73.991678,"95","1015134",1008040071,Midtown-Midtown South
"1094","Thin Man Dance, Inc.","140 Second Avenue, Ste. 501",New York,NY,"10003",(212) 375-0187,Dance,Manhattan Council District #2,Manhattan Community Board #3,Manhattan,40.728956,-73.987401,"38","1006362",1004500006,East Village
"1095",Thresh Inc,200 W 20th Street Apt 512,New York,NY,"10011",(917) 216-2664,Dance,Manhattan Council District #3,Manhattan Community Board #4,Manhattan,40.742299,-73.997196,"87","1068149",1007697503,Hudson Yards-Chelsea-Flatiron-Union Square
"1096","Threshold Dance Projects, Inc.","229 West 42nd Street, Suite 502",New York,NY,"10036",(212) 719-3301,Dance,Manhattan Council District #3,Manhattan Community Board #4,Manhattan,40.756571,-73.98819,"119","1024683",1010140017,Midtown-Midtown South
"1097",Tickle the Sleeping Giant,"140 2nd Avenue, #404",New York,NY,"10003",(646) 246-1799,Dance,Manhattan Council District #1,Manhattan Community Board #2,Manhattan,40.728956,-73.987401,"38","1006362",1004500006,East Village
"1098",Time In Children's Arts Initiative,"260 West 54th Street, Apt. 36C",New York,NY,"10019",(212) 209-1552,"Multi-Discipline, Non-Perform",Manhattan Council District #3,Manhattan Community Board #4,Manhattan,40.764382,-73.983326,"131","1024832",1010257502,Midtown-Midtown South
"1099",Times Square District Management Association,"1560 Broadway, Suite 1001",New York,NY,"10036",(212) 452-5227 x2124525227,Visual Arts,Manhattan Council District #3,Manhattan Community Board #5,Manhattan,40.75886,-73.984843,"125","1022661",1009990003,Midtown-Midtown South
"1100",Topical Cream,307 7th Ave,New York,NY,"10001",(310) 666-5902,Film/Video/Audio,Manhattan Council District #3,Manhattan Community Board #5,Manhattan,40.746869,-73.993616,"95","1015061",1008030004,Midtown-Midtown South
"1101","Torkomada, Inc.",2070 7th Avenue # 10M,New York,NY,"10027",(347) 512-0541,Dance,Manhattan Council District #9,Manhattan Community Board #10,Manhattan,40.807961,-73.949077,"222","1088475",1019290029,Central Harlem South
"1102","Town Hall Foundation, Inc.",123 West 43rd Street,New York,NY,"10036",(212) 997-1003 x12,"Multi-Discipline, Performing",Manhattan Council District #3,Manhattan Community Board #5,Manhattan,40.755843,-73.984382,"119","1022615",1009960021,Midtown-Midtown South
"1103","Town Square, Inc.",102 Oak Street,Brooklyn,NY,"11222",(718) 609-1090,"Multi-Discipl, Perf & Non-Perf",Brooklyn Council District #33,Brooklyn Community Board #1,Brooklyn,40.727798,-73.956705,"561","3065048",3025720010,Greenpoint
"1104",Transport Group,520 8th Ave,New York,NY,"10018",(212) 966-4994,Theater,Manhattan Council District #3,Manhattan Community Board #4,Manhattan,40.753612,-73.992417,"109","1083624",1007860001,Midtown-Midtown South
"1105","Treehouse Shakers, Inc.",Radio City Station,New York,NY,"10101",(917) 749-2909,"Multi-Discipline, Performing",Manhattan Council District #6,Manhattan Community Board #4,Manhattan,40.760023,-73.979952,"104","1083862",1012660001,Midtown-Midtown South
"1106",Triangle Arts Association,"20 Jay Street, Suite 318",Brooklyn,NY,"11201",(718) 858-1260,Visual Arts,Manhattan Council District #1,Manhattan Community Board #2,Manhattan,40.718068,-74.010191,"39","1001553",1001430021,SoHo-TriBeCa-Civic Center-Little Italy
"1107","TribecArts, Inc.",49 White Street,New York,NY,"10013",(212) 966-7141,"Multi-Discipline, Performing",Manhattan Council District #1,Manhattan Community Board #1,Manhattan,40.718526,-74.004156,"33","1001933",1001750022,SoHo-TriBeCa-Civic Center-Little Italy
"1108","Tribeca Film Institute, Inc.",375 Greenwich Street,New York,NY,"10013",(212) 941-2427,Film/Video/Audio,Manhattan Council District #1,Manhattan Community Board #1,Manhattan,40.719704,-74.010242,"39","1002114",1001877501,SoHo-TriBeCa-Civic Center-Little Italy
"1109","Tribeca New Music, Inc.","640 West 139th Street, Apt. 60",New York,NY,"10031",(212) 234-4325,Music,Manhattan Council District #7,Manhattan Community Board #9,Manhattan,40.823048,-73.954211,"225","1079500",1020870050,Hamilton Heights
"1110","Trisha Brown Company, Inc.",341 West 38th Street,New York,NY,10018-2918,(212) 977-5365 x23,Dance,Manhattan Council District #1,Manhattan Community Board #1,Manhattan,40.755237,-73.992864,"115","1013637",1007620011,Clinton
"1111","Triskelion Arts - Kick/StanDance, Inc.",106 Calyer Street,Brooklyn,NY,"11222",(718) 599-3577,Dance,Brooklyn Council District #33,Brooklyn Community Board #1,Brooklyn,40.727098,-73.956507,"561","3337696",3025930016,Greenpoint
"1112",Trustees of Columbia University in the City of New York,Miller Theatre at Columbia University,New York,NY,"10027",(212) 854-1633,Music,Manhattan Council District #9,Manhattan Community Board #9,Manhattan,40.808021,-73.963411,"203","1084457",1019730001,Morningside Heights
"1113",Trusty Sidekick Theater Company,"1 Penn Plaza, #6210",New York,NY,"1119",(718) 964-7974,Theater,Brooklyn Council District #39,Brooklyn Community Board #12,Manhattan,40.751098,-73.992926,"101","1014387",1007830070,Midtown-Midtown South
"1114",Tug Pegasus Preservation Project,83 Murray Street,New York,NY,"10007",(212) 406-2225,Museum,Manhattan Council District #1,Manhattan Community Board #1,Manhattan,40.714821,-74.011107,"21","1077396",1001327504,SoHo-TriBeCa-Civic Center-Little Italy
"1115",Turtle Bay Music School,330A East 38th Street,New York,NY,"10016",(212) 753-8811 x13,Music,Manhattan Council District #5,Manhattan Community Board #6,Manhattan,40.746742,-73.972741,"78","1076166",1009437501,Murray Hill-Kips Bay
"1116","Twin Lions, Inc.","2576 Broadway, No. 412",New York,NY,"10025",(212) 937-7979,Music,Manhattan Council District #6,Manhattan Community Board #7,Manhattan,40.795417,-73.971208,"183","1075313",1018697501,Upper West Side
"1117","Two Bridges Neighborhood Council, Inc.",275 Cherry St,New York,NY,"10002",(212) 566-2729,"Multi-Discipl, Perf & Non-Perf",Manhattan Council District #1,Manhattan Community Board #3,Manhattan,40.711351,-73.988558,"6","1077590",1002470001,Lower East Side
"1118","UNIONDOCS, Inc.",322 Union Ave,Brooklyn,NY,"11211",(718) 395-7902,Film/Video/Audio,Brooklyn Council District #34,Brooklyn Community Board #1,Brooklyn,40.710068,-73.950959,"513","3323057",3027910006,North Side-South Side
"1119",USA Bangladesh Organization INC,122 E 116th Street,NYC,NY,"10029",(646) 251-9220,Other,Manhattan Council District #8,Manhattan Community Board #8,Manhattan,40.798906,-73.942312,"182","1052265",1016430060,East Harlem North
"1120",Ukrainian Museum,222 East Sixth Street,New York,NY,"10003",(212) 228-0110,Museum,Manhattan Council District #2,Manhattan Community Board #3,Manhattan,40.72785,-73.989642,"38","1000000",1004610018,East Village
"1121",Underground Development Foundation,5 White Street,New York,NY,"10013",(718) 594-4702,"Multi-Discipline, Non-Perform",Manhattan Council District #1,Manhattan Community Board #3,Manhattan,40.719322,-74.005887,"33","1001988",1001780022,SoHo-TriBeCa-Civic Center-Little Italy
"1122","United Photo Industries, Inc.",16 Main Street,Brooklyn,NY,"11201",(718) 801-8099,Photography,Brooklyn Council District #33,Brooklyn Community Board #2,Brooklyn,40.703482,-73.990677,"21","3000020",3000260033,DUMBO-Vinegar Hill-Downtown Brooklyn-Boerum Hill
"1123","Universal Communications Network, Inc.","229 West 28th Street, Suite 1200",New York,NY,"10001",(212) 736-8535,"Multi-Discipline, Performing",Manhattan Council District #3,Manhattan Community Board #5,Manhattan,40.747665,-73.994348,"95","1014255",1007780020,Midtown-Midtown South
"1124",University Settlement Society of New York,184 Eldridge Street,New York,NY,"10002",(212) 453-0248,"Multi-Discipline, Performing",Manhattan Council District #1,Manhattan Community Board #3,Manhattan,40.720653,-73.990674,"18","1005483",1004150018,Chinatown
"1125",Untitled Theater Company #61,"215 West 95th Street, #11G",New York,NY,"10025",(212) 866-1073,Theater,Manhattan Council District #6,Manhattan Community Board #7,Manhattan,40.79363,-73.971429,"183","1071159",1012437501,Upper West Side
"1126","Uptown Dance Academy, Inc.","1425 Amsterdam Avenue, Ste. 5G",New York,NY,"10027",(917) 202-1601,Dance,Manhattan Council District #8,Manhattan Community Board #11,Manhattan,40.815901,-73.954415,"21303","1075479",1019700002,Manhattanville
"1127",Urban Arts Partnership,39 West 19th Street,New York,NY,"10011",(212) 966-5881,"Multi-Discipl, Perf & Non-Perf",Manhattan Council District #1,Manhattan Community Board #1,Manhattan,40.739666,-73.992725,"54","1015465",1008210014,Hudson Yards-Chelsea-Flatiron-Union Square
"1128",Urban Ballet Theater,"5 West 102nd Street, Apt. 5B",New York,NY,"10025",(212) 663-7140,Dance,Manhattan Council District #8,Manhattan Community Board #7,Manhattan,40.795648,-73.962276,"189","1055399",1018380027,Upper West Side
"1129",Urban Word NYC,217 West 18th Street,New York,NY,"10011",(212) 334-6414,Literature,Manhattan Council District #3,Manhattan Community Board #5,Manhattan,40.741379,-73.998607,"87","1013879",1007680020,Hudson Yards-Chelsea-Flatiron-Union Square
"1130",VSW ARTHOUSE CORP,55 Washington Street,Brooklyn,NY,"11201",(917) 679-9929,Music,Brooklyn Council District #33,Brooklyn Community Board #2,Brooklyn,40.70273,-73.989602,"21","3000088",3000380001,DUMBO-Vinegar Hill-Downtown Brooklyn-Boerum Hill
"1131",Van Alen Institute: Projects in Public Architecture,30 West 22nd Street 6th Floor,New York,NY,"10010",(212) 924-7000,Architecture/Design,Manhattan Council District #3,Manhattan Community Board #5,Manhattan,40.741352,-73.991213,"58","1015541",1008230059,Hudson Yards-Chelsea-Flatiron-Union Square
"1132","Variations Theatre Group, Inc.",312 West 36th St.,New York City,NY,"10018",(646) 580-6003,Theater,Queens Council District #26,Queens Community Board #2,Manhattan,40.753755,-73.9932,"111","1080495",1007590049,Hudson Yards-Chelsea-Flatiron-Union Square
"1133","Vineyard Theatre and Workshop Center, Inc.",108 East 15th Street,New York,NY,"10003",(212) 353-3366 x213,Theater,Manhattan Council District #2,Manhattan Community Board #5,Manhattan,40.735011,-73.989139,"50","1083247",1008707501,Gramercy
"1134","Visible Theatre, Inc.","201 East 28th Street, #3E",New York,NY,"10016",(212) 615-3199,Theater,Manhattan Council District #2,Manhattan Community Board #6,Manhattan,40.741921,-73.980715,"66","1019888",1009090001,Murray Hill-Kips Bay
"1135","VisionIntoArt Presents, Inc.",25 Columbus Circle 68B,New York,NY,"10019",(917) 544-1482,Music,Manhattan Council District #2,Manhattan Community Board #2,Manhattan,40.768304,-73.982278,"145","1026318",1010497501,Lincoln Square
"1136","Visual AIDS for the Arts, Inc.","526 West 26th Street, Ste. 510",New York,NY,"10001",(212) 627-9855,Visual Arts,Manhattan Council District #4,Manhattan Community Board #4,Manhattan,40.750094,-74.003999,"99","1012386",1006970047,Hudson Yards-Chelsea-Flatiron-Union Square
"1137",Visual Arts Resource Center Relating to the Caribbean,"1825 Park Avenue, Suite 602",New York,NY,"10035",(212) 307-7420,"Multi-Discipl, Perf & Non-Perf",Manhattan Council District #6,Manhattan Community Board #4,Manhattan,40.805258,-73.938875,"196","1054472",1017740001,East Harlem North
"1138","Vital Theatre Company, Inc.","2162 Broadway, Fourth floor",New York,NY,"10024",(212) 579-0528,Theater,Manhattan Council District #6,Manhattan Community Board #7,Manhattan,40.781912,-73.980996,"163","1030861",1011680022,Upper West Side
"1139","Vivian Beaumont Theater, Inc.",150 West 65th Street,New York,NY,"10023",(212) 362-7600,Theater,Manhattan Council District #6,Manhattan Community Board #7,Manhattan,40.773621,-73.983619,"149","1028832",1011340025,Lincoln Square
"1140","Vocal Ease, Inc.","240 West 73rd Street, Ste. 1403",New York,NY,"10023",(212) 579-5386,Music,Manhattan Council District #6,Manhattan Community Board #7,Manhattan,40.779876,-73.982553,"159","1030522",1011640047,Lincoln Square
"1141","Volunteer Lawyers for the Arts, Inc.","1 East 53rd Street, 6th Floor",New York,NY,"10022",(212) 319-2787 x17,"Multi-Discipline, Non-Perform",Manhattan Council District #3,Manhattan Community Board #5,Manhattan,40.760324,-73.975584,"102","1035725",1012890005,Midtown-Midtown South
"1142","Vortex Theater Company, Inc.",164 Eleventh Avenue,New York,NY,"10011",(212) 206-1764,Theater,Manhattan Council District #3,Manhattan Community Board #4,Manhattan,40.748345,-74.007344,"99","1012321",1006940002,Hudson Yards-Chelsea-Flatiron-Union Square
"1143","Voyage Theater Company, Inc.",165 First Avenue,New York,NY,"10003",(917) 370-1101,Theater,Manhattan Council District #2,Manhattan Community Board #3,Manhattan,40.728923,-73.984334,"40","1077703",1004520036,East Village
"1144",WBAI,"120 Wall St; 10th Fl.",New York,NY,"10005",(212) 209-2800,Humanities,Manhattan Council District #1,Manhattan Community Board #1,Manhattan,40.70438,-74.006427,"7","1000871",1000370001,Battery Park City-Lower Manhattan
"1145","WCV, Inc.","140 Second Avenue, Ste. 501",New York,NY,"10003",(917) 374-2750,Dance,Brooklyn Council District #39,Brooklyn Community Board #7,Manhattan,40.728956,-73.987401,"38","1006362",1004500006,East Village
"1146",WNET,825 Eighth Avenue,New York,NY,"10019",(212) 560-1355,Film/Video/Audio,Manhattan Council District #3,Manhattan Community Board #5,Manhattan,40.762074,-73.986275,"127","1076203",1010400029,Clinton
"1147","Waterfront Alliance, Inc.","241 Water Street, 3rd Floor",New York,NY,"10038",(212) 935-9831,"Multi-Discipline, Non-Perform",Manhattan Council District #1,Manhattan Community Board #1,Manhattan,40.707981,-74.002471,"1501","1078980",1000977505,Battery Park City-Lower Manhattan
"1148","Waterwell Productions, Inc.",330 West 42nd Street,New York,NY,"10036",(212) 560-7545,Theater,Manhattan Council District #3,Manhattan Community Board #4,Manhattan,40.757661,-73.990832,"115","1024926",1010320048,Clinton
"1149",We Care Media Arts,"150 East 73rd Street, Ste. 2C",New York,NY,"10021",(917) 509-7453,Film/Video/Audio,Manhattan Council District #7,Manhattan Community Board #7,Manhattan,40.77098,-73.961431,"128","1042858",1014070051,Upper East Side-Carnegie Hill
"1150","Welltone New Music, Inc.",20 Vesey Street,New York,NY,"10007",(212) 691-6858,Music,Manhattan Council District #1,Manhattan Community Board #1,Manhattan,40.711843,-74.009562,"21","1001235",1000880005,SoHo-TriBeCa-Civic Center-Little Italy
"1151",Wendy's Subway Inc.,379 Bushwick Avenue,Brooklyn,NY,"11206",(646) 842-0971,Literature,Brooklyn Council District #34,Brooklyn Community Board #1,Brooklyn,40.703831,-73.938279,"485","3071532",3031090007,Bushwick South
"1152",West Harlem Development Corporation,"423 W. 127th St., Suite A",New York,NY,"10027",(646) 476-3394,"Multi-Discipline, Performing",Manhattan Council District #7,Manhattan Community Board #9,Manhattan,40.812964,-73.953759,"21303","1084105",1019670060,Manhattanville
"1153",West Side Cultural Center,"136 West 70th Street, Ste. 1",New York,NY,"10023",(212) 496-2030,"Multi-Discipl, Perf & Non-Perf",Manhattan Council District #6,Manhattan Community Board #7,Manhattan,40.776607,-73.980958,"153","1029654",1011410046,Lincoln Square
"1154",Westbeth Artists Residents Council,"463 West Street, Apt. 1008",New York,NY,"10014",(212) 243-6373,"Multi-Discipl, Perf & Non-Perf",Manhattan Council District #3,Manhattan Community Board #2,Manhattan,40.736762,-74.009959,"79","1012047",1006390001,West Village
"1155","Western Wind Vocal Ensemble, Inc.",225 West 99th Street,New York,NY,"10025",(212) 873-2848,Music,Manhattan Council District #6,Manhattan Community Board #7,Manhattan,40.796267,-73.969586,"187","1084035",1018710029,Upper West Side
"1156","White Box, Ltd.",329 Broome Street,New York,NY,"10002",(212) 714-2347,Visual Arts,Manhattan Council District #2,Manhattan Community Board #2,Manhattan,40.719229,-73.9939,"18","1005640",1004230016,Chinatown
"1157","White Columns, Inc.",91 Horatio Street,New York,NY,"10014",(212) 924-4212,Visual Arts,Manhattan Council District #3,Manhattan Community Board #2,Manhattan,40.738763,-74.008332,"79","1012154",1006430001,West Village
"1158",Whitney Museum of American Art,945 Madison Avenue,New York,NY,"10021",(212) 570-3635,Museum,Manhattan Council District #4,Manhattan Community Board #8,Manhattan,40.773457,-73.964199,"130","1041666",1013890050,Upper East Side-Carnegie Hill
"1159","Wilbur Ware Institute, Inc.",620 Malcolm X Blvd,New York,NY,"10027",(347) 523-9886,Music,Manhattan Council District #9,Manhattan Community Board #10,Manhattan,40.817647,-73.938264,"214","1053936",1017370001,Central Harlem North-Polo Grounds
"1160","Wild Project Productions, Inc.",195 E. 3rd St.,New York City,NY,"10009",(212) 228-1195,Film/Video/Audio,Manhattan Council District #2,Manhattan Community Board #3,Manhattan,40.722953,-73.983607,"32","1005001",1003990040,East Village
"1161",Williamsburg Art and Historical Center,135 Broadway,Brooklyn,NY,"11211",(718) 486-7372,,Brooklyn Council District #34,,Brooklyn,40.710446,-73.963728,"549","3063566",3024570045,North Side-South Side
"1162","Wings Theatre Company, Inc.",154 Christopher Street,New York,NY,"10014",(212) 627-2960,Theater,Manhattan Council District #3,Manhattan Community Board #2,Manhattan,40.73273,-74.008129,"69","1010421",1006040033,West Village
"1163","Wingspan Arts, Inc.","630 Ninth Avenue, Ste. 410",New York,NY,"10036",(212) 586-2330,"Multi-Discipl, Perf & Non-Perf",Manhattan Council District #3,Manhattan Community Board #4,Manhattan,40.760038,-73.991449,"121","1024982",1010350001,Clinton
"1164",Winter Film Awards,"31 West 34th Street, 8th Floor",New York,NY,"10001",(415) 355-4371,Film/Video/Audio,Manhattan Council District #2,Manhattan Community Board #2,Manhattan,40.749256,-73.98648,"76","1083638",1008360010,Midtown-Midtown South
"1165","Women Make Movies, Inc.","462 Broadway, 5th floor",New York,NY,"10013",(212) 925-0606 x301,Film/Video/Audio,Manhattan Council District #1,Manhattan Community Board #2,Manhattan,40.720978,-74.00053,"45","1079877",1004730001,SoHo-TriBeCa-Civic Center-Little Italy
"1166","Women's Expressive Theater, Inc.","441 Lexington Avenue, PH",New York,NY,"10017",(212) 682-0265,"Multi-Discipline, Non-Perform",Manhattan Council District #4,Manhattan Community Board #5,Manhattan,40.752726,-73.974793,"92","1036174",1012990022,Turtle Bay-East Midtown
"1167","Women's Interart Center, Inc.","549 West 52nd Street, Third Floor",New York,NY,"10019",(212) 246-1050,,,,Manhattan,40.766669,-73.992603,"135","1081734",1010810080,Clinton
"1168","Women's Project and Productions, Inc.",55 West End Avenue,New York,NY,"10023",(212) 765-1706,Theater,Manhattan Council District #6,Manhattan Community Board #7,Manhattan,40.774058,-73.988681,"151","1087719",1011710063,Lincoln Square
"1169","Working Theatre Company, Inc.","520 Eighth Avenue, Suite 303",New York,NY,"10018",(212) 539-5675,Theater,Manhattan Council District #2,Manhattan Community Board #3,Manhattan,40.753612,-73.992417,"109","1083624",1007860001,Midtown-Midtown South
"1170","Workmens Circle/Arbeter Ring, Inc.",247 W 37 Street,New York,NY,"10018",(212) 889-6800 x210,Music,Manhattan Council District #2,Manhattan Community Board #5,Manhattan,40.753475,-73.990594,"109","1014454",1007870011,Midtown-Midtown South
"1171",Works In Progress NYC,59 E. 4th Street,New York,NY,"10003",(212) 598-0046,Visual Arts,,Manhattan Community Board #3,Manhattan,40.726785,-73.990807,"38","1082642",1004600056,East Village
"1172","Works and Process, Inc.",708 Third Avenue,New York,NY,"10017",(212) 758-0024,"Multi-Discipline, Performing",Manhattan Council District #5,Manhattan Community Board #6,Manhattan,40.752328,-73.973324,"92","1036177",1012990033,Turtle Bay-East Midtown
"1173","World Civic Orchestra, Inc.",530 E. 76th Street,New York,NY,"10021",(917) 797-1118,Music,Manhattan Council District #2,Manhattan Community Board #5,Manhattan,40.769077,-73.95101,"132","1072696",1014877502,Lenox Hill-Roosevelt Island
"1174",World Foundation for Music and Healing,1270 Broadway,New York,NY,"10001",(212) 669-6126,Music,Manhattan Council District #2,Manhattan Community Board #2,Manhattan,40.748655,-73.988097,"76","1015858",1008340080,Midtown-Midtown South
"1175","World Savvy, Inc.",68 Jay Street,Brooklyn,NY,"11201",(718) 710-4872,"Multi-Discipl, Perf & Non-Perf",Brooklyn Council District #33,Brooklyn Community Board #2,Brooklyn,40.702763,-73.986681,"21","3000090",3000400001,DUMBO-Vinegar Hill-Downtown Brooklyn-Boerum Hill
"1176",World Science Foundation,475 Riverside Drive,New York,NY,"10115",(646) 200-8818,Science,Manhattan Council District #3,Manhattan Community Board #5,Manhattan,40.811101,-73.964168,"205",,,Morningside Heights
"1177","Woven Spaces, Inc.",853 Manhattan Ave,New York City,NY,"11222",(347) 278-1524,Film/Video/Audio,Brooklyn Council District #33,Brooklyn Community Board #1,Brooklyn,40.729161,-73.953817,"565","3064908",3025660046,Greenpoint
"1178","Writers Guild of America, East Foundation",250 Hudson Street,New York,NY,"10013",(212) 767-7843,Literature,Manhattan Council District #3,Manhattan Community Board #1,Manhattan,40.724658,-74.007753,"37","1009723",1005780047,SoHo-TriBeCa-Civic Center-Little Italy
"1179","Writers Room, Inc.","740 Broadway, 12th Floor",New York,NY,"10003",(212) 254-6995,Literature,Manhattan Council District #2,Manhattan Community Board #2,Manhattan,40.729884,-73.992993,"57","1080092",1005450026,West Village
"1180","Writopia Lab, Inc.",155 West 81 St. Suite A,New York,NY,"10024",(212) 222-4088,"Multi-Discipl, Perf & Non-Perf",Manhattan Council District #6,Manhattan Community Board #7,Manhattan,40.783904,-73.976048,"165","1032045",1012120110,Upper West Side
"1181",Xoregos Performing Company,"496 Ninth Avenue, Apt. 4-A",New York,NY,"10018",(212) 239-8405,Theater,Manhattan Council District #3,Manhattan Community Board #4,Manhattan,40.755704,-73.994607,"111","1013631",1007610066,Hudson Yards-Chelsea-Flatiron-Union Square
"1182","YIVO Institute for Jewish Research, Inc.",15 West 16th Street,New York,NY,"10011",(212) 246-6080,Other,Manhattan Council District #3,Manhattan Community Board #4,Manhattan,40.737677,-73.993454,"54","1080631",1008180027,Hudson Yards-Chelsea-Flatiron-Union Square
"1183",Yaa Samar Dance Theatre,"228 Norman Avenue, #2",Brooklyn,NY,"11222",(646) 734-4342,"Multi-Discipline, Performing",Manhattan Council District #2,Manhattan Community Board #3,Brooklyn,40.727524,-73.94429,"589","3066476",3026550005,Greenpoint
"1184","Yangtze Repertory Theatre of America, Inc.","340 West 42nd Street, # 683",New York,NY,10108-1523,(917) 578-1946,Theater,Manhattan Council District #1,Manhattan Community Board #3,Manhattan,40.757746,-73.991034,"115","1024927",1010320054,Clinton
"1185",Yara Arts Group,"306 East 11th Street, Apt. 3B",New York,NY,"10003",(212) 475-6474,Theater,Manhattan Council District #2,Manhattan Community Board #3,Manhattan,40.730172,-73.985903,"40","1006437",1004520011,East Village
"1186",Yeshiva University Museum,15 West 16th Street,New York,NY,"10011",(212) 294-8337,Museum,Manhattan Council District #3,Manhattan Community Board #5,Manhattan,40.737677,-73.993454,"54","1080631",1008180027,Hudson Yards-Chelsea-Flatiron-Union Square
"1187","Young Adult Institute, Inc.","220 East 42nd Street, 8th Floor",New York,NY,"10017",(212) 273-6263,"Multi-Discipl, Perf & Non-Perf",Manhattan Council District #3,Manhattan Community Board #4,Manhattan,40.750256,-73.973256,"88","1037546",1013157501,Turtle Bay-East Midtown
"1188","Young Audiences, Inc.",171 Madison Ave.,New York,NY,"10016",(212) 831-8110,"Multi-Discipl, Perf & Non-Perf",Manhattan Council District #2,Manhattan Community Board #2,Manhattan,40.74726,-73.983316,"74","1017082",1008630027,Midtown-Midtown South
"1189","Young Concert Artists, Inc.",1776 Broadway,New York,NY,"10019",(212) 307-6655,Music,Manhattan Council District #6,Manhattan Community Board #5,Manhattan,40.766481,-73.981809,"137","1024901",1010290012,Midtown-Midtown South
"1190",Young Jean Lee's Theater Company,"1041 Broadway, Apt. 3",Brooklyn,NY,"11221",(606) 627-3358,Theater,Brooklyn Council District #34,Brooklyn Community Board #4,Brooklyn,40.695242,-73.932142,"393","3388063",3032140147,Bushwick South
"1191",Young Men's & Young Women's Hebrew Association,1395 Lexington Avenue,New York,NY,"10128",(212) 415-5462,"Multi-Discipl, Perf & Non-Perf",Manhattan Council District #5,Manhattan Community Board #8,Manhattan,40.783038,-73.952989,"15801","1048310",1015200050,Upper East Side-Carnegie Hill
"1192",Young Men's Christian Association of Greater New York,5 West 63rd Street,New York,NY,"10023",(212) 912-2640,Visual Arts,Manhattan Council District #6,Manhattan Community Board #7,Manhattan,40.770689,-73.980465,"149","1027468",1011160024,Lincoln Square
"1193","Young People's Chorus of New York City, Inc.",37 West 65th Street,New York,NY,"10023",(212) 289-7779,Music,Manhattan Council District #6,Manhattan Community Board #7,Manhattan,40.772281,-73.980363,"149","1028160",1011180005,Lincoln Square
"1194",Youth America Grand Prix,417 Fifth Avenue,New York,NY,"10016",(646) 791-9500,Dance,Manhattan Council District #4,Manhattan Community Board #5,Manhattan,40.750691,-73.982907,"82","1017224",1008670070,Murray Hill-Kips Bay
"1195","ZGD, Inc.","246 West 38th Street, 4th Floor",New York,NY,"10018",(212) 869-7429,Dance,Manhattan Council District #3,Manhattan Community Board #4,Manhattan,40.754079,-73.990154,"109","1014465",1007870067,Midtown-Midtown South
"1196","artHARLEM, Inc.","104 West 119th Street, Suite 3",New York,NY,"10026",(917) 602-1927,Visual Arts,Manhattan Council District #9,Manhattan Community Board #10,Manhattan,40.804181,-73.948827,"220","1057496",1019030039,Central Harlem South
"1197",eyeBLINK,"350 West 43rd Street, Apt. 32G",New York,NY,"10036",(646) 489-5322,Theater,Manhattan Council District #3,Manhattan Community Board #5,Manhattan,40.758509,-73.990745,"121","1024938",1010330109,Clinton
"1198",human future dance corps,219 West 19th Street,New York,NY,"10011",(212) 691-6500 x378,"Multi-Discipline, Performing",,Manhattan Community Board #3,Manhattan,40.74212,-73.998546,"87","1013977",1007697506,Hudson Yards-Chelsea-Flatiron-Union Square
"1199","iLAND, Inc.","140 Second Avenue, Ste. 501",New York,NY,"10003",(917) 860-8239,Dance,Manhattan Council District #2,Manhattan Community Board #3,Manhattan,40.728956,-73.987401,"38","1006362",1004500006,East Village
"1200",id Theatre Inc,143 E. 8th Street,Brooklyn,NY,"11218",(718) 926-7832,Theater,Brooklyn Council District #39,Brooklyn Community Board #12,Manhattan,40.730169,-73.991384,"57","1008952",1005540001,West Village
"1201",n+1 Foundation,68 Jay Street,Brooklyn,NY,"11201",(718) 797-0750,Literature,Brooklyn Council District #33,Brooklyn Community Board #2,Brooklyn,40.702763,-73.986681,"21","3000090",3000400001,DUMBO-Vinegar Hill-Downtown Brooklyn-Boerum Hill
"1202","openhousenewyork, Inc.","1133 Broadway, Suite 802",New York,NY,"10010",(212) 991-6470,Architecture/Design,Manhattan Council District #3,Manhattan Community Board #4,Manhattan,40.743523,-73.989073,"58","1015625",1008270049,Hudson Yards-Chelsea-Flatiron-Union Square
"1203","stageFARM, Inc.",302A West 12th Street,New York,NY,"10014",(917) 751-2906,Theater,Manhattan Council District #3,Manhattan Community Board #2,Manhattan,40.737539,-74.004561,"77","1067716",1006247503,West Village
"1204","terraNOVA Theatre Collective, Inc.","401 West 24th Street, Apt. 8",New York,NY,"10011",(212) 691-2627,"Multi-Discipline, Performing",Manhattan Council District #3,Manhattan Community Board #4,Manhattan,40.747335,-74.00127,"93","1012799",1007220037,Hudson Yards-Chelsea-Flatiron-Union Square
