SolidWorks IGES file using analytic representation for surfaces         S      1
1H,,1H;,16HFIN_capsule_male,34HC:\Users\JungseoKim\Desktop\1c.IGS,15HSolG      1
idWorks 2023,15HSolidWorks 2023,32,308,15,308,15,16HFIN_capsule_male,   G      2
1.,1,2HIN,50,0.125,13H250103.173122,1E-08,19684.6456692913,10HJungseoKimG      3
,,11,0,13H250103.173122;                                                G      4
     314       1       0       0       0                        00000200D      1
     314       0       8       1       0                               0D      2
     128       2       0       0       0                        01010000D      3
     128       0       0      15       0                               0D      4
     126      17       0       0       0                        01010500D      5
     126       0       0       2       0                               0D      6
     124      19       0       0       0                        00000000D      7
     124       0       0       4       0                               0D      8
     100      23       0       0       0               7        01010000D      9
     100       0       0       1       0                               0D     10
     126      24       0       0       0                        01010500D     11
     126       0       0       2       0                               0D     12
     124      26       0       0       0                        00000000D     13
     124       0       0       4       0                               0D     14
     100      30       0       0       0              13        01010000D     15
     100       0       0       2       0                               0D     16
     126      32       0       0       0                        01010500D     17
     126       0       0       2       0                               0D     18
     124      34       0       0       0                        00000000D     19
     124       0       0       4       0                               0D     20
     100      38       0       0       0              19        01010000D     21
     100       0       0       2       0                               0D     22
     126      40       0       0       0                        01010500D     23
     126       0       0       2       0                               0D     24
     124      42       0       0       0                        00000000D     25
     124       0       0       4       0                               0D     26
     100      46       0       0       0              25        01010000D     27
     100       0       0       2       0                               0D     28
     102      48       0       0       0                        01010500D     29
     102       0       0       1       0                               0D     30
     102      49       0       0       0                        01010000D     31
     102       0       0       1       0                               0D     32
     142      50       0       0       0                        00010500D     33
     142       0       0       1       0                               0D     34
     144      51       0       0       0                        00000000D     35
     144       0      -1       1       0                               0D     36
     128      52       0       0       0                        01010000D     37
     128       0       0      15       0                               0D     38
     126      67       0       0       0                        01010500D     39
     126       0       0       2       0                               0D     40
     124      69       0       0       0                        00000000D     41
     124       0       0       4       0                               0D     42
     100      73       0       0       0              41        01010000D     43
     100       0       0       2       0                               0D     44
     126      75       0       0       0                        01010500D     45
     126       0       0       2       0                               0D     46
     124      77       0       0       0                        00000000D     47
     124       0       0       4       0                               0D     48
     100      81       0       0       0              47        01010000D     49
     100       0       0       2       0                               0D     50
     126      83       0       0       0                        01010500D     51
     126       0       0       2       0                               0D     52
     124      85       0       0       0                        00000000D     53
     124       0       0       4       0                               0D     54
     100      89       0       0       0              53        01010000D     55
     100       0       0       2       0                               0D     56
     126      91       0       0       0                        01010500D     57
     126       0       0       2       0                               0D     58
     124      93       0       0       0                        00000000D     59
     124       0       0       4       0                               0D     60
     100      97       0       0       0              59        01010000D     61
     100       0       0       2       0                               0D     62
     102      99       0       0       0                        01010500D     63
     102       0       0       1       0                               0D     64
     102     100       0       0       0                        01010000D     65
     102       0       0       1       0                               0D     66
     142     101       0       0       0                        00010500D     67
     142       0       0       1       0                               0D     68
     144     102       0       0       0                        00000000D     69
     144       0      -1       1       0                               0D     70
     128     103       0       0       0                        01010000D     71
     128       0       0      15       0                               0D     72
     126     118       0       0       0                        01010500D     73
     126       0       0       2       0                               0D     74
     124     120       0       0       0                        00000000D     75
     124       0       0       4       0                               0D     76
     100     124       0       0       0              75        01010000D     77
     100       0       0       2       0                               0D     78
     126     126       0       0       0                        01010500D     79
     126       0       0       2       0                               0D     80
     124     128       0       0       0                        00000000D     81
     124       0       0       4       0                               0D     82
     100     132       0       0       0              81        01010000D     83
     100       0       0       2       0                               0D     84
     126     134       0       0       0                        01010500D     85
     126       0       0       2       0                               0D     86
     124     136       0       0       0                        00000000D     87
     124       0       0       4       0                               0D     88
     100     140       0       0       0              87        01010000D     89
     100       0       0       2       0                               0D     90
     126     142       0       0       0                        01010500D     91
     126       0       0       2       0                               0D     92
     124     144       0       0       0                        00000000D     93
     124       0       0       4       0                               0D     94
     100     148       0       0       0              93        01010000D     95
     100       0       0       2       0                               0D     96
     102     150       0       0       0                        01010500D     97
     102       0       0       1       0                               0D     98
     102     151       0       0       0                        01010000D     99
     102       0       0       1       0                               0D    100
     142     152       0       0       0                        00010500D    101
     142       0       0       1       0                               0D    102
     144     153       0       0       0                        00000000D    103
     144       0      -1       1       0                               0D    104
     128     154       0       0       0                        01010000D    105
     128       0       0      15       0                               0D    106
     126     169       0       0       0                        01010500D    107
     126       0       0       2       0                               0D    108
     124     171       0       0       0                        00000000D    109
     124       0       0       4       0                               0D    110
     100     175       0       0       0             109        01010000D    111
     100       0       0       2       0                               0D    112
     126     177       0       0       0                        01010500D    113
     126       0       0       2       0                               0D    114
     124     179       0       0       0                        00000000D    115
     124       0       0       4       0                               0D    116
     100     183       0       0       0             115        01010000D    117
     100       0       0       2       0                               0D    118
     126     185       0       0       0                        01010500D    119
     126       0       0       2       0                               0D    120
     124     187       0       0       0                        00000000D    121
     124       0       0       4       0                               0D    122
     100     191       0       0       0             121        01010000D    123
     100       0       0       1       0                               0D    124
     126     192       0       0       0                        01010500D    125
     126       0       0       2       0                               0D    126
     124     194       0       0       0                        00000000D    127
     124       0       0       4       0                               0D    128
     100     198       0       0       0             127        01010000D    129
     100       0       0       2       0                               0D    130
     102     200       0       0       0                        01010500D    131
     102       0       0       1       0                               0D    132
     102     201       0       0       0                        01010000D    133
     102       0       0       1       0                               0D    134
     142     202       0       0       0                        00010500D    135
     142       0       0       1       0                               0D    136
     144     203       0       0       0                        00000000D    137
     144       0      -1       1       0                               0D    138
     128     204       0       0       0                        01010000D    139
     128       0       0       4       0                               0D    140
     126     208       0       0       0                        01010500D    141
     126       0       0      44       0                               0D    142
     124     252       0       0       0                        00000000D    143
     124       0       0       4       0                               0D    144
     100     256       0       0       0             143        01010000D    145
     100       0       0       2       0                               0D    146
     126     258       0       0       0                        01010500D    147
     126       0       0      44       0                               0D    148
     124     302       0       0       0                        00000000D    149
     124       0       0       4       0                               0D    150
     100     306       0       0       0             149        01010000D    151
     100       0       0       2       0                               0D    152
     102     308       0       0       0                        01010500D    153
     102       0       0       1       0                               0D    154
     102     309       0       0       0                        01010000D    155
     102       0       0       1       0                               0D    156
     142     310       0       0       0                        00010500D    157
     142       0       0       1       0                               0D    158
     144     311       0       0       0                        00000000D    159
     144       0      -1       1       0                               0D    160
     128     312       0       0       0                        01010000D    161
     128       0       0       4       0                               0D    162
     126     316       0       0       0                        01010500D    163
     126       0       0      44       0                               0D    164
     124     360       0       0       0                        00000000D    165
     124       0       0       4       0                               0D    166
     100     364       0       0       0             165        01010000D    167
     100       0       0       2       0                               0D    168
     126     366       0       0       0                        01010500D    169
     126       0       0      44       0                               0D    170
     124     410       0       0       0                        00000000D    171
     124       0       0       4       0                               0D    172
     100     414       0       0       0             171        01010000D    173
     100       0       0       2       0                               0D    174
     102     416       0       0       0                        01010500D    175
     102       0       0       1       0                               0D    176
     102     417       0       0       0                        01010000D    177
     102       0       0       1       0                               0D    178
     142     418       0       0       0                        00010500D    179
     142       0       0       1       0                               0D    180
     144     419       0       0       0                        00000000D    181
     144       0      -1       1       0                               0D    182
     128     420       0       0       0                        01010000D    183
     128       0       0      15       0                               0D    184
     126     435       0       0       0                        01010500D    185
     126       0       0       2       0                               0D    186
     124     437       0       0       0                        00000000D    187
     124       0       0       4       0                               0D    188
     100     441       0       0       0             187        01010000D    189
     100       0       0       2       0                               0D    190
     126     443       0       0       0                        01010500D    191
     126       0       0       2       0                               0D    192
     124     445       0       0       0                        00000000D    193
     124       0       0       4       0                               0D    194
     100     449       0       0       0             193        01010000D    195
     100       0       0       2       0                               0D    196
     126     451       0       0       0                        01010500D    197
     126       0       0       2       0                               0D    198
     124     453       0       0       0                        00000000D    199
     124       0       0       4       0                               0D    200
     100     457       0       0       0             199        01010000D    201
     100       0       0       2       0                               0D    202
     126     459       0       0       0                        01010500D    203
     126       0       0       2       0                               0D    204
     124     461       0       0       0                        00000000D    205
     124       0       0       4       0                               0D    206
     100     465       0       0       0             205        01010000D    207
     100       0       0       1       0                               0D    208
     102     466       0       0       0                        01010500D    209
     102       0       0       1       0                               0D    210
     102     467       0       0       0                        01010000D    211
     102       0       0       1       0                               0D    212
     142     468       0       0       0                        00010500D    213
     142       0       0       1       0                               0D    214
     144     469       0       0       0                        00000000D    215
     144       0      -1       1       0                               0D    216
     128     470       0       0       0                        01010000D    217
     128       0       0      15       0                               0D    218
     126     485       0       0       0                        01010500D    219
     126       0       0       2       0                               0D    220
     124     487       0       0       0                        00000000D    221
     124       0       0       4       0                               0D    222
     100     491       0       0       0             221        01010000D    223
     100       0       0       2       0                               0D    224
     126     493       0       0       0                        01010500D    225
     126       0       0       2       0                               0D    226
     124     495       0       0       0                        00000000D    227
     124       0       0       4       0                               0D    228
     100     499       0       0       0             227        01010000D    229
     100       0       0       2       0                               0D    230
     126     501       0       0       0                        01010500D    231
     126       0       0       2       0                               0D    232
     124     503       0       0       0                        00000000D    233
     124       0       0       4       0                               0D    234
     100     507       0       0       0             233        01010000D    235
     100       0       0       2       0                               0D    236
     126     509       0       0       0                        01010500D    237
     126       0       0       2       0                               0D    238
     124     511       0       0       0                        00000000D    239
     124       0       0       4       0                               0D    240
     100     515       0       0       0             239        01010000D    241
     100       0       0       2       0                               0D    242
     102     517       0       0       0                        01010500D    243
     102       0       0       1       0                               0D    244
     102     518       0       0       0                        01010000D    245
     102       0       0       1       0                               0D    246
     142     519       0       0       0                        00010500D    247
     142       0       0       1       0                               0D    248
     144     520       0       0       0                        00000000D    249
     144       0      -1       1       0                               0D    250
     128     521       0       0       0                        01010000D    251
     128       0       0      15       0                               0D    252
     126     536       0       0       0                        01010500D    253
     126       0       0       2       0                               0D    254
     124     538       0       0       0                        00000000D    255
     124       0       0       4       0                               0D    256
     100     542       0       0       0             255        01010000D    257
     100       0       0       2       0                               0D    258
     126     544       0       0       0                        01010500D    259
     126       0       0       2       0                               0D    260
     124     546       0       0       0                        00000000D    261
     124       0       0       4       0                               0D    262
     100     550       0       0       0             261        01010000D    263
     100       0       0       2       0                               0D    264
     126     552       0       0       0                        01010500D    265
     126       0       0       2       0                               0D    266
     124     554       0       0       0                        00000000D    267
     124       0       0       4       0                               0D    268
     100     558       0       0       0             267        01010000D    269
     100       0       0       2       0                               0D    270
     126     560       0       0       0                        01010500D    271
     126       0       0       2       0                               0D    272
     124     562       0       0       0                        00000000D    273
     124       0       0       4       0                               0D    274
     100     566       0       0       0             273        01010000D    275
     100       0       0       2       0                               0D    276
     102     568       0       0       0                        01010500D    277
     102       0       0       1       0                               0D    278
     102     569       0       0       0                        01010000D    279
     102       0       0       1       0                               0D    280
     142     570       0       0       0                        00010500D    281
     142       0       0       1       0                               0D    282
     144     571       0       0       0                        00000000D    283
     144       0      -1       1       0                               0D    284
     128     572       0       0       0                        01010000D    285
     128       0       0      16       0                               0D    286
     126     588       0       0       0                        01010500D    287
     126       0       0       2       0                               0D    288
     124     590       0       0       0                        00000000D    289
     124       0       0       4       0                               0D    290
     100     594       0       0       0             289        01010000D    291
     100       0       0       2       0                               0D    292
     126     596       0       0       0                        01010500D    293
     126       0       0       2       0                               0D    294
     124     598       0       0       0                        00000000D    295
     124       0       0       4       0                               0D    296
     100     602       0       0       0             295        01010000D    297
     100       0       0       1       0                               0D    298
     126     603       0       0       0                        01010500D    299
     126       0       0       2       0                               0D    300
     124     605       0       0       0                        00000000D    301
     124       0       0       4       0                               0D    302
     100     609       0       0       0             301        01010000D    303
     100       0       0       2       0                               0D    304
     126     611       0       0       0                        01010500D    305
     126       0       0       2       0                               0D    306
     124     613       0       0       0                        00000000D    307
     124       0       0       4       0                               0D    308
     100     617       0       0       0             307        01010000D    309
     100       0       0       2       0                               0D    310
     102     619       0       0       0                        01010500D    311
     102       0       0       1       0                               0D    312
     102     620       0       0       0                        01010000D    313
     102       0       0       1       0                               0D    314
     142     621       0       0       0                        00010500D    315
     142       0       0       1       0                               0D    316
     144     622       0       0       0                        00000000D    317
     144       0      -1       1       0                               0D    318
     128     623       0       0       0                        01010000D    319
     128       0       0     392       0                               0D    320
     126    1015       0       0       0                        01010500D    321
     126       0       0       2       0                               0D    322
     124    1017       0       0       0                        00000000D    323
     124       0       0       4       0                               0D    324
     100    1021       0       0       0             323        01010000D    325
     100       0       0       2       0                               0D    326
     126    1023       0       0       0                        01010500D    327
     126       0       0       2       0                               0D    328
     126    1025       0       0       0                        01010000D    329
     126       0       0      66       0                               0D    330
     126    1091       0       0       0                        01010500D    331
     126       0       0       2       0                               0D    332
     124    1093       0       0       0                        00000000D    333
     124       0       0       4       0                               0D    334
     100    1097       0       0       0             333        01010000D    335
     100       0       0       2       0                               0D    336
     126    1099       0       0       0                        01010500D    337
     126       0       0       2       0                               0D    338
     126    1101       0       0       0                        01010000D    339
     126       0       0       8       0                               0D    340
     126    1109       0       0       0                        01010500D    341
     126       0       0       2       0                               0D    342
     126    1111       0       0       0                        01010000D    343
     126       0       0      19       0                               0D    344
     126    1130       0       0       0                        01010500D    345
     126       0       0       2       0                               0D    346
     126    1132       0       0       0                        01010000D    347
     126       0       0      19       0                               0D    348
     126    1151       0       0       0                        01010500D    349
     126       0       0       2       0                               0D    350
     126    1153       0       0       0                        01010000D    351
     126       0       0      19       0                               0D    352
     126    1172       0       0       0                        01010500D    353
     126       0       0       2       0                               0D    354
     126    1174       0       0       0                        01010000D    355
     126       0       0      18       0                               0D    356
     126    1192       0       0       0                        01010500D    357
     126       0       0       2       0                               0D    358
     126    1194       0       0       0                        01010000D    359
     126       0       0      19       0                               0D    360
     126    1213       0       0       0                        01010500D    361
     126       0       0       2       0                               0D    362
     126    1215       0       0       0                        01010000D    363
     126       0       0       9       0                               0D    364
     126    1224       0       0       0                        01010500D    365
     126       0       0      12       0                               0D    366
     126    1236       0       0       0                        01010000D    367
     126       0       0      17       0                               0D    368
     102    1253       0       0       0                        01010500D    369
     102       0       0       1       0                               0D    370
     102    1254       0       0       0                        01010000D    371
     102       0       0       1       0                               0D    372
     142    1255       0       0       0                        00010500D    373
     142       0       0       1       0                               0D    374
     144    1256       0       0       1                        00000000D    375
     144       0      -1       1       0                               0D    376
     110    1257       0       0       0                        01010000D    377
     110       0       0       1       0                               0D    378
     110    1258       0       0       0                        01010000D    379
     110       0       0       1       0                               0D    380
     120    1259       0       0       0                        01010000D    381
     120       0       0       1       0                               0D    382
     126    1260       0       0       0                        01010500D    383
     126       0       0       2       0                               0D    384
     124    1262       0       0       0                        00000000D    385
     124       0       0       4       0                               0D    386
     100    1266       0       0       0             385        01010000D    387
     100       0       0       2       0                               0D    388
     126    1268       0       0       0                        01010500D    389
     126       0       0       2       0                               0D    390
     110    1270       0       0       0                        01010000D    391
     110       0       0       1       0                               0D    392
     126    1271       0       0       0                        01010500D    393
     126       0       0      28       0                               0D    394
     126    1299       0       0       0                        01010000D    395
     126       0       0      18       0                               0D    396
     126    1317       0       0       0                        01010500D    397
     126       0       0       2       0                               0D    398
     110    1319       0       0       0                        01010000D    399
     110       0       0       1       0                               0D    400
     126    1320       0       0       0                        01010500D    401
     126       0       0      18       0                               0D    402
     126    1338       0       0       0                        01010000D    403
     126       0       0      12       0                               0D    404
     126    1350       0       0       0                        01010500D    405
     126       0       0       2       0                               0D    406
     126    1352       0       0       0                        01010000D    407
     126       0       0       5       0                               0D    408
     102    1357       0       0       0                        01010500D    409
     102       0       0       1       0                               0D    410
     102    1358       0       0       0                        01010000D    411
     102       0       0       1       0                               0D    412
     142    1359       0       0       0                        00010500D    413
     142       0       0       1       0                               0D    414
     144    1360       0       0       1                        00000000D    415
     144       0      -1       1       0                               0D    416
     110    1361       0       0       0                        01010000D    417
     110       0       0       1       0                               0D    418
     110    1362       0       0       0                        01010000D    419
     110       0       0       1       0                               0D    420
     120    1363       0       0       0                        01010000D    421
     120       0       0       1       0                               0D    422
     126    1364       0       0       0                        01010500D    423
     126       0       0      28       0                               0D    424
     126    1392       0       0       0                        01010000D    425
     126       0       0      18       0                               0D    426
     126    1410       0       0       0                        01010500D    427
     126       0       0       2       0                               0D    428
     110    1412       0       0       0                        01010000D    429
     110       0       0       1       0                               0D    430
     126    1413       0       0       0                        01010500D    431
     126       0       0      28       0                               0D    432
     126    1441       0       0       0                        01010000D    433
     126       0       0      19       0                               0D    434
     126    1460       0       0       0                        01010500D    435
     126       0       0       2       0                               0D    436
     110    1462       0       0       0                        01010000D    437
     110       0       0       1       0                               0D    438
     102    1463       0       0       0                        01010500D    439
     102       0       0       1       0                               0D    440
     102    1464       0       0       0                        01010000D    441
     102       0       0       1       0                               0D    442
     142    1465       0       0       0                        00010500D    443
     142       0       0       1       0                               0D    444
     144    1466       0       0       1                        00000000D    445
     144       0      -1       1       0                               0D    446
     110    1467       0       0       0                        01010000D    447
     110       0       0       1       0                               0D    448
     110    1468       0       0       0                        01010000D    449
     110       0       0       1       0                               0D    450
     120    1469       0       0       0                        01010000D    451
     120       0       0       1       0                               0D    452
     126    1470       0       0       0                        01010500D    453
     126       0       0      28       0                               0D    454
     126    1498       0       0       0                        01010000D    455
     126       0       0      19       0                               0D    456
     126    1517       0       0       0                        01010500D    457
     126       0       0       2       0                               0D    458
     110    1519       0       0       0                        01010000D    459
     110       0       0       1       0                               0D    460
     126    1520       0       0       0                        01010500D    461
     126       0       0       8       0                               0D    462
     126    1528       0       0       0                        01010000D    463
     126       0       0       8       0                               0D    464
     126    1536       0       0       0                        01010500D    465
     126       0       0       2       0                               0D    466
     126    1538       0       0       0                        01010000D    467
     126       0       0       5       0                               0D    468
     126    1543       0       0       0                        01010500D    469
     126       0       0       8       0                               0D    470
     126    1551       0       0       0                        01010000D    471
     126       0       0       8       0                               0D    472
     126    1559       0       0       0                        01010500D    473
     126       0       0       2       0                               0D    474
     110    1561       0       0       0                        01010000D    475
     110       0       0       1       0                               0D    476
     126    1562       0       0       0                        01010500D    477
     126       0       0       2       0                               0D    478
     124    1564       0       0       0                        00000000D    479
     124       0       0       4       0                               0D    480
     100    1568       0       0       0             479        01010000D    481
     100       0       0       2       0                               0D    482
     126    1570       0       0       0                        01010500D    483
     126       0       0       2       0                               0D    484
     110    1572       0       0       0                        01010000D    485
     110       0       0       1       0                               0D    486
     102    1573       0       0       0                        01010500D    487
     102       0       0       1       0                               0D    488
     102    1574       0       0       0                        01010000D    489
     102       0       0       1       0                               0D    490
     142    1575       0       0       0                        00010500D    491
     142       0       0       1       0                               0D    492
     144    1576       0       0       1                        00000000D    493
     144       0      -1       1       0                               0D    494
     110    1577       0       0       0                        01010000D    495
     110       0       0       1       0                               0D    496
     110    1578       0       0       0                        01010000D    497
     110       0       0       1       0                               0D    498
     120    1579       0       0       0                        01010000D    499
     120       0       0       1       0                               0D    500
     126    1580       0       0       0                        01010500D    501
     126       0       0       2       0                               0D    502
     110    1582       0       0       0                        01010000D    503
     110       0       0       1       0                               0D    504
     126    1583       0       0       0                        01010500D    505
     126       0       0      28       0                               0D    506
     126    1611       0       0       0                        01010000D    507
     126       0       0      19       0                               0D    508
     126    1630       0       0       0                        01010500D    509
     126       0       0       2       0                               0D    510
     110    1632       0       0       0                        01010000D    511
     110       0       0       1       0                               0D    512
     126    1633       0       0       0                        01010500D    513
     126       0       0      28       0                               0D    514
     126    1661       0       0       0                        01010000D    515
     126       0       0      19       0                               0D    516
     102    1680       0       0       0                        01010500D    517
     102       0       0       1       0                               0D    518
     102    1681       0       0       0                        01010000D    519
     102       0       0       1       0                               0D    520
     142    1682       0       0       0                        00010500D    521
     142       0       0       1       0                               0D    522
     144    1683       0       0       1                        00000000D    523
     144       0      -1       1       0                               0D    524
     110    1684       0       0       0                        01010000D    525
     110       0       0       1       0                               0D    526
     110    1685       0       0       0                        01010000D    527
     110       0       0       1       0                               0D    528
     120    1686       0       0       0                        01010000D    529
     120       0       0       1       0                               0D    530
     126    1687       0       0       0                        01010500D    531
     126       0       0       2       0                               0D    532
     110    1689       0       0       0                        01010000D    533
     110       0       0       1       0                               0D    534
     126    1690       0       0       0                        01010500D    535
     126       0       0       2       0                               0D    536
     124    1692       0       0       0                        00000000D    537
     124       0       0       4       0                               0D    538
     100    1696       0       0       0             537        01010000D    539
     100       0       0       2       0                               0D    540
     126    1698       0       0       0                        01010500D    541
     126       0       0       2       0                               0D    542
     110    1700       0       0       0                        01010000D    543
     110       0       0       1       0                               0D    544
     126    1701       0       0       0                        01010500D    545
     126       0       0      28       0                               0D    546
     126    1729       0       0       0                        01010000D    547
     126       0       0      19       0                               0D    548
     102    1748       0       0       0                        01010500D    549
     102       0       0       1       0                               0D    550
     102    1749       0       0       0                        01010000D    551
     102       0       0       1       0                               0D    552
     142    1750       0       0       0                        00010500D    553
     142       0       0       1       0                               0D    554
     144    1751       0       0       1                        00000000D    555
     144       0      -1       1       0                               0D    556
     110    1752       0       0       0                        01010000D    557
     110       0       0       1       0                               0D    558
     110    1753       0       0       0                        01010000D    559
     110       0       0       1       0                               0D    560
     120    1754       0       0       0                        01010000D    561
     120       0       0       1       0                               0D    562
     126    1755       0       0       0                        01010500D    563
     126       0       0       2       0                               0D    564
     110    1757       0       0       0                        01010000D    565
     110       0       0       1       0                               0D    566
     126    1758       0       0       0                        01010500D    567
     126       0       0      28       0                               0D    568
     126    1786       0       0       0                        01010000D    569
     126       0       0      20       0                               0D    570
     126    1806       0       0       0                        01010500D    571
     126       0       0       2       0                               0D    572
     110    1808       0       0       0                        01010000D    573
     110       0       0       1       0                               0D    574
     126    1809       0       0       0                        01010500D    575
     126       0       0      28       0                               0D    576
     126    1837       0       0       0                        01010000D    577
     126       0       0      19       0                               0D    578
     102    1856       0       0       0                        01010500D    579
     102       0       0       1       0                               0D    580
     102    1857       0       0       0                        01010000D    581
     102       0       0       1       0                               0D    582
     142    1858       0       0       0                        00010500D    583
     142       0       0       1       0                               0D    584
     144    1859       0       0       1                        00000000D    585
     144       0      -1       1       0                               0D    586
     110    1860       0       0       0                        01010000D    587
     110       0       0       1       0                               0D    588
     110    1861       0       0       0                        01010000D    589
     110       0       0       1       0                               0D    590
     120    1862       0       0       0                        01010000D    591
     120       0       0       1       0                               0D    592
     126    1863       0       0       0                        01010500D    593
     126       0       0       2       0                               0D    594
     110    1865       0       0       0                        01010000D    595
     110       0       0       1       0                               0D    596
     126    1866       0       0       0                        01010500D    597
     126       0       0      28       0                               0D    598
     126    1894       0       0       0                        01010000D    599
     126       0       0      19       0                               0D    600
     126    1913       0       0       0                        01010500D    601
     126       0       0       2       0                               0D    602
     110    1915       0       0       0                        01010000D    603
     110       0       0       1       0                               0D    604
     126    1916       0       0       0                        01010500D    605
     126       0       0       2       0                               0D    606
     124    1918       0       0       0                        00000000D    607
     124       0       0       4       0                               0D    608
     100    1922       0       0       0             607        01010000D    609
     100       0       0       2       0                               0D    610
     102    1924       0       0       0                        01010500D    611
     102       0       0       1       0                               0D    612
     102    1925       0       0       0                        01010000D    613
     102       0       0       1       0                               0D    614
     142    1926       0       0       0                        00010500D    615
     142       0       0       1       0                               0D    616
     144    1927       0       0       1                        00000000D    617
     144       0      -1       1       0                               0D    618
     110    1928       0       0       0                        01010000D    619
     110       0       0       1       0                               0D    620
     110    1929       0       0       0                        01010000D    621
     110       0       0       1       0                               0D    622
     120    1930       0       0       0                        01010000D    623
     120       0       0       1       0                               0D    624
     126    1931       0       0       0                        01010500D    625
     126       0       0       2       0                               0D    626
     110    1933       0       0       0                        01010000D    627
     110       0       0       1       0                               0D    628
     126    1934       0       0       0                        01010500D    629
     126       0       0       2       0                               0D    630
     124    1936       0       0       0                        00000000D    631
     124       0       0       4       0                               0D    632
     100    1940       0       0       0             631        01010000D    633
     100       0       0       2       0                               0D    634
     126    1942       0       0       0                        01010500D    635
     126       0       0       2       0                               0D    636
     110    1944       0       0       0                        01010000D    637
     110       0       0       1       0                               0D    638
     126    1945       0       0       0                        01010500D    639
     126       0       0       2       0                               0D    640
     124    1947       0       0       0                        00000000D    641
     124       0       0       4       0                               0D    642
     100    1951       0       0       0             641        01010000D    643
     100       0       0       2       0                               0D    644
     102    1953       0       0       0                        01010500D    645
     102       0       0       1       0                               0D    646
     102    1954       0       0       0                        01010000D    647
     102       0       0       1       0                               0D    648
     142    1955       0       0       0                        00010500D    649
     142       0       0       1       0                               0D    650
     144    1956       0       0       1                        00000000D    651
     144       0      -1       1       0                               0D    652
     128    1957       0       0       0                        01010000D    653
     128       0       0      15       0                               0D    654
     126    1972       0       0       0                        01010500D    655
     126       0       0       2       0                               0D    656
     124    1974       0       0       0                        00000000D    657
     124       0       0       4       0                               0D    658
     100    1978       0       0       0             657        01010000D    659
     100       0       0       2       0                               0D    660
     126    1980       0       0       0                        01010500D    661
     126       0       0       2       0                               0D    662
     124    1982       0       0       0                        00000000D    663
     124       0       0       4       0                               0D    664
     100    1986       0       0       0             663        01010000D    665
     100       0       0       2       0                               0D    666
     126    1988       0       0       0                        01010500D    667
     126       0       0       2       0                               0D    668
     124    1990       0       0       0                        00000000D    669
     124       0       0       4       0                               0D    670
     100    1994       0       0       0             669        01010000D    671
     100       0       0       2       0                               0D    672
     126    1996       0       0       0                        01010500D    673
     126       0       0       2       0                               0D    674
     124    1998       0       0       0                        00000000D    675
     124       0       0       4       0                               0D    676
     100    2002       0       0       0             675        01010000D    677
     100       0       0       2       0                               0D    678
     102    2004       0       0       0                        01010500D    679
     102       0       0       1       0                               0D    680
     102    2005       0       0       0                        01010000D    681
     102       0       0       1       0                               0D    682
     142    2006       0       0       0                        00010500D    683
     142       0       0       1       0                               0D    684
     144    2007       0       0       1                        00000000D    685
     144       0      -1       1       0                               0D    686
     128    2008       0       0       0                        01010000D    687
     128       0       0      16       0                               0D    688
     126    2024       0       0       0                        01010500D    689
     126       0       0       2       0                               0D    690
     124    2026       0       0       0                        00000000D    691
     124       0       0       4       0                               0D    692
     100    2030       0       0       0             691        01010000D    693
     100       0       0       2       0                               0D    694
     126    2032       0       0       0                        01010500D    695
     126       0       0       2       0                               0D    696
     124    2034       0       0       0                        00000000D    697
     124       0       0       4       0                               0D    698
     100    2038       0       0       0             697        01010000D    699
     100       0       0       2       0                               0D    700
     126    2040       0       0       0                        01010500D    701
     126       0       0       2       0                               0D    702
     124    2042       0       0       0                        00000000D    703
     124       0       0       4       0                               0D    704
     100    2046       0       0       0             703        01010000D    705
     100       0       0       2       0                               0D    706
     126    2048       0       0       0                        01010500D    707
     126       0       0       2       0                               0D    708
     124    2050       0       0       0                        00000000D    709
     124       0       0       4       0                               0D    710
     100    2054       0       0       0             709        01010000D    711
     100       0       0       2       0                               0D    712
     102    2056       0       0       0                        01010500D    713
     102       0       0       1       0                               0D    714
     102    2057       0       0       0                        01010000D    715
     102       0       0       1       0                               0D    716
     142    2058       0       0       0                        00010500D    717
     142       0       0       1       0                               0D    718
     144    2059       0       0       1                        00000000D    719
     144       0      -1       1       0                               0D    720
     128    2060       0       0       0                        01010000D    721
     128       0       0      15       0                               0D    722
     126    2075       0       0       0                        01010500D    723
     126       0       0       2       0                               0D    724
     124    2077       0       0       0                        00000000D    725
     124       0       0       4       0                               0D    726
     100    2081       0       0       0             725        01010000D    727
     100       0       0       2       0                               0D    728
     126    2083       0       0       0                        01010500D    729
     126       0       0       2       0                               0D    730
     124    2085       0       0       0                        00000000D    731
     124       0       0       4       0                               0D    732
     100    2089       0       0       0             731        01010000D    733
     100       0       0       2       0                               0D    734
     126    2091       0       0       0                        01010500D    735
     126       0       0       2       0                               0D    736
     124    2093       0       0       0                        00000000D    737
     124       0       0       4       0                               0D    738
     100    2097       0       0       0             737        01010000D    739
     100       0       0       2       0                               0D    740
     126    2099       0       0       0                        01010500D    741
     126       0       0       2       0                               0D    742
     124    2101       0       0       0                        00000000D    743
     124       0       0       4       0                               0D    744
     100    2105       0       0       0             743        01010000D    745
     100       0       0       2       0                               0D    746
     102    2107       0       0       0                        01010500D    747
     102       0       0       1       0                               0D    748
     102    2108       0       0       0                        01010000D    749
     102       0       0       1       0                               0D    750
     142    2109       0       0       0                        00010500D    751
     142       0       0       1       0                               0D    752
     144    2110       0       0       1                        00000000D    753
     144       0      -1       1       0                               0D    754
     128    2111       0       0       0                        01010000D    755
     128       0       0      15       0                               0D    756
     126    2126       0       0       0                        01010500D    757
     126       0       0       2       0                               0D    758
     124    2128       0       0       0                        00000000D    759
     124       0       0       4       0                               0D    760
     100    2132       0       0       0             759        01010000D    761
     100       0       0       2       0                               0D    762
     126    2134       0       0       0                        01010500D    763
     126       0       0       2       0                               0D    764
     124    2136       0       0       0                        00000000D    765
     124       0       0       4       0                               0D    766
     100    2140       0       0       0             765        01010000D    767
     100       0       0       2       0                               0D    768
     126    2142       0       0       0                        01010500D    769
     126       0       0       2       0                               0D    770
     124    2144       0       0       0                        00000000D    771
     124       0       0       4       0                               0D    772
     100    2148       0       0       0             771        01010000D    773
     100       0       0       2       0                               0D    774
     126    2150       0       0       0                        01010500D    775
     126       0       0       2       0                               0D    776
     124    2152       0       0       0                        00000000D    777
     124       0       0       4       0                               0D    778
     100    2156       0       0       0             777        01010000D    779
     100       0       0       2       0                               0D    780
     102    2158       0       0       0                        01010500D    781
     102       0       0       1       0                               0D    782
     102    2159       0       0       0                        01010000D    783
     102       0       0       1       0                               0D    784
     142    2160       0       0       0                        00010500D    785
     142       0       0       1       0                               0D    786
     144    2161       0       0       1                        00000000D    787
     144       0      -1       1       0                               0D    788
     110    2162       0       0       0                        01010000D    789
     110       0       0       1       0                               0D    790
     110    2163       0       0       0                        01010000D    791
     110       0       0       1       0                               0D    792
     120    2164       0       0       0                        01010000D    793
     120       0       0       1       0                               0D    794
     126    2165       0       0       0                        01010500D    795
     126       0       0       2       0                               0D    796
     124    2167       0       0       0                        00000000D    797
     124       0       0       4       0                               0D    798
     100    2171       0       0       0             797        01010000D    799
     100       0       0       2       0                               0D    800
     126    2173       0       0       0                        01010500D    801
     126       0       0       2       0                               0D    802
     110    2175       0       0       0                        01010000D    803
     110       0       0       1       0                               0D    804
     126    2176       0       0       0                        01010500D    805
     126       0       0       2       0                               0D    806
     124    2178       0       0       0                        00000000D    807
     124       0       0       4       0                               0D    808
     100    2182       0       0       0             807        01010000D    809
     100       0       0       2       0                               0D    810
     126    2184       0       0       0                        01010500D    811
     126       0       0       2       0                               0D    812
     110    2186       0       0       0                        01010000D    813
     110       0       0       1       0                               0D    814
     102    2187       0       0       0                        01010500D    815
     102       0       0       1       0                               0D    816
     102    2188       0       0       0                        01010000D    817
     102       0       0       1       0                               0D    818
     142    2189       0       0       0                        00010500D    819
     142       0       0       1       0                               0D    820
     144    2190       0       0       1                        00000000D    821
     144       0      -1       1       0                               0D    822
     128    2191       0       0       0                        01010000D    823
     128       0       0       4       0                               0D    824
     126    2195       0       0       0                        01010500D    825
     126       0       0      22       0                               0D    826
     124    2217       0       0       0                        00000000D    827
     124       0       0       4       0                               0D    828
     100    2221       0       0       0             827        01010000D    829
     100       0       0       2       0                               0D    830
     126    2223       0       0       0                        01010500D    831
     126       0       0      12       0                               0D    832
     124    2235       0       0       0                        00000000D    833
     124       0       0       4       0                               0D    834
     100    2239       0       0       0             833        01010000D    835
     100       0       0       2       0                               0D    836
     126    2241       0       0       0                        01010500D    837
     126       0       0      19       0                               0D    838
     126    2260       0       0       0                        01010000D    839
     126       0       0      17       0                               0D    840
     126    2277       0       0       0                        01010500D    841
     126       0       0       2       0                               0D    842
     110    2279       0       0       0                        01010000D    843
     110       0       0       2       0                               0D    844
     126    2281       0       0       0                        01010500D    845
     126       0       0       7       0                               0D    846
     124    2288       0       0       0                        00000000D    847
     124       0       0       4       0                               0D    848
     100    2292       0       0       0             847        01010000D    849
     100       0       0       2       0                               0D    850
     102    2294       0       0       0                        01010500D    851
     102       0       0       1       0                               0D    852
     102    2295       0       0       0                        01010000D    853
     102       0       0       1       0                               0D    854
     142    2296       0       0       0                        00010500D    855
     142       0       0       1       0                               0D    856
     126    2297       0       0       0                        01010500D    857
     126       0       0      22       0                               0D    858
     124    2319       0       0       0                        00000000D    859
     124       0       0       4       0                               0D    860
     100    2323       0       0       0             859        01010000D    861
     100       0       0       2       0                               0D    862
     126    2325       0       0       0                        01010500D    863
     126       0       0      22       0                               0D    864
     124    2347       0       0       0                        00000000D    865
     124       0       0       4       0                               0D    866
     100    2351       0       0       0             865        01010000D    867
     100       0       0       2       0                               0D    868
     102    2353       0       0       0                        01010500D    869
     102       0       0       1       0                               0D    870
     102    2354       0       0       0                        01010000D    871
     102       0       0       1       0                               0D    872
     142    2355       0       0       0                        00010500D    873
     142       0       0       1       0                               0D    874
     144    2356       0       0       1                        00000000D    875
     144       0      -1       1       0                               0D    876
     110    2357       0       0       0                        01010000D    877
     110       0       0       1       0                               0D    878
     110    2358       0       0       0                        01010000D    879
     110       0       0       1       0                               0D    880
     120    2359       0       0       0                        01010000D    881
     120       0       0       1       0                               0D    882
     126    2360       0       0       0                        01010500D    883
     126       0       0       2       0                               0D    884
     110    2362       0       0       0                        01010000D    885
     110       0       0       1       0                               0D    886
     126    2363       0       0       0                        01010500D    887
     126       0       0       2       0                               0D    888
     124    2365       0       0       0                        00000000D    889
     124       0       0       4       0                               0D    890
     100    2369       0       0       0             889        01010000D    891
     100       0       0       2       0                               0D    892
     126    2371       0       0       0                        01010500D    893
     126       0       0       6       0                               0D    894
     126    2377       0       0       0                        01010000D    895
     126       0       0       9       0                               0D    896
     102    2386       0       0       0                        01010500D    897
     102       0       0       1       0                               0D    898
     102    2387       0       0       0                        01010000D    899
     102       0       0       1       0                               0D    900
     142    2388       0       0       0                        00010500D    901
     142       0       0       1       0                               0D    902
     144    2389       0       0       1                        00000000D    903
     144       0      -1       1       0                               0D    904
     128    2390       0       0       0                        01010000D    905
     128       0       0     246       0                               0D    906
     126    2636       0       0       0                        01010500D    907
     126       0       0       2       0                               0D    908
     126    2638       0       0       0                        01010000D    909
     126       0       0      66       0                               0D    910
     126    2704       0       0       0                        01010500D    911
     126       0       0       2       0                               0D    912
     124    2706       0       0       0                        00000000D    913
     124       0       0       4       0                               0D    914
     100    2710       0       0       0             913        01010000D    915
     100       0       0       2       0                               0D    916
     126    2712       0       0       0                        01010500D    917
     126       0       0       2       0                               0D    918
     126    2714       0       0       0                        01010000D    919
     126       0       0      13       0                               0D    920
     126    2727       0       0       0                        01010500D    921
     126       0       0       2       0                               0D    922
     126    2729       0       0       0                        01010000D    923
     126       0       0      20       0                               0D    924
     126    2749       0       0       0                        01010500D    925
     126       0       0       2       0                               0D    926
     126    2751       0       0       0                        01010000D    927
     126       0       0      18       0                               0D    928
     126    2769       0       0       0                        01010500D    929
     126       0       0       2       0                               0D    930
     126    2771       0       0       0                        01010000D    931
     126       0       0      19       0                               0D    932
     126    2790       0       0       0                        01010500D    933
     126       0       0       2       0                               0D    934
     126    2792       0       0       0                        01010000D    935
     126       0       0      19       0                               0D    936
     126    2811       0       0       0                        01010500D    937
     126       0       0       2       0                               0D    938
     126    2813       0       0       0                        01010000D    939
     126       0       0      18       0                               0D    940
     126    2831       0       0       0                        01010500D    941
     126       0       0       2       0                               0D    942
     126    2833       0       0       0                        01010000D    943
     126       0       0       8       0                               0D    944
     126    2841       0       0       0                        01010500D    945
     126       0       0       2       0                               0D    946
     124    2843       0       0       0                        00000000D    947
     124       0       0       4       0                               0D    948
     100    2847       0       0       0             947        01010000D    949
     100       0       0       2       0                               0D    950
     102    2849       0       0       0                        01010500D    951
     102       0       0       1       0                               0D    952
     102    2850       0       0       0                        01010000D    953
     102       0       0       1       0                               0D    954
     142    2851       0       0       0                        00010500D    955
     142       0       0       1       0                               0D    956
     144    2852       0       0       1                        00000000D    957
     144       0      -1       1       0                               0D    958
     128    2853       0       0       0                        01010000D    959
     128       0       0       4       0                               0D    960
     126    2857       0       0       0                        01010500D    961
     126       0       0       2       0                               0D    962
     110    2859       0       0       0                        01010000D    963
     110       0       0       2       0                               0D    964
     126    2861       0       0       0                        01010500D    965
     126       0       0       2       0                               0D    966
     126    2863       0       0       0                        01010000D    967
     126       0       0       5       0                               0D    968
     126    2868       0       0       0                        01010500D    969
     126       0       0       6       0                               0D    970
     124    2874       0       0       0                        00000000D    971
     124       0       0       4       0                               0D    972
     100    2878       0       0       0             971        01010000D    973
     100       0       0       2       0                               0D    974
     126    2880       0       0       0                        01010500D    975
     126       0       0      11       0                               0D    976
     124    2891       0       0       0                        00000000D    977
     124       0       0       4       0                               0D    978
     100    2895       0       0       0             977        01010000D    979
     100       0       0       2       0                               0D    980
     102    2897       0       0       0                        01010500D    981
     102       0       0       1       0                               0D    982
     102    2898       0       0       0                        01010000D    983
     102       0       0       1       0                               0D    984
     142    2899       0       0       0                        00010500D    985
     142       0       0       1       0                               0D    986
     144    2900       0       0       1                        00000000D    987
     144       0      -1       1       0                               0D    988
     128    2901       0       0       0                        01010000D    989
     128       0       0       4       0                               0D    990
     126    2905       0       0       0                        01010500D    991
     126       0       0       6       0                               0D    992
     124    2911       0       0       0                        00000000D    993
     124       0       0       4       0                               0D    994
     100    2915       0       0       0             993        01010000D    995
     100       0       0       2       0                               0D    996
     126    2917       0       0       0                        01010500D    997
     126       0       0       2       0                               0D    998
     126    2919       0       0       0                        01010000D    999
     126       0       0       5       0                               0D   1000
     126    2924       0       0       0                        01010500D   1001
     126       0       0       6       0                               0D   1002
     124    2930       0       0       0                        00000000D   1003
     124       0       0       4       0                               0D   1004
     100    2934       0       0       0            1003        01010000D   1005
     100       0       0       2       0                               0D   1006
     102    2936       0       0       0                        01010500D   1007
     102       0       0       1       0                               0D   1008
     102    2937       0       0       0                        01010000D   1009
     102       0       0       1       0                               0D   1010
     142    2938       0       0       0                        00010500D   1011
     142       0       0       1       0                               0D   1012
     144    2939       0       0       1                        00000000D   1013
     144       0      -1       1       0                               0D   1014
314,79.2156862745098,81.9607843137255,93.3333333333333,;               1P      1
128,3,3,3,3,0,0,0,0,0,0.,0.,0.,0.,1.,1.,1.,1.,0.,0.,0.,0.,1.,          3P      2
1.,1.,1.,1.,0.809799648036001,0.809799648036001,1.,                    3P      3
0.333333333333333,0.269933216012,0.269933216012,                       3P      4
0.333333333333333,0.333333333333333,0.269933216012,                    3P      5
0.269933216012,0.333333333333333,1.,0.809799648036001,                 3P      6
0.809799648036001,1.,0.,-0.601567478,0.453721015,0.,                   3P      7
-0.659042416,0.450233745,0.,-0.697680617,0.407541603,0.,               3P      8
-0.695435083,0.35000477,0.907442029,-0.601567478,0.453721015,          3P      9
0.90046749,-0.659042416,0.450233745,0.815083206,-0.697680617,          3P     10
0.407541603,0.70000954,-0.695435083,0.35000477,0.907442029,            3P     11
-0.601567478,-0.453721015,0.90046749,-0.659042416,-0.450233745,        3P     12
0.815083206,-0.697680617,-0.407541603,0.70000954,-0.695435083,         3P     13
-0.35000477,0.,-0.601567478,-0.453721015,0.,-0.659042416,              3P     14
-0.450233745,0.,-0.697680617,-0.407541603,0.,-0.695435083,             3P     15
-0.35000477,0.,1.,0.,1.;                                               3P     16
126,1,1,1,0,1,0,0.,0.,1.,1.,1.,1.,0.929884958,0.,0.,                   5P     17
0.929884958,1.,0.,0.,1.,0.,0.,1.;                                      5P     18
124,1.40271576953299E-14,1.,0.,0.695325210459682,                      7P     19
-6.12323399573677E-17,8.58915688636046E-31,1.,                         7P     20
-0.695325210459682,1.,-1.40271576953299E-14,                           7P     21
6.12323399573677E-17,-9.75343637665641E-15;                            7P     22
100,0.,0.,-0.69532521,0.36,-0.69532521,-0.36,-0.69532521;              9P     23
126,1,1,1,0,1,0,0.,0.,1.,1.,1.,1.,0.929884958,1.,0.,                  11P     24
0.070115042,1.,0.,0.,1.,0.,0.,1.;                                     11P     25
124,3.73236931902088E-18,6.11184822776308E-17,1.,                     13P     26
0.353904578329647,-0.998140562980019,0.0609542167034528,0.,           13P     27
-0.559212238221446,-0.0609542167034528,-0.998140562980019,            13P     28
6.12323399573677E-17,-0.948308417005319;                              13P     29
100,-0.353904578,0.,-0.595511154,0.1,-0.595511154,0.021978331,        15P     30
-0.497956283;                                                         15P     31
126,1,1,1,0,1,0,0.,0.,1.,1.,1.,1.,0.070115042,1.,0.,                  17P     32
0.070115042,0.,0.,0.,1.,0.,0.,1.;                                     17P     33
124,1.40271576953299E-14,1.,0.,0.611502237522345,                     19P     34
-6.12323399573677E-17,8.58915688636046E-31,-1.,                       19P     35
-0.611502237522345,-1.,1.40271576953299E-14,                          19P     36
6.12323399573677E-17,8.57763831677301E-15;                            19P     37
100,0.,0.,-0.611502238,0.452617725,-0.611502238,-0.452617725,         21P     38
-0.611502238;                                                         21P     39
126,1,1,1,0,1,0,0.,0.,1.,1.,1.,1.,0.070115042,0.,0.,                  23P     40
0.929884958,0.,0.,0.,1.,0.,0.,1.;                                     23P     41
124,-6.04443693265875E-17,9.79171452635995E-18,1.,                    25P     42
-0.353904578329647,-0.159910833608144,-0.987131463025441,0.,          25P     43
-1.18335895101697,0.987131463025441,-0.159910833608144,               25P     44
6.12323399573677E-17,0.258675893244728;                               25P     45
100,0.353904578,0.,-0.595511154,0.1,-0.595511154,0.021978331,         27P     46
-0.497956283;                                                         27P     47
102,4,5,11,17,23;                                                     29P     48
102,4,9,15,21,27;                                                     31P     49
142,1,3,29,31,1;                                                      33P     50
144,3,1,0,33;                                                         35P     51
128,3,3,3,3,0,0,0,0,0,0.,0.,0.,0.,1.,1.,1.,1.,0.,0.,0.,0.,1.,         37P     52
1.,1.,1.,1.,0.628579287963263,0.628579287963263,1.,                   37P     53
0.333333333333333,0.209526429321088,0.209526429321088,                37P     54
0.333333333333333,0.333333333333333,0.209526429321088,                37P     55
0.209526429321088,0.333333333333333,1.,0.628579287963263,             37P     56
0.628579287963263,1.,0.,0.584175206,0.686248755,0.,0.593668496,       37P     57
0.780864999,0.,0.513041145,0.831279148,0.,0.432133158,                37P     58
0.781316625,1.372497511,0.584175206,0.686248755,1.561729998,          37P     59
0.593668496,0.780864999,1.662558296,0.513041145,0.831279148,          37P     60
1.56263325,0.432133158,0.781316625,1.372497511,0.584175206,           37P     61
-0.686248755,1.561729998,0.593668496,-0.780864999,1.662558296,        37P     62
0.513041145,-0.831279148,1.56263325,0.432133158,-0.781316625,         37P     63
0.,0.584175206,-0.686248755,0.,0.593668496,-0.780864999,0.,           37P     64
0.513041145,-0.831279148,0.,0.432133158,-0.781316625,0.,1.,0.,        37P     65
1.;                                                                   37P     66
126,1,1,1,0,1,0,0.,0.,1.,1.,1.,1.,0.945869616,0.,0.,                  39P     67
0.945869616,1.,0.,0.,1.,0.,0.,1.;                                     39P     68
124,1.40271576953299E-14,1.,0.,-0.440889925987132,                    41P     69
-6.12323399573677E-17,8.58915688636046E-31,1.,                        41P     70
0.440889925987132,1.,-1.40271576953299E-14,                           41P     71
6.12323399573677E-17,6.18443251810383E-15;                            41P     72
100,0.,0.,0.440889926,0.786136967,0.440889926,-0.786136967,           43P     73
0.440889926;                                                          43P     74
126,1,1,1,0,1,0,0.,0.,1.,1.,1.,1.,0.945869616,1.,0.,                  45P     75
0.054130384,1.,0.,0.,1.,0.,0.,1.;                                     45P     76
124,5.50508558883295E-17,2.68104965007554E-17,1.,                     47P     77
0.696232096946346,-0.437848635531843,0.899048704110575,0.,            47P     78
0.0489285480890296,-0.899048704110575,-0.437848635531843,             47P     79
6.12323399573677E-17,-0.484017901669435;                              47P     80
100,-0.696232097,0.,0.48467479,0.1,0.48467479,-0.043784864,           49P     81
0.57457966;                                                           49P     82
126,1,1,1,0,1,0,0.,0.,1.,1.,1.,1.,0.054130384,1.,0.,                  51P     83
0.054130384,0.,0.,0.,1.,0.,0.,1.;                                     51P     84
124,1.40271576953299E-14,1.,0.,-0.584674789540318,                    53P     85
-6.12323399573677E-17,8.58915688636046E-31,-1.,                       53P     86
0.584674789540318,-1.,1.40271576953299E-14,                           53P     87
6.12323399573677E-17,-8.20132547336586E-15;                           53P     88
100,0.,0.,0.58467479,0.696232097,0.58467479,-0.696232097,             55P     89
0.58467479;                                                           55P     90
126,1,1,1,0,1,0,0.,0.,1.,1.,1.,1.,0.054130384,0.,0.,                  57P     91
0.945869616,0.,0.,0.,1.,0.,0.,1.;                                     57P     92
124,3.74939945665464E-33,-6.12323399573677E-17,1.,                    59P     93
-0.696232096946346,1.,6.12323399573677E-17,0.,                        59P     94
0.484674789540318,-6.12323399573677E-17,1.,                           59P     95
6.12323399573677E-17,0.211557307406028;                               59P     96
100,0.696232097,0.,0.48467479,0.1,0.48467479,-0.043784864,            61P     97
0.57457966;                                                           61P     98
102,4,39,45,51,57;                                                    63P     99
102,4,43,49,55,61;                                                    65P    100
142,1,37,63,65,1;                                                     67P    101
144,37,1,0,67;                                                        69P    102
128,3,3,3,3,0,0,0,0,0,0.,0.,0.,0.,1.,1.,1.,1.,0.,0.,0.,0.,1.,         71P    103
1.,1.,1.,1.,0.979880461548388,0.979880461548388,1.,                   71P    104
0.333333333333333,0.32662682051613,0.32662682051613,                  71P    105
0.333333333333333,0.333333333333333,0.32662682051613,                 71P    106
0.32662682051613,0.333333333333333,1.,0.979880461548388,              71P    107
0.979880461548388,1.,0.,-0.987674998,-0.410842419,0.,                 71P    108
-0.360721003,-0.448882611,0.,0.238037023,-0.638638227,0.,             71P    109
0.772458875,-0.968655881,-0.821684837,-0.987674998,                   71P    110
-0.410842419,-0.897765223,-0.360721003,-0.448882611,                  71P    111
-1.277276455,0.238037023,-0.638638227,-1.937311762,0.772458875,       71P    112
-0.968655881,-0.821684837,-0.987674998,0.410842419,                   71P    113
-0.897765223,-0.360721003,0.448882611,-1.277276455,0.238037023,       71P    114
0.638638227,-1.937311762,0.772458875,0.968655881,0.,                  71P    115
-0.987674998,0.410842419,0.,-0.360721003,0.448882611,0.,              71P    116
0.238037023,0.638638227,0.,0.772458875,0.968655881,0.,1.,0.,1.;       71P    117
126,1,1,1,0,1,0,0.,0.,1.,1.,1.,1.,0.796022433,1.,0.,                  73P    118
0.203977567,1.,0.,0.,1.,0.,0.,1.;                                     73P    119
124,-5.50508558883291E-17,-2.68104965007562E-17,-1.,                  75P    120
4.19032237959925,0.437848635531857,-0.899048704110568,0.,             75P    121
-2.31112991249909,-0.899048704110568,-0.437848635531857,              75P    122
6.12323399573677E-17,3.65746343999742;                                75P    123
100,4.19032238,0.,-1.216993491,3.786430476,-1.216993491,              77P    124
3.625492046,-0.124810735;                                             77P    125
126,1,1,1,0,1,0,0.,0.,1.,1.,1.,1.,0.203977567,1.,0.,                  79P    126
0.203977567,0.,0.,0.,1.,0.,0.,1.;                                     79P    127
124,6.12323399573677E-17,-1.,0.,-0.611502237522345,                   81P    128
6.12323399573677E-17,3.74939945665464E-33,-1.,                        81P    129
-0.611502237522345,1.,6.12323399573677E-17,                           81P    130
6.12323399573677E-17,3.74437128926592E-17;                            81P    131
100,0.,0.,-0.611502238,0.452617725,-0.611502238,-0.452617725,         83P    132
-0.611502238;                                                         83P    133
126,1,1,1,0,1,0,0.,0.,1.,1.,1.,1.,0.203977567,0.,0.,                  85P    134
0.796022433,0.,0.,0.,1.,0.,0.,1.;                                     85P    135
124,-6.9535465336031E-15,1.12644309736963E-15,-1.,                    87P    136
-4.19032237959925,0.159910833608131,0.987131463025444,0.,             87P    137
-0.0156609257401469,0.987131463025444,-0.159910833608131,             87P    138
-7.04419501764363E-15,-4.38493282328324;                              87P    139
100,-4.19032238,0.,-1.216993491,3.786430476,-1.216993491,             89P    140
3.625492046,-0.124810735;                                             89P    141
126,1,1,1,0,1,0,0.,0.,1.,1.,1.,1.,0.796022433,0.,0.,                  91P    142
0.796022433,1.,0.,0.,1.,0.,0.,1.;                                     91P    143
124,6.12323399573677E-17,-1.,0.,0.440889925987132,                    93P    144
6.12323399573677E-17,3.74939945665464E-33,1.,0.440889925987132,       93P    145
-1.,-6.12323399573677E-17,6.12323399573677E-17,                       93P    146
2.69967218318228E-17;                                                 93P    147
100,0.,0.,0.440889926,0.786136967,0.440889926,-0.786136967,           95P    148
0.440889926;                                                          95P    149
102,4,73,79,85,91;                                                    97P    150
102,4,77,83,89,95;                                                    99P    151
142,1,71,97,99,1;                                                    101P    152
144,71,1,0,101;                                                      103P    153
128,3,3,3,3,0,0,0,0,0,0.,0.,0.,0.,1.,1.,1.,1.,0.,0.,0.,0.,1.,        105P    154
1.,1.,1.,1.,0.977549702653072,0.977549702653072,1.,                  105P    155
0.333333333333333,0.325849900884358,0.325849900884358,               105P    156
0.333333333333333,0.333333333333333,0.325849900884358,               105P    157
0.325849900884358,0.333333333333333,1.,0.977549702653072,            105P    158
0.977549702653072,1.,0.,-1.087489495,0.323238195,0.,                 105P    159
-0.39662547,0.353287386,0.,0.263240951,0.560102182,0.,               105P    160
0.847667178,0.929753423,0.646476391,-1.087489495,0.323238195,        105P    161
0.706574771,-0.39662547,0.353287386,1.120204364,0.263240951,         105P    162
0.560102182,1.859506846,0.847667178,0.929753423,0.646476391,         105P    163
-1.087489495,-0.323238195,0.706574771,-0.39662547,-0.353287386,      105P    164
1.120204364,0.263240951,-0.560102182,1.859506846,0.847667178,        105P    165
-0.929753423,0.,-1.087489495,-0.323238195,0.,-0.39662547,            105P    166
-0.353287386,0.,0.263240951,-0.560102182,0.,0.847667178,             105P    167
-0.929753423,0.,1.,0.,1.;                                            105P    168
126,1,1,1,0,1,0,0.,0.,1.,1.,1.,1.,0.806797378,0.,0.,                 107P    169
0.806797378,1.,0.,0.,1.,0.,0.,1.;                                    107P    170
124,1.40271576953299E-14,1.,0.,-0.504674789540318,                   109P    171
-6.12323399573677E-17,8.58915688636046E-31,1.,                       109P    172
0.504674789540318,1.,-1.40271576953299E-14,                          109P    173
6.12323399573677E-17,7.07915285773947E-15;                           109P    174
100,0.,0.,0.50467479,0.736103022,0.50467479,-0.736103022,            111P    175
0.50467479;                                                          111P    176
126,1,1,1,0,1,0,0.,0.,1.,1.,1.,1.,0.806797378,1.,0.,                 113P    177
0.193202622,1.,0.,0.,1.,0.,0.,1.;                                    113P    178
124,-5.47588626285257E-17,-2.74019419071878E-17,1.,                  115P    179
4.25999335766776,0.447507672028638,-0.894280092295199,0.,            115P    180
-2.38436634268764,0.894280092295199,0.447507672028638,               115P    181
6.12323399573677E-17,-3.69670694842997;                              115P    182
100,-4.259993358,0.,-1.258719,3.940477224,-1.258719,                 117P    183
3.739809463,-0.017273901;                                            117P    184
126,1,1,1,0,1,0,0.,0.,1.,1.,1.,1.,0.193202622,1.,0.,                 119P    185
0.193202622,0.,0.,0.,1.,0.,0.,1.;                                    119P    186
124,1.40271576953299E-14,1.,0.,0.695325210459682,                    121P    187
-6.12323399573677E-17,8.58915688636046E-31,-1.,                      121P    188
-0.695325210459682,-1.,1.40271576953299E-14,                         121P    189
6.12323399573677E-17,9.75343637665641E-15;                           121P    190
100,0.,0.,-0.69532521,0.36,-0.69532521,-0.36,-0.69532521;            123P    191
126,1,1,1,0,1,0,0.,0.,1.,1.,1.,1.,0.193202622,0.,0.,                 125P    192
0.806797378,0.,0.,0.,1.,0.,0.,1.;                                    125P    193
124,6.0603248171174E-17,-8.7547568645705E-18,1.,                     127P    194
-4.25999335766776,0.142976029834331,0.989726151464541,0.,            127P    195
-0.0129318883503321,-0.989726151464541,0.142976029834331,            127P    196
6.12323399573677E-17,4.43996000290396;                               127P    197
100,4.259993358,0.,-1.258719,3.940477224,-1.258719,3.739809463,      129P    198
-0.017273901;                                                        129P    199
102,4,107,113,119,125;                                               131P    200
102,4,111,117,123,129;                                               133P    201
142,1,105,131,133,1;                                                 135P    202
144,105,1,0,135;                                                     137P    203
128,1,1,1,1,0,0,1,0,0,0.,0.,1.,1.,0.,0.,1.,1.,1.,1.,1.,1.,           139P    204
-0.704586882,0.58467479,0.704586882,-0.704586882,0.58467479,         139P    205
-0.704586882,0.704586882,0.58467479,0.704586882,0.704586882,         139P    206
0.58467479,-0.704586882,0.,1.,0.,1.;                                 139P    207
126,64,2,1,0,1,0,0.,0.,0.,0.03125,0.03125,0.0625,0.0625,             141P    208
0.09375,0.09375,0.125,0.125,0.15625,0.15625,0.1875,0.1875,           141P    209
0.21875,0.21875,0.25,0.25,0.28125,0.28125,0.3125,0.3125,             141P    210
0.34375,0.34375,0.375,0.375,0.40625,0.40625,0.4375,0.4375,           141P    211
0.46875,0.46875,0.5,0.5,0.53125,0.53125,0.5625,0.5625,0.59375,       141P    212
0.59375,0.625,0.625,0.65625,0.65625,0.6875,0.6875,0.71875,           141P    213
0.71875,0.75,0.75,0.78125,0.78125,0.8125,0.8125,0.84375,             141P    214
0.84375,0.875,0.875,0.90625,0.90625,0.9375,0.9375,0.96875,           141P    215
0.96875,1.,1.,1.,1.,1.,1.,1.,1.,1.,1.,1.,1.,1.,1.,1.,1.,1.,1.,       141P    216
1.,1.,1.,1.,1.,1.,1.,1.,1.,1.,1.,1.,1.,1.,1.,1.,1.,1.,1.,1.,1.,      141P    217
1.,1.,1.,1.,1.,1.,1.,1.,1.,1.,1.,1.,1.,1.,1.,1.,1.,1.,1.,1.,1.,      141P    218
1.,1.,1.,1.,1.,1.,1.,1.,0.005928854,0.5,0.,0.005928854,              141P    219
0.475727841,0.,0.008307941,0.451572559,0.,0.010687029,               141P    220
0.427417277,0.,0.015422292,0.403611501,0.,0.020157556,               141P    221
0.379805725,0.,0.027203391,0.356578717,0.,0.034249227,               141P    222
0.333351709,0.,0.04353778,0.310927158,0.,0.052826333,                141P    223
0.288502607,0.,0.06426815,0.267096474,0.,0.075709967,                141P    224
0.245690341,0.,0.089194856,0.225508778,0.,0.102679745,               141P    225
0.205327216,0.,0.118077839,0.186564583,0.,0.133475934,               141P    226
0.16780195,0.,0.150638942,0.150638942,0.,0.16780195,                 141P    227
0.133475934,0.,0.186564583,0.118077839,0.,0.205327216,               141P    228
0.102679745,0.,0.225508778,0.089194856,0.,0.245690341,               141P    229
0.075709967,0.,0.267096474,0.06426815,0.,0.288502607,                141P    230
0.052826333,0.,0.310927158,0.04353778,0.,0.333351709,                141P    231
0.034249227,0.,0.356578717,0.027203391,0.,0.379805725,               141P    232
0.020157556,0.,0.403611501,0.015422292,0.,0.427417277,               141P    233
0.010687029,0.,0.451572559,0.008307941,0.,0.475727841,               141P    234
0.005928854,0.,0.5,0.005928854,0.,0.524272159,0.005928854,0.,        141P    235
0.548427441,0.008307941,0.,0.572582723,0.010687029,0.,               141P    236
0.596388499,0.015422292,0.,0.620194275,0.020157556,0.,               141P    237
0.643421283,0.027203391,0.,0.666648291,0.034249227,0.,               141P    238
0.689072842,0.04353778,0.,0.711497393,0.052826333,0.,                141P    239
0.732903526,0.06426815,0.,0.754309659,0.075709967,0.,                141P    240
0.774491222,0.089194856,0.,0.794672784,0.102679745,0.,               141P    241
0.813435417,0.118077839,0.,0.83219805,0.133475934,0.,                141P    242
0.849361058,0.150638942,0.,0.866524066,0.16780195,0.,                141P    243
0.881922161,0.186564583,0.,0.897320255,0.205327216,0.,               141P    244
0.910805144,0.225508778,0.,0.924290033,0.245690341,0.,               141P    245
0.93573185,0.267096474,0.,0.947173667,0.288502607,0.,                141P    246
0.95646222,0.310927158,0.,0.965750773,0.333351709,0.,                141P    247
0.972796609,0.356578717,0.,0.979842444,0.379805725,0.,               141P    248
0.984577708,0.403611501,0.,0.989312971,0.427417277,0.,               141P    249
0.991692059,0.451572559,0.,0.994071146,0.475727841,0.,               141P    250
0.994071146,0.5,0.,0.,1.,0.,0.,-1.;                                  141P    251
124,6.12323399573677E-17,-1.,0.,0.584674789540318,                   143P    252
6.12323399573677E-17,3.74939945665464E-33,-1.,                       143P    253
0.584674789540318,1.,6.12323399573677E-17,6.12323399573677E-17,      143P    254
-3.58010054776351E-17;                                               143P    255
100,0.,0.,0.58467479,0.696232097,0.58467479,-0.696232097,            145P    256
0.58467479;                                                          145P    257
126,64,2,1,0,1,0,0.,0.,0.,0.03125,0.03125,0.0625,0.0625,             147P    258
0.09375,0.09375,0.125,0.125,0.15625,0.15625,0.1875,0.1875,           147P    259
0.21875,0.21875,0.25,0.25,0.28125,0.28125,0.3125,0.3125,             147P    260
0.34375,0.34375,0.375,0.375,0.40625,0.40625,0.4375,0.4375,           147P    261
0.46875,0.46875,0.5,0.5,0.53125,0.53125,0.5625,0.5625,0.59375,       147P    262
0.59375,0.625,0.625,0.65625,0.65625,0.6875,0.6875,0.71875,           147P    263
0.71875,0.75,0.75,0.78125,0.78125,0.8125,0.8125,0.84375,             147P    264
0.84375,0.875,0.875,0.90625,0.90625,0.9375,0.9375,0.96875,           147P    265
0.96875,1.,1.,1.,1.,1.,1.,1.,1.,1.,1.,1.,1.,1.,1.,1.,1.,1.,1.,       147P    266
1.,1.,1.,1.,1.,1.,1.,1.,1.,1.,1.,1.,1.,1.,1.,1.,1.,1.,1.,1.,1.,      147P    267
1.,1.,1.,1.,1.,1.,1.,1.,1.,1.,1.,1.,1.,1.,1.,1.,1.,1.,1.,1.,1.,      147P    268
1.,1.,1.,1.,1.,1.,1.,1.,0.994071146,0.5,0.,0.994071146,              147P    269
0.524272159,0.,0.991692059,0.548427441,0.,0.989312971,               147P    270
0.572582723,0.,0.984577708,0.596388499,0.,0.979842444,               147P    271
0.620194275,0.,0.972796609,0.643421283,0.,0.965750773,               147P    272
0.666648291,0.,0.95646222,0.689072842,0.,0.947173667,                147P    273
0.711497393,0.,0.93573185,0.732903526,0.,0.924290033,                147P    274
0.754309659,0.,0.910805144,0.774491222,0.,0.897320255,               147P    275
0.794672784,0.,0.881922161,0.813435417,0.,0.866524066,               147P    276
0.83219805,0.,0.849361058,0.849361058,0.,0.83219805,                 147P    277
0.866524066,0.,0.813435417,0.881922161,0.,0.794672784,               147P    278
0.897320255,0.,0.774491222,0.910805144,0.,0.754309659,               147P    279
0.924290033,0.,0.732903526,0.93573185,0.,0.711497393,                147P    280
0.947173667,0.,0.689072842,0.95646222,0.,0.666648291,                147P    281
0.965750773,0.,0.643421283,0.972796609,0.,0.620194275,               147P    282
0.979842444,0.,0.596388499,0.984577708,0.,0.572582723,               147P    283
0.989312971,0.,0.548427441,0.991692059,0.,0.524272159,               147P    284
0.994071146,0.,0.5,0.994071146,0.,0.475727841,0.994071146,0.,        147P    285
0.451572559,0.991692059,0.,0.427417277,0.989312971,0.,               147P    286
0.403611501,0.984577708,0.,0.379805725,0.979842444,0.,               147P    287
0.356578717,0.972796609,0.,0.333351709,0.965750773,0.,               147P    288
0.310927158,0.95646222,0.,0.288502607,0.947173667,0.,                147P    289
0.267096474,0.93573185,0.,0.245690341,0.924290033,0.,                147P    290
0.225508778,0.910805144,0.,0.205327216,0.897320255,0.,               147P    291
0.186564583,0.881922161,0.,0.16780195,0.866524066,0.,                147P    292
0.150638942,0.849361058,0.,0.133475934,0.83219805,0.,                147P    293
0.118077839,0.813435417,0.,0.102679745,0.794672784,0.,               147P    294
0.089194856,0.774491222,0.,0.075709967,0.754309659,0.,               147P    295
0.06426815,0.732903526,0.,0.052826333,0.711497393,0.,                147P    296
0.04353778,0.689072842,0.,0.034249227,0.666648291,0.,                147P    297
0.027203391,0.643421283,0.,0.020157556,0.620194275,0.,               147P    298
0.015422292,0.596388499,0.,0.010687029,0.572582723,0.,               147P    299
0.008307941,0.548427441,0.,0.005928854,0.524272159,0.,               147P    300
0.005928854,0.5,0.,0.,1.,0.,0.,-1.;                                  147P    301
124,1.40271576953299E-14,1.,0.,-0.584674789540318,                   149P    302
-6.12323399573677E-17,8.58915688636046E-31,-1.,                      149P    303
0.584674789540318,-1.,1.40271576953299E-14,                          149P    304
6.12323399573677E-17,-8.20132547336586E-15;                          149P    305
100,0.,0.,0.58467479,0.696232097,0.58467479,-0.696232097,            151P    306
0.58467479;                                                          151P    307
102,2,141,147;                                                       153P    308
102,2,145,151;                                                       155P    309
142,1,139,153,155,1;                                                 157P    310
144,139,1,0,157;                                                     159P    311
128,1,1,1,1,0,0,1,0,0,0.,0.,1.,1.,0.,0.,1.,1.,1.,1.,1.,1.,           161P    312
-0.744936259,0.50467479,-0.744936259,-0.744936259,0.50467479,        161P    313
0.744936259,0.744936259,0.50467479,-0.744936259,0.744936259,         161P    314
0.50467479,0.744936259,0.,1.,0.,1.;                                  161P    315
126,64,2,1,0,1,0,0.,0.,0.,0.03125,0.03125,0.0625,0.0625,             163P    316
0.09375,0.09375,0.125,0.125,0.15625,0.15625,0.1875,0.1875,           163P    317
0.21875,0.21875,0.25,0.25,0.28125,0.28125,0.3125,0.3125,             163P    318
0.34375,0.34375,0.375,0.375,0.40625,0.40625,0.4375,0.4375,           163P    319
0.46875,0.46875,0.5,0.5,0.53125,0.53125,0.5625,0.5625,0.59375,       163P    320
0.59375,0.625,0.625,0.65625,0.65625,0.6875,0.6875,0.71875,           163P    321
0.71875,0.75,0.75,0.78125,0.78125,0.8125,0.8125,0.84375,             163P    322
0.84375,0.875,0.875,0.90625,0.90625,0.9375,0.9375,0.96875,           163P    323
0.96875,1.,1.,1.,1.,1.,1.,1.,1.,1.,1.,1.,1.,1.,1.,1.,1.,1.,1.,       163P    324
1.,1.,1.,1.,1.,1.,1.,1.,1.,1.,1.,1.,1.,1.,1.,1.,1.,1.,1.,1.,1.,      163P    325
1.,1.,1.,1.,1.,1.,1.,1.,1.,1.,1.,1.,1.,1.,1.,1.,1.,1.,1.,1.,1.,      163P    326
1.,1.,1.,1.,1.,1.,1.,1.,0.005928854,0.5,0.,0.005928854,              163P    327
0.475727841,0.,0.008307941,0.451572559,0.,0.010687029,               163P    328
0.427417277,0.,0.015422292,0.403611501,0.,0.020157556,               163P    329
0.379805725,0.,0.027203391,0.356578717,0.,0.034249227,               163P    330
0.333351709,0.,0.04353778,0.310927158,0.,0.052826333,                163P    331
0.288502607,0.,0.06426815,0.267096474,0.,0.075709967,                163P    332
0.245690341,0.,0.089194856,0.225508778,0.,0.102679745,               163P    333
0.205327216,0.,0.118077839,0.186564583,0.,0.133475934,               163P    334
0.16780195,0.,0.150638942,0.150638942,0.,0.16780195,                 163P    335
0.133475934,0.,0.186564583,0.118077839,0.,0.205327216,               163P    336
0.102679745,0.,0.225508778,0.089194856,0.,0.245690341,               163P    337
0.075709967,0.,0.267096474,0.06426815,0.,0.288502607,                163P    338
0.052826333,0.,0.310927158,0.04353778,0.,0.333351709,                163P    339
0.034249227,0.,0.356578717,0.027203391,0.,0.379805725,               163P    340
0.020157556,0.,0.403611501,0.015422292,0.,0.427417277,               163P    341
0.010687029,0.,0.451572559,0.008307941,0.,0.475727841,               163P    342
0.005928854,0.,0.5,0.005928854,0.,0.524272159,0.005928854,0.,        163P    343
0.548427441,0.008307941,0.,0.572582723,0.010687029,0.,               163P    344
0.596388499,0.015422292,0.,0.620194275,0.020157556,0.,               163P    345
0.643421283,0.027203391,0.,0.666648291,0.034249227,0.,               163P    346
0.689072842,0.04353778,0.,0.711497393,0.052826333,0.,                163P    347
0.732903526,0.06426815,0.,0.754309659,0.075709967,0.,                163P    348
0.774491222,0.089194856,0.,0.794672784,0.102679745,0.,               163P    349
0.813435417,0.118077839,0.,0.83219805,0.133475934,0.,                163P    350
0.849361058,0.150638942,0.,0.866524066,0.16780195,0.,                163P    351
0.881922161,0.186564583,0.,0.897320255,0.205327216,0.,               163P    352
0.910805144,0.225508778,0.,0.924290033,0.245690341,0.,               163P    353
0.93573185,0.267096474,0.,0.947173667,0.288502607,0.,                163P    354
0.95646222,0.310927158,0.,0.965750773,0.333351709,0.,                163P    355
0.972796609,0.356578717,0.,0.979842444,0.379805725,0.,               163P    356
0.984577708,0.403611501,0.,0.989312971,0.427417277,0.,               163P    357
0.991692059,0.451572559,0.,0.994071146,0.475727841,0.,               163P    358
0.994071146,0.5,0.,0.,1.,0.,0.,-1.;                                  163P    359
124,6.12323399573677E-17,-1.,0.,0.504674789540318,                   165P    360
6.12323399573677E-17,3.74939945665464E-33,1.,0.504674789540318,      165P    361
-1.,-6.12323399573677E-17,6.12323399573677E-17,                      165P    362
3.09024182810457E-17;                                                165P    363
100,0.,0.,0.50467479,0.736103022,0.50467479,-0.736103022,            167P    364
0.50467479;                                                          167P    365
126,64,2,1,0,1,0,0.,0.,0.,0.03125,0.03125,0.0625,0.0625,             169P    366
0.09375,0.09375,0.125,0.125,0.15625,0.15625,0.1875,0.1875,           169P    367
0.21875,0.21875,0.25,0.25,0.28125,0.28125,0.3125,0.3125,             169P    368
0.34375,0.34375,0.375,0.375,0.40625,0.40625,0.4375,0.4375,           169P    369
0.46875,0.46875,0.5,0.5,0.53125,0.53125,0.5625,0.5625,0.59375,       169P    370
0.59375,0.625,0.625,0.65625,0.65625,0.6875,0.6875,0.71875,           169P    371
0.71875,0.75,0.75,0.78125,0.78125,0.8125,0.8125,0.84375,             169P    372
0.84375,0.875,0.875,0.90625,0.90625,0.9375,0.9375,0.96875,           169P    373
0.96875,1.,1.,1.,1.,1.,1.,1.,1.,1.,1.,1.,1.,1.,1.,1.,1.,1.,1.,       169P    374
1.,1.,1.,1.,1.,1.,1.,1.,1.,1.,1.,1.,1.,1.,1.,1.,1.,1.,1.,1.,1.,      169P    375
1.,1.,1.,1.,1.,1.,1.,1.,1.,1.,1.,1.,1.,1.,1.,1.,1.,1.,1.,1.,1.,      169P    376
1.,1.,1.,1.,1.,1.,1.,1.,0.994071146,0.5,0.,0.994071146,              169P    377
0.524272159,0.,0.991692059,0.548427441,0.,0.989312971,               169P    378
0.572582723,0.,0.984577708,0.596388499,0.,0.979842444,               169P    379
0.620194275,0.,0.972796609,0.643421283,0.,0.965750773,               169P    380
0.666648291,0.,0.95646222,0.689072842,0.,0.947173667,                169P    381
0.711497393,0.,0.93573185,0.732903526,0.,0.924290033,                169P    382
0.754309659,0.,0.910805144,0.774491222,0.,0.897320255,               169P    383
0.794672784,0.,0.881922161,0.813435417,0.,0.866524066,               169P    384
0.83219805,0.,0.849361058,0.849361058,0.,0.83219805,                 169P    385
0.866524066,0.,0.813435417,0.881922161,0.,0.794672784,               169P    386
0.897320255,0.,0.774491222,0.910805144,0.,0.754309659,               169P    387
0.924290033,0.,0.732903526,0.93573185,0.,0.711497393,                169P    388
0.947173667,0.,0.689072842,0.95646222,0.,0.666648291,                169P    389
0.965750773,0.,0.643421283,0.972796609,0.,0.620194275,               169P    390
0.979842444,0.,0.596388499,0.984577708,0.,0.572582723,               169P    391
0.989312971,0.,0.548427441,0.991692059,0.,0.524272159,               169P    392
0.994071146,0.,0.5,0.994071146,0.,0.475727841,0.994071146,0.,        169P    393
0.451572559,0.991692059,0.,0.427417277,0.989312971,0.,               169P    394
0.403611501,0.984577708,0.,0.379805725,0.979842444,0.,               169P    395
0.356578717,0.972796609,0.,0.333351709,0.965750773,0.,               169P    396
0.310927158,0.95646222,0.,0.288502607,0.947173667,0.,                169P    397
0.267096474,0.93573185,0.,0.245690341,0.924290033,0.,                169P    398
0.225508778,0.910805144,0.,0.205327216,0.897320255,0.,               169P    399
0.186564583,0.881922161,0.,0.16780195,0.866524066,0.,                169P    400
0.150638942,0.849361058,0.,0.133475934,0.83219805,0.,                169P    401
0.118077839,0.813435417,0.,0.102679745,0.794672784,0.,               169P    402
0.089194856,0.774491222,0.,0.075709967,0.754309659,0.,               169P    403
0.06426815,0.732903526,0.,0.052826333,0.711497393,0.,                169P    404
0.04353778,0.689072842,0.,0.034249227,0.666648291,0.,                169P    405
0.027203391,0.643421283,0.,0.020157556,0.620194275,0.,               169P    406
0.015422292,0.596388499,0.,0.010687029,0.572582723,0.,               169P    407
0.008307941,0.548427441,0.,0.005928854,0.524272159,0.,               169P    408
0.005928854,0.5,0.,0.,1.,0.,0.,-1.;                                  169P    409
124,1.40271576953299E-14,1.,0.,-0.504674789540318,                   171P    410
-6.12323399573677E-17,8.58915688636046E-31,1.,                       171P    411
0.504674789540318,1.,-1.40271576953299E-14,                          171P    412
6.12323399573677E-17,7.07915285773947E-15;                           171P    413
100,0.,0.,0.50467479,0.736103022,0.50467479,-0.736103022,            173P    414
0.50467479;                                                          173P    415
102,2,163,169;                                                       175P    416
102,2,167,173;                                                       177P    417
142,1,161,175,177,1;                                                 179P    418
144,161,1,0,179;                                                     181P    419
128,3,3,3,3,0,0,0,0,0,0.,0.,0.,0.,1.,1.,1.,1.,0.,0.,0.,0.,1.,        183P    420
1.,1.,1.,1.,0.977549702653072,0.977549702653072,1.,                  183P    421
0.333333333333333,0.325849900884358,0.325849900884358,               183P    422
0.333333333333333,0.333333333333333,0.325849900884358,               183P    423
0.325849900884358,0.333333333333333,1.,0.977549702653072,            183P    424
0.977549702653072,1.,0.,-1.087489495,-0.323238195,0.,                183P    425
-0.39662547,-0.353287386,0.,0.263240951,-0.560102182,0.,             183P    426
0.847667178,-0.929753423,-0.646476391,-1.087489495,                  183P    427
-0.323238195,-0.706574771,-0.39662547,-0.353287386,                  183P    428
-1.120204364,0.263240951,-0.560102182,-1.859506846,0.847667178,      183P    429
-0.929753423,-0.646476391,-1.087489495,0.323238195,                  183P    430
-0.706574771,-0.39662547,0.353287386,-1.120204364,0.263240951,       183P    431
0.560102182,-1.859506846,0.847667178,0.929753423,0.,                 183P    432
-1.087489495,0.323238195,0.,-0.39662547,0.353287386,0.,              183P    433
0.263240951,0.560102182,0.,0.847667178,0.929753423,0.,1.,0.,1.;      183P    434
126,1,1,1,0,1,0,0.,0.,1.,1.,1.,1.,0.193202622,0.,0.,                 185P    435
0.806797378,0.,0.,0.,1.,0.,0.,1.;                                    185P    436
124,-6.97182402497813E-15,1.00715103700146E-15,-1.,                  187P    437
-4.25999335766776,0.142976029834331,0.989726151464541,0.,            187P    438
-0.0129318883503321,0.989726151464541,-0.142976029834331,            187P    439
-7.04419501764363E-15,-4.43996000290399;                             187P    440
100,-4.259993358,0.,-1.258719,3.940477224,-1.258719,                 189P    441
3.739809463,-0.017273901;                                            189P    442
126,1,1,1,0,1,0,0.,0.,1.,1.,1.,1.,0.806797378,0.,0.,                 191P    443
0.806797378,1.,0.,0.,1.,0.,0.,1.;                                    191P    444
124,6.12323399573677E-17,-1.,0.,0.504674789540318,                   193P    445
6.12323399573677E-17,3.74939945665464E-33,1.,0.504674789540318,      193P    446
-1.,-6.12323399573677E-17,6.12323399573677E-17,                      193P    447
3.09024182810457E-17;                                                193P    448
100,0.,0.,0.50467479,0.736103022,0.50467479,-0.736103022,            195P    449
0.50467479;                                                          195P    450
126,1,1,1,0,1,0,0.,0.,1.,1.,1.,1.,0.806797378,1.,0.,                 197P    451
0.193202622,1.,0.,0.,1.,0.,0.,1.;                                    197P    452
124,-5.47588626285257E-17,-2.74019419071878E-17,-1.,                 199P    453
4.25999335766776,0.447507672028638,-0.894280092295199,0.,            199P    454
-2.38436634268764,-0.894280092295199,-0.447507672028638,             199P    455
6.12323399573677E-17,3.69670694842997;                               199P    456
100,4.259993358,0.,-1.258719,3.940477224,-1.258719,3.739809463,      201P    457
-0.017273901;                                                        201P    458
126,1,1,1,0,1,0,0.,0.,1.,1.,1.,1.,0.193202622,1.,0.,                 203P    459
0.193202622,0.,0.,0.,1.,0.,0.,1.;                                    203P    460
124,6.12323399573677E-17,-1.,0.,-0.695325210459682,                  205P    461
6.12323399573677E-17,3.74939945665464E-33,-1.,                       205P    462
-0.695325210459682,1.,6.12323399573677E-17,                          205P    463
6.12323399573677E-17,4.25763896677954E-17;                           205P    464
100,0.,0.,-0.69532521,0.36,-0.69532521,-0.36,-0.69532521;            207P    465
102,4,185,191,197,203;                                               209P    466
102,4,189,195,201,207;                                               211P    467
142,1,183,209,211,1;                                                 213P    468
144,183,1,0,213;                                                     215P    469
128,3,3,3,3,0,0,0,0,0,0.,0.,0.,0.,1.,1.,1.,1.,0.,0.,0.,0.,1.,        217P    470
1.,1.,1.,1.,0.979880461548388,0.979880461548388,1.,                  217P    471
0.333333333333333,0.32662682051613,0.32662682051613,                 217P    472
0.333333333333333,0.333333333333333,0.32662682051613,                217P    473
0.32662682051613,0.333333333333333,1.,0.979880461548388,             217P    474
0.979880461548388,1.,0.,-0.987674998,0.410842419,0.,                 217P    475
-0.360721003,0.448882611,0.,0.238037023,0.638638227,0.,              217P    476
0.772458875,0.968655881,0.821684837,-0.987674998,0.410842419,        217P    477
0.897765223,-0.360721003,0.448882611,1.277276455,0.238037023,        217P    478
0.638638227,1.937311762,0.772458875,0.968655881,0.821684837,         217P    479
-0.987674998,-0.410842419,0.897765223,-0.360721003,                  217P    480
-0.448882611,1.277276455,0.238037023,-0.638638227,1.937311762,       217P    481
0.772458875,-0.968655881,0.,-0.987674998,-0.410842419,0.,            217P    482
-0.360721003,-0.448882611,0.,0.238037023,-0.638638227,0.,            217P    483
0.772458875,-0.968655881,0.,1.,0.,1.;                                217P    484
126,1,1,1,0,1,0,0.,0.,1.,1.,1.,1.,0.203977567,1.,0.,                 219P    485
0.203977567,0.,0.,0.,1.,0.,0.,1.;                                    219P    486
124,1.40271576953299E-14,1.,0.,0.611502237522345,                    221P    487
-6.12323399573677E-17,8.58915688636046E-31,-1.,                      221P    488
-0.611502237522345,-1.,1.40271576953299E-14,                         221P    489
6.12323399573677E-17,8.57763831677301E-15;                           221P    490
100,0.,0.,-0.611502238,0.452617725,-0.611502238,-0.452617725,        223P    491
-0.611502238;                                                        223P    492
126,1,1,1,0,1,0,0.,0.,1.,1.,1.,1.,0.203977567,0.,0.,                 225P    493
0.796022433,0.,0.,0.,1.,0.,0.,1.;                                    225P    494
124,6.04443693265877E-17,-9.7917145263591E-18,1.,                    227P    495
-4.19032237959925,0.159910833608131,0.987131463025444,0.,            227P    496
-0.0156609257401469,-0.987131463025444,0.159910833608131,            227P    497
6.12323399573677E-17,4.38493282328321;                               227P    498
100,4.19032238,0.,-1.216993491,3.786430476,-1.216993491,             229P    499
3.625492046,-0.124810735;                                            229P    500
126,1,1,1,0,1,0,0.,0.,1.,1.,1.,1.,0.796022433,0.,0.,                 231P    501
0.796022433,1.,0.,0.,1.,0.,0.,1.;                                    231P    502
124,1.40271576953299E-14,1.,0.,-0.440889925987132,                   233P    503
-6.12323399573677E-17,8.58915688636046E-31,1.,                       233P    504
0.440889925987132,1.,-1.40271576953299E-14,                          233P    505
6.12323399573677E-17,6.18443251810383E-15;                           233P    506
100,0.,0.,0.440889926,0.786136967,0.440889926,-0.786136967,          235P    507
0.440889926;                                                         235P    508
126,1,1,1,0,1,0,0.,0.,1.,1.,1.,1.,0.796022433,1.,0.,                 237P    509
0.203977567,1.,0.,0.,1.,0.,0.,1.;                                    237P    510
124,-5.50508558883291E-17,-2.68104965007562E-17,1.,                  239P    511
4.19032237959925,0.437848635531857,-0.899048704110568,0.,            239P    512
-2.3111299124991,0.899048704110568,0.437848635531857,                239P    513
6.12323399573677E-17,-3.65746343999742;                              239P    514
100,-4.19032238,0.,-1.216993491,3.786430476,-1.216993491,            241P    515
3.625492046,-0.124810735;                                            241P    516
102,4,219,225,231,237;                                               243P    517
102,4,223,229,235,241;                                               245P    518
142,1,217,243,245,1;                                                 247P    519
144,217,1,0,247;                                                     249P    520
128,3,3,3,3,0,0,0,0,0,0.,0.,0.,0.,1.,1.,1.,1.,0.,0.,0.,0.,1.,        251P    521
1.,1.,1.,1.,0.628579287963263,0.628579287963263,1.,                  251P    522
0.333333333333333,0.209526429321088,0.209526429321088,               251P    523
0.333333333333333,0.333333333333333,0.209526429321088,               251P    524
0.209526429321088,0.333333333333333,1.,0.628579287963263,            251P    525
0.628579287963263,1.,0.,0.584175206,-0.686248755,0.,                 251P    526
0.593668496,-0.780864999,0.,0.513041145,-0.831279148,0.,             251P    527
0.432133158,-0.781316625,-1.372497511,0.584175206,-0.686248755,      251P    528
-1.561729998,0.593668496,-0.780864999,-1.662558296,0.513041145,      251P    529
-0.831279148,-1.56263325,0.432133158,-0.781316625,-1.372497511,      251P    530
0.584175206,0.686248755,-1.561729998,0.593668496,0.780864999,        251P    531
-1.662558296,0.513041145,0.831279148,-1.56263325,0.432133158,        251P    532
0.781316625,0.,0.584175206,0.686248755,0.,0.593668496,               251P    533
0.780864999,0.,0.513041145,0.831279148,0.,0.432133158,               251P    534
0.781316625,0.,1.,0.,1.;                                             251P    535
126,1,1,1,0,1,0,0.,0.,1.,1.,1.,1.,0.054130384,0.,0.,                 253P    536
0.945869616,0.,0.,0.,1.,0.,0.,1.;                                    253P    537
124,-4.3133254404635E-31,7.04419501764363E-15,-1.,                   255P    538
-0.69623209694635,1.,6.12323399573677E-17,0.,0.484674789540318,      255P    539
6.12323399573677E-17,-1.,-7.04419501764363E-15,                      255P    540
-0.211557307406033;                                                  255P    541
100,-0.696232097,0.,0.48467479,0.1,0.48467479,-0.043784864,          257P    542
0.57457966;                                                          257P    543
126,1,1,1,0,1,0,0.,0.,1.,1.,1.,1.,0.945869616,0.,0.,                 259P    544
0.945869616,1.,0.,0.,1.,0.,0.,1.;                                    259P    545
124,6.12323399573677E-17,-1.,0.,0.440889925987132,                   261P    546
6.12323399573677E-17,3.74939945665464E-33,1.,0.440889925987132,      261P    547
-1.,-6.12323399573677E-17,6.12323399573677E-17,                      261P    548
2.69967218318228E-17;                                                261P    549
100,0.,0.,0.440889926,0.786136967,0.440889926,-0.786136967,          263P    550
0.440889926;                                                         263P    551
126,1,1,1,0,1,0,0.,0.,1.,1.,1.,1.,0.945869616,1.,0.,                 265P    552
0.054130384,1.,0.,0.,1.,0.,0.,1.;                                    265P    553
124,5.50508558883295E-17,2.68104965007554E-17,-1.,                   267P    554
0.696232096946346,-0.437848635531843,0.899048704110575,0.,           267P    555
0.0489285480890296,0.899048704110575,0.437848635531843,              267P    556
6.12323399573677E-17,0.484017901669435;                              267P    557
100,0.696232097,0.,0.48467479,0.1,0.48467479,-0.043784864,           269P    558
0.57457966;                                                          269P    559
126,1,1,1,0,1,0,0.,0.,1.,1.,1.,1.,0.054130384,1.,0.,                 271P    560
0.054130384,0.,0.,0.,1.,0.,0.,1.;                                    271P    561
124,6.12323399573677E-17,-1.,0.,0.584674789540318,                   273P    562
6.12323399573677E-17,3.74939945665464E-33,-1.,                       273P    563
0.584674789540318,1.,6.12323399573677E-17,6.12323399573677E-17,      273P    564
-3.58010054776351E-17;                                               273P    565
100,0.,0.,0.58467479,0.696232097,0.58467479,-0.696232097,            275P    566
0.58467479;                                                          275P    567
102,4,253,259,265,271;                                               277P    568
102,4,257,263,269,275;                                               279P    569
142,1,251,277,279,1;                                                 281P    570
144,251,1,0,281;                                                     283P    571
128,3,3,3,3,0,0,0,0,0,0.,0.,0.,0.,1.,1.,1.,1.,0.,0.,0.,0.,1.,        285P    572
1.,1.,1.,1.,0.809799648036001,0.809799648036001,1.,                  285P    573
0.333333333333333,0.269933216012,0.269933216012,                     285P    574
0.333333333333333,0.333333333333333,0.269933216012,                  285P    575
0.269933216012,0.333333333333333,1.,0.809799648036001,               285P    576
0.809799648036001,1.,0.,-0.601567478,-0.453721015,0.,                285P    577
-0.659042416,-0.450233745,0.,-0.697680617,-0.407541603,0.,           285P    578
-0.695435083,-0.35000477,-0.907442029,-0.601567478,                  285P    579
-0.453721015,-0.90046749,-0.659042416,-0.450233745,                  285P    580
-0.815083206,-0.697680617,-0.407541603,-0.70000954,                  285P    581
-0.695435083,-0.35000477,-0.907442029,-0.601567478,0.453721015,      285P    582
-0.90046749,-0.659042416,0.450233745,-0.815083206,-0.697680617,      285P    583
0.407541603,-0.70000954,-0.695435083,0.35000477,0.,                  285P    584
-0.601567478,0.453721015,0.,-0.659042416,0.450233745,0.,             285P    585
-0.697680617,0.407541603,0.,-0.695435083,0.35000477,0.,1.,0.,        285P    586
1.;                                                                  285P    587
126,1,1,1,0,1,0,0.,0.,1.,1.,1.,1.,0.070115042,0.,0.,                 287P    588
0.929884958,0.,0.,0.,1.,0.,0.,1.;                                    287P    589
124,6.95354653360309E-15,-1.12644309736973E-15,-1.,                  289P    590
-0.353904578329648,-0.159910833608144,-0.987131463025441,0.,         289P    591
-1.18335895101697,-0.987131463025441,0.159910833608144,              289P    592
-7.04419501764363E-15,-0.258675893244731;                            289P    593
100,-0.353904578,0.,-0.595511154,0.1,-0.595511154,0.021978331,       291P    594
-0.497956283;                                                        291P    595
126,1,1,1,0,1,0,0.,0.,1.,1.,1.,1.,0.929884958,0.,0.,                 293P    596
0.929884958,1.,0.,0.,1.,0.,0.,1.;                                    293P    597
124,2.83276944882399E-16,-1.,0.,-0.695325210459682,                  295P    598
6.12323399573677E-17,1.73457101911236E-32,1.,                        295P    599
-0.695325210459682,-1.,-2.83276944882399E-16,                        295P    600
6.12323399573677E-17,-1.9696960131873E-16;                           295P    601
100,0.,0.,-0.69532521,0.36,-0.69532521,-0.36,-0.69532521;            297P    602
126,1,1,1,0,1,0,0.,0.,1.,1.,1.,1.,0.929884958,1.,0.,                 299P    603
0.070115042,1.,0.,0.,1.,0.,0.,1.;                                    299P    604
124,3.73236931902088E-18,6.11184822776308E-17,-1.,                   301P    605
0.353904578329647,-0.998140562980019,0.0609542167034528,0.,          301P    606
-0.559212238221446,0.0609542167034528,0.998140562980019,             301P    607
6.12323399573677E-17,0.948308417005319;                              301P    608
100,0.353904578,0.,-0.595511154,0.1,-0.595511154,0.021978331,        303P    609
-0.497956283;                                                        303P    610
126,1,1,1,0,1,0,0.,0.,1.,1.,1.,1.,0.070115042,1.,0.,                 305P    611
0.070115042,0.,0.,0.,1.,0.,0.,1.;                                    305P    612
124,6.12323399573677E-17,-1.,0.,-0.611502237522345,                  307P    613
6.12323399573677E-17,3.74939945665464E-33,-1.,                       307P    614
-0.611502237522345,1.,6.12323399573677E-17,                          307P    615
6.12323399573677E-17,3.74437128926592E-17;                           307P    616
100,0.,0.,-0.611502238,0.452617725,-0.611502238,-0.452617725,        309P    617
-0.611502238;                                                        309P    618
102,4,287,293,299,305;                                               311P    619
102,4,291,297,303,309;                                               313P    620
142,1,285,311,313,1;                                                 315P    621
144,285,1,0,315;                                                     317P    622
128,6,60,3,2,0,0,0,0,0,0.497,0.497,0.497,0.497,0.5,0.5,0.5,1.,       319P    623
1.,1.,1.,0.,0.,0.,0.0333333333333333,0.0333333333333333,             319P    624
0.0666666666666667,0.0666666666666667,0.1,0.1,                       319P    625
0.133333333333333,0.133333333333333,0.166666666666667,               319P    626
0.166666666666667,0.2,0.2,0.233333333333333,0.233333333333333,       319P    627
0.266666666666667,0.266666666666667,0.3,0.3,0.333333333333333,       319P    628
0.333333333333333,0.366666666666667,0.366666666666667,0.4,0.4,       319P    629
0.433333333333333,0.433333333333333,0.466666666666667,               319P    630
0.466666666666667,0.5,0.5,0.533333333333333,0.533333333333333,       319P    631
0.566666666666667,0.566666666666667,0.6,0.6,0.633333333333333,       319P    632
0.633333333333333,0.666666666666667,0.666666666666667,0.7,0.7,       319P    633
0.733333333333333,0.733333333333333,0.766666666666667,               319P    634
0.766666666666667,0.8,0.8,0.833333333333333,0.833333333333333,       319P    635
0.866666666666667,0.866666666666667,0.9,0.9,0.933333333333333,       319P    636
0.933333333333333,0.966666666666667,0.966666666666667,1.,1.,1.,      319P    637
0.988072,0.992024,0.996,1.,0.333333333333333,0.333333333333333,      319P    638
1.,0.939712314168785,0.943470889521183,0.947252290229973,            319P    639
0.951056516295154,0.317018838765051,0.317018838765051,               319P    640
0.951056516295154,0.988072,0.992024,0.996,1.,0.333333333333333,      319P    641
0.333333333333333,1.,0.939712314168785,0.943470889521183,            319P    642
0.947252290229973,0.951056516295154,0.317018838765051,               319P    643
0.317018838765051,0.951056516295154,0.988072,0.992024,0.996,1.,      319P    644
0.333333333333333,0.333333333333333,1.,0.939712314168785,            319P    645
0.943470889521183,0.947252290229973,0.951056516295154,               319P    646
0.317018838765051,0.317018838765051,0.951056516295154,0.988072,      319P    647
0.992024,0.996,1.,0.333333333333333,0.333333333333333,1.,            319P    648
0.939712314168785,0.943470889521183,0.947252290229973,               319P    649
0.951056516295154,0.317018838765051,0.317018838765051,               319P    650
0.951056516295154,0.988072,0.992024,0.996,1.,0.333333333333333,      319P    651
0.333333333333333,1.,0.939712314168785,0.943470889521183,            319P    652
0.947252290229973,0.951056516295154,0.317018838765051,               319P    653
0.317018838765051,0.951056516295154,0.988072,0.992024,0.996,1.,      319P    654
0.333333333333333,0.333333333333333,1.,0.939712314168785,            319P    655
0.943470889521183,0.947252290229973,0.951056516295154,               319P    656
0.317018838765051,0.317018838765051,0.951056516295154,0.988072,      319P    657
0.992024,0.996,1.,0.333333333333333,0.333333333333333,1.,            319P    658
0.939712314168785,0.943470889521183,0.947252290229973,               319P    659
0.951056516295154,0.317018838765051,0.317018838765051,               319P    660
0.951056516295154,0.988072,0.992024,0.996,1.,0.333333333333333,      319P    661
0.333333333333333,1.,0.939712314168785,0.943470889521183,            319P    662
0.947252290229973,0.951056516295154,0.317018838765051,               319P    663
0.317018838765051,0.951056516295154,0.988072,0.992024,0.996,1.,      319P    664
0.333333333333333,0.333333333333333,1.,0.939712314168785,            319P    665
0.943470889521183,0.947252290229973,0.951056516295154,               319P    666
0.317018838765051,0.317018838765051,0.951056516295154,0.988072,      319P    667
0.992024,0.996,1.,0.333333333333333,0.333333333333333,1.,            319P    668
0.939712314168785,0.943470889521183,0.947252290229973,               319P    669
0.951056516295154,0.317018838765051,0.317018838765051,               319P    670
0.951056516295154,0.988072,0.992024,0.996,1.,0.333333333333333,      319P    671
0.333333333333333,1.,0.939712314168785,0.943470889521183,            319P    672
0.947252290229973,0.951056516295154,0.317018838765051,               319P    673
0.317018838765051,0.951056516295154,0.988072,0.992024,0.996,1.,      319P    674
0.333333333333333,0.333333333333333,1.,0.939712314168785,            319P    675
0.943470889521183,0.947252290229973,0.951056516295154,               319P    676
0.317018838765051,0.317018838765051,0.951056516295154,0.988072,      319P    677
0.992024,0.996,1.,0.333333333333333,0.333333333333333,1.,            319P    678
0.939712314168785,0.943470889521183,0.947252290229973,               319P    679
0.951056516295154,0.317018838765051,0.317018838765051,               319P    680
0.951056516295154,0.988072,0.992024,0.996,1.,0.333333333333333,      319P    681
0.333333333333333,1.,0.939712314168785,0.943470889521183,            319P    682
0.947252290229973,0.951056516295154,0.317018838765051,               319P    683
0.317018838765051,0.951056516295154,0.988072,0.992024,0.996,1.,      319P    684
0.333333333333333,0.333333333333333,1.,0.939712314168785,            319P    685
0.943470889521183,0.947252290229973,0.951056516295154,               319P    686
0.317018838765051,0.317018838765051,0.951056516295154,0.988072,      319P    687
0.992024,0.996,1.,0.333333333333333,0.333333333333333,1.,            319P    688
0.939712314168785,0.943470889521183,0.947252290229973,               319P    689
0.951056516295154,0.317018838765051,0.317018838765051,               319P    690
0.951056516295154,0.988072,0.992024,0.996,1.,0.333333333333333,      319P    691
0.333333333333333,1.,0.939712314168785,0.943470889521183,            319P    692
0.947252290229973,0.951056516295154,0.317018838765051,               319P    693
0.317018838765051,0.951056516295154,0.988072,0.992024,0.996,1.,      319P    694
0.333333333333333,0.333333333333333,1.,0.939712314168785,            319P    695
0.943470889521183,0.947252290229973,0.951056516295154,               319P    696
0.317018838765051,0.317018838765051,0.951056516295154,0.988072,      319P    697
0.992024,0.996,1.,0.333333333333333,0.333333333333333,1.,            319P    698
0.939712314168785,0.943470889521183,0.947252290229973,               319P    699
0.951056516295154,0.317018838765051,0.317018838765051,               319P    700
0.951056516295154,0.988072,0.992024,0.996,1.,0.333333333333333,      319P    701
0.333333333333333,1.,0.939712314168785,0.943470889521183,            319P    702
0.947252290229973,0.951056516295154,0.317018838765051,               319P    703
0.317018838765051,0.951056516295154,0.988072,0.992024,0.996,1.,      319P    704
0.333333333333333,0.333333333333333,1.,0.939712314168785,            319P    705
0.943470889521183,0.947252290229973,0.951056516295154,               319P    706
0.317018838765051,0.317018838765051,0.951056516295154,0.988072,      319P    707
0.992024,0.996,1.,0.333333333333333,0.333333333333333,1.,            319P    708
0.939712314168785,0.943470889521183,0.947252290229973,               319P    709
0.951056516295154,0.317018838765051,0.317018838765051,               319P    710
0.951056516295154,0.988072,0.992024,0.996,1.,0.333333333333333,      319P    711
0.333333333333333,1.,0.939712314168785,0.943470889521183,            319P    712
0.947252290229973,0.951056516295154,0.317018838765051,               319P    713
0.317018838765051,0.951056516295154,0.988072,0.992024,0.996,1.,      319P    714
0.333333333333333,0.333333333333333,1.,0.939712314168785,            319P    715
0.943470889521183,0.947252290229973,0.951056516295154,               319P    716
0.317018838765051,0.317018838765051,0.951056516295154,0.988072,      319P    717
0.992024,0.996,1.,0.333333333333333,0.333333333333333,1.,            319P    718
0.939712314168785,0.943470889521183,0.947252290229973,               319P    719
0.951056516295154,0.317018838765051,0.317018838765051,               319P    720
0.951056516295154,0.988072,0.992024,0.996,1.,0.333333333333333,      319P    721
0.333333333333333,1.,0.939712314168785,0.943470889521183,            319P    722
0.947252290229973,0.951056516295154,0.317018838765051,               319P    723
0.317018838765051,0.951056516295154,0.988072,0.992024,0.996,1.,      319P    724
0.333333333333333,0.333333333333333,1.,0.939712314168785,            319P    725
0.943470889521183,0.947252290229973,0.951056516295154,               319P    726
0.317018838765051,0.317018838765051,0.951056516295154,0.988072,      319P    727
0.992024,0.996,1.,0.333333333333333,0.333333333333333,1.,            319P    728
0.939712314168785,0.943470889521183,0.947252290229973,               319P    729
0.951056516295154,0.317018838765051,0.317018838765051,               319P    730
0.951056516295154,0.988072,0.992024,0.996,1.,0.333333333333333,      319P    731
0.333333333333333,1.,0.939712314168785,0.943470889521183,            319P    732
0.947252290229973,0.951056516295154,0.317018838765051,               319P    733
0.317018838765051,0.951056516295154,0.988072,0.992024,0.996,1.,      319P    734
0.333333333333333,0.333333333333333,1.,0.939712314168785,            319P    735
0.943470889521183,0.947252290229973,0.951056516295154,               319P    736
0.317018838765051,0.317018838765051,0.951056516295154,0.988072,      319P    737
0.992024,0.996,1.,0.333333333333333,0.333333333333333,1.,            319P    738
0.24202661,-0.955111466,-0.242037133,0.242027758,-0.955182853,       319P    739
-0.242034766,0.242029209,-0.955254103,-0.242032709,0.242030959,      319P    740
-0.95532521,-0.242030959,0.242902614,-0.990736832,-0.241159304,      319P    741
0.267957579,-0.990736832,-0.266214268,0.267085924,-0.95532521,       319P    742
-0.267085924,0.320669242,-0.951174458,-0.16339792,0.320669621,       319P    743
-0.951245846,-0.163395181,0.320670403,-0.951317095,                  319P    744
-0.163392652,0.320671585,-0.951388203,-0.163390333,0.321260022,      319P    745
-0.986799824,-0.16223546,0.354455838,-0.986799824,-0.179149573,      319P    746
0.353867401,-0.951388203,-0.180304446,0.338069498,-0.94723745,       319P    747
-0.053552482,0.338069035,-0.947308838,-0.053549892,0.338069,         319P    748
-0.947380087,-0.053547376,0.338069387,-0.947451195,                  319P    749
-0.053544931,0.338262225,-0.982862816,-0.052327401,0.373259056,      319P    750
-0.982862816,-0.057870354,0.373066218,-0.947451195,                  319P    751
-0.059087884,0.355469754,-0.943300442,0.056292957,0.35546845,        319P    752
-0.94337183,0.056295396,0.355467597,-0.943443079,0.056297901,        319P    753
0.35546719,-0.943514187,0.056300472,0.355264428,-0.978925808,        319P    754
0.057580659,0.392062274,-0.978925808,0.063408865,0.392265035,        319P    755
-0.943514187,0.062128678,0.304981328,-0.939363435,0.155387398,       319P    756
0.304979432,-0.939434822,0.15538922,0.304977924,-0.939506071,        319P    757
0.155391236,0.3049768,-0.939577179,0.155393441,0.304417163,          319P    758
-0.974988801,0.156491791,0.33598826,-0.974988801,0.172578068,        319P    759
0.336547897,-0.939577179,0.171479719,0.254492902,-0.935426427,       319P    760
0.254481838,0.254490413,-0.935497814,0.254483045,0.254488251,        319P    761
-0.935569063,0.25448457,0.25448641,-0.935640171,0.25448641,          319P    762
0.253569898,-0.971051793,0.255402923,0.279914247,-0.971051793,       319P    763
0.281747272,0.280830759,-0.935640171,0.280830759,0.155400657,        319P    764
-0.931489419,0.304974572,0.155398051,-0.931560806,0.304974932,       319P    765
0.155395647,-0.931632056,0.304975676,0.155393441,-0.931703163,       319P    766
0.3049768,0.154295091,-0.967114785,0.305536437,0.170381369,          319P    767
-0.967114785,0.337107534,0.171479719,-0.931703163,0.336547897,       319P    768
0.056308411,-0.927552411,0.355467307,0.056305689,-0.927623798,       319P    769
0.35546682,0.056303043,-0.927695048,0.355466783,0.056300472,         319P    770
-0.927766155,0.35546719,0.055020285,-0.963177777,0.355669951,        319P    771
0.060848491,-0.963177777,0.392467797,0.062128678,-0.927766155,       319P    772
0.392265035,-0.053537784,-0.923615403,0.338071826,-0.053540103,      319P    773
-0.92368679,0.338070586,-0.053542486,-0.92375804,0.338069774,        319P    774
-0.053544931,-0.923829147,0.338069387,-0.054762461,                  319P    775
-0.959240769,0.337876549,-0.060305414,-0.959240769,0.37287338,       319P    776
-0.059087884,-0.923829147,0.373066218,-0.163383979,                  319P    777
-0.919678395,0.320676346,-0.163385895,-0.919749783,0.320674352,      319P    778
-0.163388014,-0.919821032,0.320672766,-0.163390333,-0.91989214,      319P    779
0.320671585,-0.164545206,-0.955303761,0.320083147,-0.18145932,       319P    780
-0.955303761,0.353278963,-0.180304446,-0.91989214,0.353867401,       319P    781
-0.24202661,-0.915741387,0.242037133,-0.242027758,-0.915812775,      319P    782
0.242034766,-0.242029209,-0.915884024,0.242032709,-0.242030959,      319P    783
-0.915955132,0.242030959,-0.242902614,-0.951366753,0.241159304,      319P    784
-0.267957579,-0.951366753,0.266214268,-0.267085924,                  319P    785
-0.915955132,0.267085924,-0.320669242,-0.911804379,0.16339792,       319P    786
-0.320669621,-0.911875767,0.163395181,-0.320670403,                  319P    787
-0.911947016,0.163392652,-0.320671585,-0.912018124,0.163390333,      319P    788
-0.321260022,-0.947429745,0.16223546,-0.354455838,-0.947429745,      319P    789
0.179149573,-0.353867401,-0.912018124,0.180304446,-0.338069498,      319P    790
-0.907867372,0.053552482,-0.338069035,-0.907938759,0.053549892,      319P    791
-0.338069,-0.908010008,0.053547376,-0.338069387,-0.908081116,        319P    792
0.053544931,-0.338262225,-0.943492738,0.052327401,-0.373259056,      319P    793
-0.943492738,0.057870354,-0.373066218,-0.908081116,0.059087884,      319P    794
-0.355469754,-0.903930364,-0.056292957,-0.35546845,                  319P    795
-0.904001751,-0.056295396,-0.355467597,-0.904073,-0.056297901,       319P    796
-0.35546719,-0.904144108,-0.056300472,-0.355264428,-0.93955573,      319P    797
-0.057580659,-0.392062274,-0.93955573,-0.063408865,                  319P    798
-0.392265035,-0.904144108,-0.062128678,-0.304981328,                 319P    799
-0.899993356,-0.155387398,-0.304979432,-0.900064743,                 319P    800
-0.15538922,-0.304977924,-0.900135993,-0.155391236,-0.3049768,       319P    801
-0.9002071,-0.155393441,-0.304417163,-0.935618722,-0.156491791,      319P    802
-0.33598826,-0.935618722,-0.172578068,-0.336547897,-0.9002071,       319P    803
-0.171479719,-0.254492902,-0.896056348,-0.254481838,                 319P    804
-0.254490413,-0.896127735,-0.254483045,-0.254488251,                 319P    805
-0.896198985,-0.25448457,-0.25448641,-0.896270092,-0.25448641,       319P    806
-0.253569898,-0.931681714,-0.255402923,-0.279914247,                 319P    807
-0.931681714,-0.281747272,-0.280830759,-0.896270092,                 319P    808
-0.280830759,-0.155400657,-0.89211934,-0.304974572,                  319P    809
-0.155398051,-0.892190727,-0.304974932,-0.155395647,                 319P    810
-0.892261977,-0.304975676,-0.155393441,-0.892333084,-0.3049768,      319P    811
-0.154295091,-0.927744706,-0.305536437,-0.170381369,                 319P    812
-0.927744706,-0.337107534,-0.171479719,-0.892333084,                 319P    813
-0.336547897,-0.056308411,-0.888182332,-0.355467307,                 319P    814
-0.056305689,-0.88825372,-0.35546682,-0.056303043,-0.888324969,      319P    815
-0.355466783,-0.056300472,-0.888396077,-0.35546719,                  319P    816
-0.055020285,-0.923807698,-0.355669951,-0.060848491,                 319P    817
-0.923807698,-0.392467797,-0.062128678,-0.888396077,                 319P    818
-0.392265035,0.053537784,-0.884245324,-0.338071826,0.053540103,      319P    819
-0.884316712,-0.338070586,0.053542486,-0.884387961,                  319P    820
-0.338069774,0.053544931,-0.884459069,-0.338069387,0.054762461,      319P    821
-0.91987069,-0.337876549,0.060305414,-0.91987069,-0.37287338,        319P    822
0.059087884,-0.884459069,-0.373066218,0.163383979,-0.880308316,      319P    823
-0.320676346,0.163385895,-0.880379704,-0.320674352,0.163388014,      319P    824
-0.880450953,-0.320672766,0.163390333,-0.880522061,                  319P    825
-0.320671585,0.164545206,-0.915933682,-0.320083147,0.18145932,       319P    826
-0.915933682,-0.353278963,0.180304446,-0.880522061,                  319P    827
-0.353867401,0.24202661,-0.876371309,-0.242037133,0.242027758,       319P    828
-0.876442696,-0.242034766,0.242029209,-0.876513945,                  319P    829
-0.242032709,0.242030959,-0.876585053,-0.242030959,0.242902614,      319P    830
-0.911996675,-0.241159304,0.267957579,-0.911996675,                  319P    831
-0.266214268,0.267085924,-0.876585053,-0.267085924,0.320669242,      319P    832
-0.872434301,-0.16339792,0.320669621,-0.872505688,-0.163395181,      319P    833
0.320670403,-0.872576937,-0.163392652,0.320671585,-0.872648045,      319P    834
-0.163390333,0.321260022,-0.908059667,-0.16223546,0.354455838,       319P    835
-0.908059667,-0.179149573,0.353867401,-0.872648045,                  319P    836
-0.180304446,0.338069498,-0.868497293,-0.053552482,0.338069035,      319P    837
-0.86856868,-0.053549892,0.338069,-0.86863993,-0.053547376,          319P    838
0.338069387,-0.868711037,-0.053544931,0.338262225,-0.904122659,      319P    839
-0.052327401,0.373259056,-0.904122659,-0.057870354,0.373066218,      319P    840
-0.868711037,-0.059087884,0.355469754,-0.864560285,0.056292957,      319P    841
0.35546845,-0.864631672,0.056295396,0.355467597,-0.864702922,        319P    842
0.056297901,0.35546719,-0.864774029,0.056300472,0.355264428,         319P    843
-0.900185651,0.057580659,0.392062274,-0.900185651,0.063408865,       319P    844
0.392265035,-0.864774029,0.062128678,0.304981328,-0.860623277,       319P    845
0.155387398,0.304979432,-0.860694664,0.15538922,0.304977924,         319P    846
-0.860765914,0.155391236,0.3049768,-0.860837021,0.155393441,         319P    847
0.304417163,-0.896248643,0.156491791,0.33598826,-0.896248643,        319P    848
0.172578068,0.336547897,-0.860837021,0.171479719,0.254492902,        319P    849
-0.856686269,0.254481838,0.254490413,-0.856757657,0.254483045,       319P    850
0.254488251,-0.856828906,0.25448457,0.25448641,-0.856900014,         319P    851
0.25448641,0.253569898,-0.892311635,0.255402923,0.279914247,         319P    852
-0.892311635,0.281747272,0.280830759,-0.856900014,0.280830759,       319P    853
0.155400657,-0.852749261,0.304974572,0.155398051,-0.852820649,       319P    854
0.304974932,0.155395647,-0.852891898,0.304975676,0.155393441,        319P    855
-0.852963006,0.3049768,0.154295091,-0.888374627,0.305536437,         319P    856
0.170381369,-0.888374627,0.337107534,0.171479719,-0.852963006,       319P    857
0.336547897,0.056308411,-0.848812253,0.355467307,0.056305689,        319P    858
-0.848883641,0.35546682,0.056303043,-0.84895489,0.355466783,         319P    859
0.056300472,-0.849025998,0.35546719,0.055020285,-0.884437619,        319P    860
0.355669951,0.060848491,-0.884437619,0.392467797,0.062128678,        319P    861
-0.849025998,0.392265035,-0.053537784,-0.844875246,0.338071826,      319P    862
-0.053540103,-0.844946633,0.338070586,-0.053542486,                  319P    863
-0.845017882,0.338069774,-0.053544931,-0.84508899,0.338069387,       319P    864
-0.054762461,-0.880500612,0.337876549,-0.060305414,                  319P    865
-0.880500612,0.37287338,-0.059087884,-0.84508899,0.373066218,        319P    866
-0.163383979,-0.840938238,0.320676346,-0.163385895,                  319P    867
-0.841009625,0.320674352,-0.163388014,-0.841080874,0.320672766,      319P    868
-0.163390333,-0.841151982,0.320671585,-0.164545206,                  319P    869
-0.876563604,0.320083147,-0.18145932,-0.876563604,0.353278963,       319P    870
-0.180304446,-0.841151982,0.353867401,-0.24202661,-0.83700123,       319P    871
0.242037133,-0.242027758,-0.837072617,0.242034766,-0.242029209,      319P    872
-0.837143867,0.242032709,-0.242030959,-0.837214974,0.242030959,      319P    873
-0.242902614,-0.872626596,0.241159304,-0.267957579,                  319P    874
-0.872626596,0.266214268,-0.267085924,-0.837214974,0.267085924,      319P    875
-0.320669242,-0.833064222,0.16339792,-0.320669621,-0.833135609,      319P    876
0.163395181,-0.320670403,-0.833206859,0.163392652,-0.320671585,      319P    877
-0.833277966,0.163390333,-0.321260022,-0.868689588,0.16223546,       319P    878
-0.354455838,-0.868689588,0.179149573,-0.353867401,                  319P    879
-0.833277966,0.180304446,-0.338069498,-0.829127214,0.053552482,      319P    880
-0.338069035,-0.829198602,0.053549892,-0.338069,-0.829269851,        319P    881
0.053547376,-0.338069387,-0.829340958,0.053544931,-0.338262225,      319P    882
-0.86475258,0.052327401,-0.373259056,-0.86475258,0.057870354,        319P    883
-0.373066218,-0.829340958,0.059087884,-0.355469754,                  319P    884
-0.825190206,-0.056292957,-0.35546845,-0.825261594,                  319P    885
-0.056295396,-0.355467597,-0.825332843,-0.056297901,                 319P    886
-0.35546719,-0.825403951,-0.056300472,-0.355264428,                  319P    887
-0.860815572,-0.057580659,-0.392062274,-0.860815572,                 319P    888
-0.063408865,-0.392265035,-0.825403951,-0.062128678,                 319P    889
-0.304981328,-0.821253198,-0.155387398,-0.304979432,                 319P    890
-0.821324586,-0.15538922,-0.304977924,-0.821395835,                  319P    891
-0.155391236,-0.3049768,-0.821466943,-0.155393441,-0.304417163,      319P    892
-0.856878564,-0.156491791,-0.33598826,-0.856878564,                  319P    893
-0.172578068,-0.336547897,-0.821466943,-0.171479719,                 319P    894
-0.254492902,-0.81731619,-0.254481838,-0.254490413,                  319P    895
-0.817387578,-0.254483045,-0.254488251,-0.817458827,                 319P    896
-0.25448457,-0.25448641,-0.817529935,-0.25448641,-0.253569898,       319P    897
-0.852941556,-0.255402923,-0.279914247,-0.852941556,                 319P    898
-0.281747272,-0.280830759,-0.817529935,-0.280830759,                 319P    899
-0.155400657,-0.813379183,-0.304974572,-0.155398051,                 319P    900
-0.81345057,-0.304974932,-0.155395647,-0.813521819,                  319P    901
-0.304975676,-0.155393441,-0.813592927,-0.3049768,-0.154295091,      319P    902
-0.849004549,-0.305536437,-0.170381369,-0.849004549,                 319P    903
-0.337107534,-0.171479719,-0.813592927,-0.336547897,                 319P    904
-0.056308411,-0.809442175,-0.355467307,-0.056305689,                 319P    905
-0.809513562,-0.35546682,-0.056303043,-0.809584811,                  319P    906
-0.355466783,-0.056300472,-0.809655919,-0.35546719,                  319P    907
-0.055020285,-0.845067541,-0.355669951,-0.060848491,                 319P    908
-0.845067541,-0.392467797,-0.062128678,-0.809655919,                 319P    909
-0.392265035,0.053537784,-0.805505167,-0.338071826,0.053540103,      319P    910
-0.805576554,-0.338070586,0.053542486,-0.805647804,                  319P    911
-0.338069774,0.053544931,-0.805718911,-0.338069387,0.054762461,      319P    912
-0.841130533,-0.337876549,0.060305414,-0.841130533,-0.37287338,      319P    913
0.059087884,-0.805718911,-0.373066218,0.163383979,-0.801568159,      319P    914
-0.320676346,0.163385895,-0.801639546,-0.320674352,0.163388014,      319P    915
-0.801710796,-0.320672766,0.163390333,-0.801781903,                  319P    916
-0.320671585,0.164545206,-0.837193525,-0.320083147,0.18145932,       319P    917
-0.837193525,-0.353278963,0.180304446,-0.801781903,                  319P    918
-0.353867401,0.24202661,-0.797631151,-0.242037133,0.242027758,       319P    919
-0.797702539,-0.242034766,0.242029209,-0.797773788,                  319P    920
-0.242032709,0.242030959,-0.797844895,-0.242030959,0.242902614,      319P    921
-0.833256517,-0.241159304,0.267957579,-0.833256517,                  319P    922
-0.266214268,0.267085924,-0.797844895,-0.267085924,0.320669242,      319P    923
-0.793694143,-0.16339792,0.320669621,-0.793765531,-0.163395181,      319P    924
0.320670403,-0.79383678,-0.163392652,0.320671585,-0.793907888,       319P    925
-0.163390333,0.321260022,-0.829319509,-0.16223546,0.354455838,       319P    926
-0.829319509,-0.179149573,0.353867401,-0.793907888,                  319P    927
-0.180304446,0.338069498,-0.789757135,-0.053552482,0.338069035,      319P    928
-0.789828523,-0.053549892,0.338069,-0.789899772,-0.053547376,        319P    929
0.338069387,-0.78997088,-0.053544931,0.338262225,-0.825382501,       319P    930
-0.052327401,0.373259056,-0.825382501,-0.057870354,0.373066218,      319P    931
-0.78997088,-0.059087884,0.355469754,-0.785820127,0.056292957,       319P    932
0.35546845,-0.785891515,0.056295396,0.355467597,-0.785962764,        319P    933
0.056297901,0.35546719,-0.786033872,0.056300472,0.355264428,         319P    934
-0.821445493,0.057580659,0.392062274,-0.821445493,0.063408865,       319P    935
0.392265035,-0.786033872,0.062128678,0.304981328,-0.78188312,        319P    936
0.155387398,0.304979432,-0.781954507,0.15538922,0.304977924,         319P    937
-0.782025756,0.155391236,0.3049768,-0.782096864,0.155393441,         319P    938
0.304417163,-0.817508486,0.156491791,0.33598826,-0.817508486,        319P    939
0.172578068,0.336547897,-0.782096864,0.171479719,0.254492902,        319P    940
-0.777946112,0.254481838,0.254490413,-0.778017499,0.254483045,       319P    941
0.254488251,-0.778088748,0.25448457,0.25448641,-0.778159856,         319P    942
0.25448641,0.253569898,-0.813571478,0.255402923,0.279914247,         319P    943
-0.813571478,0.281747272,0.280830759,-0.778159856,0.280830759,       319P    944
0.155400657,-0.774009104,0.304974572,0.155398051,-0.774080491,       319P    945
0.304974932,0.155395647,-0.774151741,0.304975676,0.155393441,        319P    946
-0.774222848,0.3049768,0.154295091,-0.80963447,0.305536437,          319P    947
0.170381369,-0.80963447,0.337107534,0.171479719,-0.774222848,        319P    948
0.336547897,0.056308411,-0.770072096,0.355467307,0.056305689,        319P    949
-0.770143483,0.35546682,0.056303043,-0.770214733,0.355466783,        319P    950
0.056300472,-0.77028584,0.35546719,0.055020285,-0.805697462,         319P    951
0.355669951,0.060848491,-0.805697462,0.392467797,0.062128678,        319P    952
-0.77028584,0.392265035,-0.053537784,-0.766135088,0.338071826,       319P    953
-0.053540103,-0.766206476,0.338070586,-0.053542486,                  319P    954
-0.766277725,0.338069774,-0.053544931,-0.766348833,0.338069387,      319P    955
-0.054762461,-0.801760454,0.337876549,-0.060305414,                  319P    956
-0.801760454,0.37287338,-0.059087884,-0.766348833,0.373066218,       319P    957
-0.163383979,-0.76219808,0.320676346,-0.163385895,-0.762269468,      319P    958
0.320674352,-0.163388014,-0.762340717,0.320672766,-0.163390333,      319P    959
-0.762411825,0.320671585,-0.164545206,-0.797823446,0.320083147,      319P    960
-0.18145932,-0.797823446,0.353278963,-0.180304446,-0.762411825,      319P    961
0.353867401,-0.24202661,-0.758261072,0.242037133,-0.242027758,       319P    962
-0.75833246,0.242034766,-0.242029209,-0.758403709,0.242032709,       319P    963
-0.242030959,-0.758474817,0.242030959,-0.242902614,                  319P    964
-0.793886438,0.241159304,-0.267957579,-0.793886438,0.266214268,      319P    965
-0.267085924,-0.758474817,0.267085924,-0.320669242,                  319P    966
-0.754324064,0.16339792,-0.320669621,-0.754395452,0.163395181,       319P    967
-0.320670403,-0.754466701,0.163392652,-0.320671585,                  319P    968
-0.754537809,0.163390333,-0.321260022,-0.789949431,0.16223546,       319P    969
-0.354455838,-0.789949431,0.179149573,-0.353867401,                  319P    970
-0.754537809,0.180304446,-0.338069498,-0.750387057,0.053552482,      319P    971
-0.338069035,-0.750458444,0.053549892,-0.338069,-0.750529693,        319P    972
0.053547376,-0.338069387,-0.750600801,0.053544931,-0.338262225,      319P    973
-0.786012423,0.052327401,-0.373259056,-0.786012423,0.057870354,      319P    974
-0.373066218,-0.750600801,0.059087884,-0.355469754,                  319P    975
-0.746450049,-0.056292957,-0.35546845,-0.746521436,                  319P    976
-0.056295396,-0.355467597,-0.746592685,-0.056297901,                 319P    977
-0.35546719,-0.746663793,-0.056300472,-0.355264428,                  319P    978
-0.782075415,-0.057580659,-0.392062274,-0.782075415,                 319P    979
-0.063408865,-0.392265035,-0.746663793,-0.062128678,                 319P    980
-0.304981328,-0.742513041,-0.155387398,-0.304979432,                 319P    981
-0.742584428,-0.15538922,-0.304977924,-0.742655678,                  319P    982
-0.155391236,-0.3049768,-0.742726785,-0.155393441,-0.304417163,      319P    983
-0.778138407,-0.156491791,-0.33598826,-0.778138407,                  319P    984
-0.172578068,-0.336547897,-0.742726785,-0.171479719,                 319P    985
-0.254492902,-0.738576033,-0.254481838,-0.254490413,                 319P    986
-0.73864742,-0.254483045,-0.254488251,-0.73871867,-0.25448457,       319P    987
-0.25448641,-0.738789777,-0.25448641,-0.253569898,-0.774201399,      319P    988
-0.255402923,-0.279914247,-0.774201399,-0.281747272,                 319P    989
-0.280830759,-0.738789777,-0.280830759,-0.155400657,                 319P    990
-0.734639025,-0.304974572,-0.155398051,-0.734710413,                 319P    991
-0.304974932,-0.155395647,-0.734781662,-0.304975676,                 319P    992
-0.155393441,-0.73485277,-0.3049768,-0.154295091,-0.770264391,       319P    993
-0.305536437,-0.170381369,-0.770264391,-0.337107534,                 319P    994
-0.171479719,-0.73485277,-0.336547897,-0.056308411,                  319P    995
-0.730702017,-0.355467307,-0.056305689,-0.730773405,                 319P    996
-0.35546682,-0.056303043,-0.730844654,-0.355466783,                  319P    997
-0.056300472,-0.730915762,-0.35546719,-0.055020285,                  319P    998
-0.766327383,-0.355669951,-0.060848491,-0.766327383,                 319P    999
-0.392467797,-0.062128678,-0.730915762,-0.392265035,                 319P   1000
0.053537784,-0.726765009,-0.338071826,0.053540103,-0.726836397,      319P   1001
-0.338070586,0.053542486,-0.726907646,-0.338069774,0.053544931,      319P   1002
-0.726978754,-0.338069387,0.054762461,-0.762390375,                  319P   1003
-0.337876549,0.060305414,-0.762390375,-0.37287338,0.059087884,       319P   1004
-0.726978754,-0.373066218,0.163383979,-0.722828001,                  319P   1005
-0.320676346,0.163385895,-0.722899389,-0.320674352,0.163388014,      319P   1006
-0.722970638,-0.320672766,0.163390333,-0.723041746,                  319P   1007
-0.320671585,0.164545206,-0.758453368,-0.320083147,0.18145932,       319P   1008
-0.758453368,-0.353278963,0.180304446,-0.723041746,                  319P   1009
-0.353867401,0.24202661,-0.718890994,-0.242037133,0.242027758,       319P   1010
-0.718962381,-0.242034766,0.242029209,-0.71903363,-0.242032709,      319P   1011
0.242030959,-0.719104738,-0.242030959,0.242902614,-0.75451636,       319P   1012
-0.241159304,0.267957579,-0.75451636,-0.266214268,0.267085924,       319P   1013
-0.719104738,-0.267085924,0.497,1.,0.,1.;                            319P   1014
126,1,1,1,0,1,0,0.,0.,1.,1.,1.,1.,0.5,0.,0.,1.,0.,0.,0.,1.,0.,       321P   1015
0.,1.;                                                               321P   1016
124,-0.707106781186549,0.0246000468532056,0.706678737259597,         323P   1017
0.637950523969693,-1.72188652225458E-14,-0.999394654473217,          323P   1018
0.0347897198947998,-1.90121610220943,0.707106781186546,              323P   1019
0.0246000468531813,0.7066787372596,-0.231166358484644;               323P   1020
100,-0.254558441,0.254558441,-0.95532521,0.272274977,                325P   1021
-0.95532521,0.236841906,-0.95532521;                                 325P   1022
126,1,1,1,0,1,0,0.,0.,1.,1.,1.,1.,1.,0.,0.,1.,1.,0.,0.,1.,0.,        327P   1023
0.,1.;                                                               327P   1024
126,60,2,0,0,0,0,0.,0.,0.,0.0333333333333333,                        329P   1025
0.0333333333333333,0.0666666666666667,0.0666666666666667,0.1,        329P   1026
0.1,0.133333333333333,0.133333333333333,0.166666666666667,           329P   1027
0.166666666666667,0.2,0.2,0.233333333333333,0.233333333333333,       329P   1028
0.266666666666667,0.266666666666667,0.3,0.3,0.333333333333333,       329P   1029
0.333333333333333,0.366666666666667,0.366666666666667,0.4,0.4,       329P   1030
0.433333333333333,0.433333333333333,0.466666666666667,               329P   1031
0.466666666666667,0.5,0.5,0.533333333333333,0.533333333333333,       329P   1032
0.566666666666667,0.566666666666667,0.6,0.6,0.633333333333333,       329P   1033
0.633333333333333,0.666666666666667,0.666666666666667,0.7,0.7,       329P   1034
0.733333333333333,0.733333333333333,0.766666666666667,               329P   1035
0.766666666666667,0.8,0.8,0.833333333333333,0.833333333333333,       329P   1036
0.866666666666667,0.866666666666667,0.9,0.9,0.933333333333333,       329P   1037
0.933333333333333,0.966666666666667,0.966666666666667,1.,1.,1.,      329P   1038
1.,0.951056516295154,1.,0.951056516295154,1.,0.951056516295154,      329P   1039
1.,0.951056516295154,1.,0.951056516295154,1.,0.951056516295154,      329P   1040
1.,0.951056516295154,1.,0.951056516295154,1.,0.951056516295154,      329P   1041
1.,0.951056516295154,1.,0.951056516295154,1.,0.951056516295154,      329P   1042
1.,0.951056516295154,1.,0.951056516295154,1.,0.951056516295154,      329P   1043
1.,0.951056516295154,1.,0.951056516295154,1.,0.951056516295154,      329P   1044
1.,0.951056516295154,1.,0.951056516295154,1.,0.951056516295154,      329P   1045
1.,0.951056516295154,1.,0.951056516295154,1.,0.951056516295154,      329P   1046
1.,0.951056516295154,1.,0.951056516295154,1.,0.951056516295154,      329P   1047
1.,0.951056516295154,1.,0.951056516295154,1.,0.951056516295154,      329P   1048
1.,0.267085924,-0.95532521,-0.267085924,0.353867401,                 329P   1049
-0.951388203,-0.180304446,0.373066218,-0.947451195,                  329P   1050
-0.059087884,0.392265035,-0.943514187,0.062128678,0.336547897,       329P   1051
-0.939577179,0.171479719,0.280830759,-0.935640171,0.280830759,       329P   1052
0.171479719,-0.931703163,0.336547897,0.062128678,-0.927766155,       329P   1053
0.392265035,-0.059087884,-0.923829147,0.373066218,-0.180304446,      329P   1054
-0.91989214,0.353867401,-0.267085924,-0.915955132,0.267085924,       329P   1055
-0.353867401,-0.912018124,0.180304446,-0.373066218,                  329P   1056
-0.908081116,0.059087884,-0.392265035,-0.904144108,                  329P   1057
-0.062128678,-0.336547897,-0.9002071,-0.171479719,-0.280830759,      329P   1058
-0.896270092,-0.280830759,-0.171479719,-0.892333084,                 329P   1059
-0.336547897,-0.062128678,-0.888396077,-0.392265035,                 329P   1060
0.059087884,-0.884459069,-0.373066218,0.180304446,-0.880522061,      329P   1061
-0.353867401,0.267085924,-0.876585053,-0.267085924,0.353867401,      329P   1062
-0.872648045,-0.180304446,0.373066218,-0.868711037,                  329P   1063
-0.059087884,0.392265035,-0.864774029,0.062128678,0.336547897,       329P   1064
-0.860837021,0.171479719,0.280830759,-0.856900014,0.280830759,       329P   1065
0.171479719,-0.852963006,0.336547897,0.062128678,-0.849025998,       329P   1066
0.392265035,-0.059087884,-0.84508899,0.373066218,-0.180304446,       329P   1067
-0.841151982,0.353867401,-0.267085924,-0.837214974,0.267085924,      329P   1068
-0.353867401,-0.833277966,0.180304446,-0.373066218,                  329P   1069
-0.829340958,0.059087884,-0.392265035,-0.825403951,                  329P   1070
-0.062128678,-0.336547897,-0.821466943,-0.171479719,                 329P   1071
-0.280830759,-0.817529935,-0.280830759,-0.171479719,                 329P   1072
-0.813592927,-0.336547897,-0.062128678,-0.809655919,                 329P   1073
-0.392265035,0.059087884,-0.805718911,-0.373066218,0.180304446,      329P   1074
-0.801781903,-0.353867401,0.267085924,-0.797844895,                  329P   1075
-0.267085924,0.353867401,-0.793907888,-0.180304446,0.373066218,      329P   1076
-0.78997088,-0.059087884,0.392265035,-0.786033872,0.062128678,       329P   1077
0.336547897,-0.782096864,0.171479719,0.280830759,-0.778159856,       329P   1078
0.280830759,0.171479719,-0.774222848,0.336547897,0.062128678,        329P   1079
-0.77028584,0.392265035,-0.059087884,-0.766348833,0.373066218,       329P   1080
-0.180304446,-0.762411825,0.353867401,-0.267085924,                  329P   1081
-0.758474817,0.267085924,-0.353867401,-0.754537809,0.180304446,      329P   1082
-0.373066218,-0.750600801,0.059087884,-0.392265035,                  329P   1083
-0.746663793,-0.062128678,-0.336547897,-0.742726785,                 329P   1084
-0.171479719,-0.280830759,-0.738789777,-0.280830759,                 329P   1085
-0.171479719,-0.73485277,-0.336547897,-0.062128678,                  329P   1086
-0.730915762,-0.392265035,0.059087884,-0.726978754,                  329P   1087
-0.373066218,0.180304446,-0.723041746,-0.353867401,0.267085924,      329P   1088
-0.719104738,-0.267085924,0.,1.,-0.015304452,0.999431624,            329P   1089
-0.030036678;                                                        329P   1090
126,1,1,1,0,1,0,0.,0.,1.,1.,1.,1.,1.,1.,0.,0.74958578,1.,0.,0.,      331P   1091
1.,0.,0.,1.;                                                         331P   1092
124,0.707106781186554,0.0246000468531818,-0.706678737259592,         333P   1093
-0.0876425863304156,-1.5931700403371E-14,-0.999394654473217,         333P   1094
-0.0347897198947994,-1.44663018606817,-0.707106781186541,            333P   1095
0.0246000468532047,-0.706678737259605,-0.236759468784716;            333P   1096
100,-0.254558441,0.254558441,-0.719104738,0.272274977,               335P   1097
-0.719104738,0.254499733,-0.7013883;                                 335P   1098
126,1,1,1,0,1,0,0.,0.,1.,1.,1.,1.,0.74958578,1.,0.,0.74958578,       337P   1099
0.95819107,0.,0.,1.,0.,0.,1.;                                        337P   1100
126,4,2,1,0,0,0,0.,0.,0.,0.0333333333333333,0.0333333333333333,      339P   1101
0.0418089301144655,0.0418089301144655,0.0418089301144655,            339P   1102
0.50000137262589,0.475529563592374,0.50000137262589,                 339P   1103
0.493778977049702,0.490720892428502,0.254952753,-0.736810452,        339P   1104
-0.254081103,0.172396799,-0.740747459,-0.336920274,0.056915985,      339P   1105
-0.744684467,-0.355413399,0.02863814,-0.745648524,-0.35994182,       339P   1106
0.,-0.746649984,-0.35994182,0.,0.0418089301144655,0.031490597,       339P   1107
-0.999374157,0.016113242;                                            339P   1108
126,1,1,1,0,1,0,0.,0.,1.,1.,1.,1.,0.74958578,0.95819107,0.,          341P   1109
0.74958578,0.791524403,0.,0.,1.,0.,0.,1.;                            341P   1110
126,12,2,1,0,0,0,0.0418089301144655,0.0418089301144655,              343P   1111
0.0418089301144655,0.0666666666666667,0.0666666666666667,0.1,        343P   1112
0.1,0.133333333333333,0.133333333333333,0.166666666666667,           343P   1113
0.166666666666667,0.2,0.2,0.208475596781132,0.208475596781132,       343P   1114
0.208475596781132,0.490720892428502,0.481751959168563,               343P   1115
0.50000137262589,0.475529563592374,0.50000137262589,                 343P   1116
0.475529563592374,0.50000137262589,0.475529563592374,                343P   1117
0.50000137262589,0.475529563592374,0.50000137262589,                 343P   1118
0.493778977049702,0.490720892428502,0.,-0.746649984,                 343P   1119
-0.35994182,-0.086088515,-0.749660451,-0.35994182,-0.162860755,      343P   1120
-0.752558483,-0.320989856,-0.267156682,-0.756495491,                 343P   1121
-0.268073189,-0.320430222,-0.760432499,-0.163959099,                 343P   1122
-0.373703763,-0.764369507,-0.059845008,-0.355606236,                 343P   1123
-0.768306515,0.055698462,-0.337508708,-0.772243522,0.171241932,      343P   1124
-0.254952753,-0.77618053,0.254081103,-0.172396799,-0.780117538,      343P   1125
0.336920274,-0.056915985,-0.784054546,0.355413399,-0.02863814,       343P   1126
-0.785018603,0.35994182,0.,-0.786020063,0.35994182,                  343P   1127
0.0418089301144655,0.208475596781132,0.034947554,-0.999374157,       343P   1128
-0.005473821;                                                        343P   1129
126,1,1,1,0,1,0,0.,0.,1.,1.,1.,1.,0.74958578,0.791524403,0.,         345P   1130
0.74958578,0.624857737,0.,0.,1.,0.,0.,1.;                            345P   1131
126,12,2,1,0,0,0,0.208475596781132,0.208475596781132,                347P   1132
0.208475596781132,0.233333333333333,0.233333333333333,               347P   1133
0.266666666666667,0.266666666666667,0.3,0.3,0.333333333333333,       347P   1134
0.333333333333333,0.366666666666667,0.366666666666667,               347P   1135
0.375142263447799,0.375142263447799,0.375142263447799,               347P   1136
0.490720892428502,0.481751959168563,0.50000137262589,                347P   1137
0.475529563592374,0.50000137262589,0.475529563592374,                347P   1138
0.50000137262589,0.475529563592374,0.50000137262589,                 347P   1139
0.475529563592374,0.50000137262589,0.493778977049702,                347P   1140
0.490720892428502,0.,-0.786020063,0.35994182,0.086088515,            347P   1141
-0.78903053,0.35994182,0.162860755,-0.791928562,0.320989856,         347P   1142
0.267156682,-0.79586557,0.268073189,0.320430222,-0.799802578,        347P   1143
0.163959099,0.373703763,-0.803739585,0.059845008,0.355606236,        347P   1144
-0.807676593,-0.055698462,0.337508708,-0.811613601,                  347P   1145
-0.171241932,0.254952753,-0.815550609,-0.254081103,0.172396799,      347P   1146
-0.819487617,-0.336920274,0.056915985,-0.823424625,                  347P   1147
-0.355413399,0.02863814,-0.824388682,-0.35994182,0.,                 347P   1148
-0.825390142,-0.35994182,0.208475596781132,0.375142263447799,        347P   1149
-0.034947554,-0.999374157,0.005473821;                               347P   1150
126,1,1,1,0,1,0,0.,0.,1.,1.,1.,1.,0.74958578,0.624857737,0.,         349P   1151
0.74958578,0.45819107,0.,0.,1.,0.,0.,1.;                             349P   1152
126,12,2,1,0,0,0,0.375142263447799,0.375142263447799,                351P   1153
0.375142263447799,0.4,0.4,0.433333333333333,0.433333333333333,       351P   1154
0.466666666666667,0.466666666666667,0.5,0.5,0.533333333333333,       351P   1155
0.533333333333333,0.541808930114465,0.541808930114465,               351P   1156
0.541808930114465,0.490720892428502,0.481751959168563,               351P   1157
0.50000137262589,0.475529563592374,0.50000137262589,                 351P   1158
0.475529563592374,0.50000137262589,0.475529563592374,                351P   1159
0.50000137262589,0.475529563592374,0.50000137262589,                 351P   1160
0.493778977049702,0.490720892428502,0.,-0.825390142,                 351P   1161
-0.35994182,-0.086088515,-0.828400609,-0.35994182,-0.162860755,      351P   1162
-0.831298641,-0.320989856,-0.267156682,-0.835235648,                 351P   1163
-0.268073189,-0.320430222,-0.839172656,-0.163959099,                 351P   1164
-0.373703763,-0.843109664,-0.059845008,-0.355606236,                 351P   1165
-0.847046672,0.055698462,-0.337508708,-0.85098368,0.171241932,       351P   1166
-0.254952753,-0.854920688,0.254081103,-0.172396799,                  351P   1167
-0.858857696,0.336920274,-0.056915985,-0.862794704,0.355413399,      351P   1168
-0.02863814,-0.863758761,0.35994182,0.,-0.86476022,0.35994182,       351P   1169
0.375142263447799,0.541808930114465,0.034947554,-0.999374157,        351P   1170
-0.005473821;                                                        351P   1171
126,1,1,1,0,1,0,0.,0.,1.,1.,1.,1.,0.74958578,0.45819107,0.,          353P   1172
0.74958578,0.291524403,0.,0.,1.,0.,0.,1.;                            353P   1173
126,12,2,1,0,0,0,0.541808930114465,0.541808930114465,                355P   1174
0.541808930114465,0.566666666666667,0.566666666666667,0.6,0.6,       355P   1175
0.633333333333333,0.633333333333333,0.666666666666667,               355P   1176
0.666666666666667,0.7,0.7,0.708475596781132,0.708475596781132,       355P   1177
0.708475596781132,0.490720892428502,0.481751959168563,               355P   1178
0.50000137262589,0.475529563592374,0.50000137262589,                 355P   1179
0.475529563592374,0.50000137262589,0.475529563592374,                355P   1180
0.50000137262589,0.475529563592374,0.50000137262589,                 355P   1181
0.493778977049702,0.490720892428502,0.,-0.86476022,0.35994182,       355P   1182
0.086088515,-0.867770687,0.35994182,0.162860755,-0.870668719,        355P   1183
0.320989856,0.267156682,-0.874605727,0.268073189,0.320430222,        355P   1184
-0.878542735,0.163959099,0.373703763,-0.882479743,0.059845008,       355P   1185
0.355606236,-0.886416751,-0.055698462,0.337508708,-0.890353759,      355P   1186
-0.171241932,0.254952753,-0.894290767,-0.254081103,0.172396799,      355P   1187
-0.898227774,-0.336920274,0.056915985,-0.902164782,                  355P   1188
-0.355413399,0.02863814,-0.903128839,-0.35994182,0.,                 355P   1189
-0.904130299,-0.35994182,0.541808930114465,0.708475596781132,        355P   1190
-0.034947554,-0.999374157,0.005473821;                               355P   1191
126,1,1,1,0,1,0,0.,0.,1.,1.,1.,1.,0.74958578,0.291524403,0.,         357P   1192
0.74958578,0.124857737,0.,0.,1.,0.,0.,1.;                            357P   1193
126,12,2,1,0,0,0,0.708475596781132,0.708475596781132,                359P   1194
0.708475596781132,0.733333333333333,0.733333333333333,               359P   1195
0.766666666666667,0.766666666666667,0.8,0.8,0.833333333333333,       359P   1196
0.833333333333333,0.866666666666667,0.866666666666667,               359P   1197
0.875142263447799,0.875142263447799,0.875142263447799,               359P   1198
0.490720892428502,0.481751959168563,0.50000137262589,                359P   1199
0.475529563592374,0.50000137262589,0.475529563592374,                359P   1200
0.50000137262589,0.475529563592374,0.50000137262589,                 359P   1201
0.475529563592374,0.50000137262589,0.493778977049702,                359P   1202
0.490720892428502,0.,-0.904130299,-0.35994182,-0.086088515,          359P   1203
-0.907140766,-0.35994182,-0.162860755,-0.910038798,                  359P   1204
-0.320989856,-0.267156682,-0.913975806,-0.268073189,                 359P   1205
-0.320430222,-0.917912814,-0.163959099,-0.373703763,                 359P   1206
-0.921849822,-0.059845008,-0.355606236,-0.92578683,0.055698462,      359P   1207
-0.337508708,-0.929723837,0.171241932,-0.254952753,                  359P   1208
-0.933660845,0.254081103,-0.172396799,-0.937597853,0.336920274,      359P   1209
-0.056915985,-0.941534861,0.355413399,-0.02863814,-0.942498918,      359P   1210
0.35994182,0.,-0.943500378,0.35994182,0.708475596781132,             359P   1211
0.875142263447799,0.034947554,-0.999374157,-0.005473821;             359P   1212
126,1,1,1,0,1,0,0.,0.,1.,1.,1.,1.,0.74958578,0.124857737,0.,         361P   1213
0.74958578,0.075109313,0.,0.,1.,0.,0.,1.;                            361P   1214
126,4,2,1,0,0,0,0.875142263447799,0.875142263447799,                 363P   1215
0.875142263447799,0.9,0.9,0.924890687162359,0.924890687162359,       363P   1216
0.924890687162359,0.490720892428502,0.481751959168563,               363P   1217
0.50000137262589,0.481727768337383,0.490744718109314,0.,             363P   1218
-0.943500378,0.35994182,0.086088515,-0.946510845,0.35994182,         363P   1219
0.162860755,-0.949408877,0.320989856,0.239738623,-0.952310896,       363P   1220
0.281984301,0.29060504,-0.95532521,0.212383672,                      363P   1221
0.875142263447799,0.924890687162359,-0.034947554,-0.999374157,       363P   1222
0.005473821;                                                         363P   1223
126,16,2,1,0,1,0,0.,0.,0.,0.0625,0.0625,0.125,0.125,0.25,0.25,       365P   1224
0.5,0.5,0.5625,0.5625,0.625,0.625,0.75,0.75,1.,1.,1.,1.,1.,1.,       365P   1225
1.,1.,1.,1.,1.,1.,1.,1.,1.,1.,1.,1.,1.,1.,0.74958578,                365P   1226
0.075109313,0.,0.728335048,0.075067359,0.,0.706364952,               365P   1227
0.07065482,0.,0.697139503,0.068801953,0.,0.687023833,                365P   1228
0.065977868,0.,0.673617163,0.062235003,0.,0.657167155,               365P   1229
0.056649193,0.,0.633414725,0.048583752,0.,0.606415366,               365P   1230
0.037912405,0.,0.600925471,0.035742554,0.,0.594600671,               365P   1231
0.033167079,0.,0.58878684,0.030799671,0.,0.582646588,                365P   1232
0.02841926,0.,0.570618288,0.023756213,0.,0.557123882,                365P   1233
0.018962963,0.,0.533227226,0.010474807,0.,0.5,0.,0.,0.,1.,0.,        365P   1234
0.,-1.;                                                              365P   1235
126,17,3,1,0,1,0,0.,0.,0.,0.,0.00781249999999995,                    367P   1236
0.00781249999999995,0.0156249999999999,0.0156249999999999,           367P   1237
0.0312499999999999,0.0312499999999999,0.0624999999999999,            367P   1238
0.0624999999999999,0.125,0.125,0.25,0.25,0.5,0.5,1.,1.,1.,1.,        367P   1239
1.,1.,1.,1.,1.,1.,1.,1.,1.,1.,1.,1.,1.,1.,1.,1.,1.,1.,               367P   1240
0.29060504,-0.95532521,0.212383672,0.289625681,-0.95532521,          367P   1241
0.211517806,0.290506424,-0.95532521,0.209892026,0.29131859,          367P   1242
-0.95532521,0.207447906,0.291805822,-0.95532521,0.20625714,          367P   1243
0.293326983,-0.95532521,0.202708878,0.294431428,-0.95532521,         367P   1244
0.200385458,0.297776283,-0.95532521,0.193431228,0.300065492,         367P   1245
-0.95532521,0.188823163,0.306785148,-0.95532521,0.174929086,         367P   1246
0.311099123,-0.95532521,0.165571278,0.322977972,-0.95532521,         367P   1247
0.137142505,0.329493532,-0.95532521,0.117744349,0.344268071,         367P   1248
-0.95532521,0.058034814,0.347572998,-0.95532521,0.016262508,         367P   1249
0.336358787,-0.95532521,-0.105631409,0.300327213,-0.95532521,        367P   1250
-0.183734705,0.242030959,-0.95532521,-0.242030959,0.,1.,0.,1.,       367P   1251
0.;                                                                  367P   1252
102,11,321,327,331,337,341,345,349,353,357,361,365;                  369P   1253
102,11,325,329,335,339,343,347,351,355,359,363,367;                  371P   1254
142,1,319,369,371,1;                                                 373P   1255
144,319,1,0,373;                                                     375P   1256
110,0.,0.643566682,0.,0.,40.013645422,0.;                            377P   1257
110,0.,-0.95532521,0.35994182,0.,-0.86421683,0.35994182;             379P   1258
120,377,379,0.,6.28318530717959;                                     381P   1259
126,1,1,1,0,1,0,0.,0.,1.,1.,1.,1.,0.,2.35619449,0.,0.,               383P   1260
3.141592654,0.,0.,1.,0.,0.,1.;                                       383P   1261
124,0.707106781186549,-0.707106781186546,0.,-0.675516934554505,      385P   1262
4.32978028117746E-17,4.32978028117748E-17,1.,                        385P   1263
-0.955325210459682,-0.707106781186546,-0.707106781186549,            385P   1264
6.12323399573677E-17,-0.675516934554508;                             385P   1265
100,0.,0.,-0.95532521,0.35994182,-0.95532521,0.254517301,            387P   1266
-0.700807909;                                                        387P   1267
126,1,1,1,0,1,0,0.,0.,1.,1.,1.,1.,0.,3.141592654,0.,                 389P   1268
0.561912212,3.141592654,0.,0.,1.,0.,0.,1.;                           389P   1269
110,0.,-0.95532521,-0.35994182,0.,-0.904130299,-0.35994182;          391P   1270
126,40,2,1,0,1,0,0.,0.,0.,0.03125,0.03125,0.0625,0.0625,0.125,       393P   1271
0.125,0.1875,0.1875,0.25,0.25,0.3125,0.3125,0.375,0.375,0.4375,      393P   1272
0.4375,0.46875,0.46875,0.5,0.5,0.5625,0.5625,0.625,0.625,            393P   1273
0.65625,0.65625,0.6875,0.6875,0.75,0.75,0.8125,0.8125,0.84375,       393P   1274
0.84375,0.875,0.875,0.9375,0.9375,1.,1.,1.,1.,1.,1.,1.,1.,1.,        393P   1275
1.,1.,1.,1.,1.,1.,1.,1.,1.,1.,1.,1.,1.,1.,1.,1.,1.,1.,1.,1.,1.,      393P   1276
1.,1.,1.,1.,1.,1.,1.,1.,1.,1.,1.,1.,1.,1.,0.561912212,               393P   1277
3.141592654,0.,0.56921062,3.088764494,0.,0.575317717,                393P   1278
3.043652288,0.,0.581879378,2.995182292,0.,0.588312233,               393P   1279
2.946712297,0.,0.596184466,2.887396932,0.,0.615264935,               393P   1280
2.750491766,0.,0.629048954,2.651589402,0.,0.64287649,                393P   1281
2.552687039,0.,0.656464739,2.455496191,0.,0.669559296,               393P   1282
2.357120388,0.,0.681099993,2.270418314,0.,0.696195895,               393P   1283
2.161665963,0.,0.709923789,2.062768872,0.,0.723803041,               393P   1284
1.96387178,0.,0.737512891,1.866181772,0.,0.750794409,                393P   1285
1.76755781,0.,0.757320849,1.719094719,0.,0.763783267,                393P   1286
1.670631628,0.,0.767444016,1.643178866,0.,0.777166296,               393P   1287
1.572745655,0.,0.783555824,1.526456623,0.,0.804704577,               393P   1288
1.375116285,0.,0.821781245,1.252915752,0.,0.831944758,               393P   1289
1.178202438,0.,0.835766225,1.150110341,0.,0.844986337,               393P   1290
1.081147552,0.,0.851083913,1.035540103,0.,0.858188512,               393P   1291
0.983700737,0.,0.867334776,0.916964163,0.,0.885594001,               393P   1292
0.786389679,0.,0.904111349,0.65396931,0.,0.913021362,                393P   1293
0.589026145,0.,0.920148293,0.537079483,0.,0.9262499,                 393P   1294
0.491515149,0.,0.93694677,0.411635247,0.,0.939274517,                393P   1295
0.394501676,0.,0.949546944,0.318890623,0.,0.966484314,               393P   1296
0.197660955,0.,0.988334635,0.041266706,0.,0.994035785,0.,0.,0.,      393P   1297
1.,0.,0.,-1.;                                                        393P   1298
126,12,2,1,0,0,0,0.291524403218874,0.291524403218874,                395P   1299
0.291524403218874,0.3,0.3,0.333333333333333,0.333333333333333,       395P   1300
0.366666666666667,0.366666666666667,0.4,0.4,0.433333333333333,       395P   1301
0.433333333333333,0.458191069885541,0.458191069885541,               395P   1302
0.458191069885541,0.490720892428506,0.493778977049706,               395P   1303
0.50000137262589,0.475529563592374,0.50000137262589,                 395P   1304
0.475529563592374,0.50000137262589,0.475529563592374,                395P   1305
0.50000137262589,0.475529563592374,0.50000137262589,                 395P   1306
0.481751959168558,0.490720892428506,0.,-0.904130299,                 395P   1307
-0.35994182,0.02863814,-0.903128839,-0.35994182,0.056915985,         395P   1308
-0.902164782,-0.355413399,0.172396799,-0.898227774,                  395P   1309
-0.336920274,0.254952753,-0.894290767,-0.254081103,0.337508708,      395P   1310
-0.890353759,-0.171241932,0.355606236,-0.886416751,                  395P   1311
-0.055698462,0.373703763,-0.882479743,0.059845008,0.320430222,       395P   1312
-0.878542735,0.163959099,0.267156682,-0.874605727,0.268073189,       395P   1313
0.162860755,-0.870668719,0.320989856,0.086088515,-0.867770687,       395P   1314
0.35994182,0.,-0.86476022,0.35994182,0.291524403218874,              395P   1315
0.458191069885541,-0.034947554,0.999374157,0.005473821;              395P   1316
126,1,1,1,0,1,0,0.,0.,1.,1.,1.,1.,0.994035785,0.,0.,                 397P   1317
0.518935305,0.,0.,0.,1.,0.,0.,1.;                                    397P   1318
110,0.,-0.86476022,0.35994182,0.,-0.908045855,0.35994182;            399P   1319
126,26,2,1,0,1,0,0.,0.,0.,0.0625,0.0625,0.125,0.125,0.1875,          401P   1320
0.1875,0.25,0.25,0.3125,0.3125,0.375,0.375,0.4375,0.4375,0.5,        401P   1321
0.5,0.625,0.625,0.6875,0.6875,0.75,0.75,0.875,0.875,1.,1.,1.,        401P   1322
1.,1.,1.,1.,1.,1.,1.,1.,1.,1.,1.,1.,1.,1.,1.,1.,1.,1.,1.,1.,1.,      401P   1323
1.,1.,1.,1.,1.,1.,0.518935305,0.,0.,0.511681653,0.052532689,0.,      401P   1324
0.498304832,0.148197387,0.,0.48390684,0.251165016,0.,                401P   1325
0.477625782,0.296510994,0.,0.466296539,0.378302255,0.,               401P   1326
0.457569397,0.443325563,0.,0.442491786,0.555664287,0.,               401P   1327
0.437890756,0.589221746,0.,0.429758715,0.648532508,0.,               401P   1328
0.417386894,0.737115638,0.,0.407020952,0.811336532,0.,               401P   1329
0.396654211,0.885557426,0.,0.386400128,0.958971747,0.,               401P   1330
0.37636971,1.032923529,0.,0.366490692,1.105759077,0.,                401P   1331
0.356783645,1.178594625,0.,0.351695582,1.21677223,0.,                401P   1332
0.31571446,1.474527742,0.,0.303497697,1.562044136,0.,                401P   1333
0.295246501,1.622335424,0.,0.293854457,1.632507051,0.,               401P   1334
0.275602608,1.768147104,0.,0.263346358,1.859230395,0.,               401P   1335
0.234793901,2.063452246,0.,0.208206122,2.253621708,0.,               401P   1336
0.194336828,2.357906851,0.,0.,1.,0.,0.,1.;                           401P   1337
126,8,2,1,0,0,0,0.874960956979564,0.874960956979564,                 403P   1338
0.874960956979564,0.9,0.9,0.933333333333333,0.933333333333333,       403P   1339
0.966666666666667,0.966666666666667,1.,1.,1.,0.49085317498534,       403P   1340
0.481618852250547,0.50000137262589,0.475529563592374,                403P   1341
0.50000137262589,0.475529563592374,0.50000137262589,                 403P   1342
0.475529563592374,0.50000137262589,0.,-0.908045855,0.35994182,       403P   1343
0.08674039,-0.911077473,0.35994182,0.163959099,-0.91399745,          403P   1344
0.320430222,0.268073189,-0.917934457,0.267156682,0.320989856,        403P   1345
-0.921871465,0.162860755,0.373906523,-0.925808473,0.058564829,       403P   1346
0.355413399,-0.929745481,-0.056915985,0.336920274,-0.933682489,      403P   1347
-0.172396799,0.254081103,-0.937619497,-0.254952753,                  403P   1348
0.874960956979564,1.,-0.034928603,-0.999374157,0.005593475;          403P   1349
126,1,1,1,0,1,0,0.,0.,1.,1.,1.,1.,0.194336828,2.357906851,0.,        405P   1350
0.,2.35619449,0.,0.,1.,0.,0.,1.;                                     405P   1351
126,3,3,1,0,0,0,0.,0.,0.,0.,1.,1.,1.,1.,1.,0.999999755651754,        407P   1352
0.999999755651754,1.,0.254081103,-0.937619497,-0.254952753,          407P   1353
0.254226627,-0.943521396,-0.254807727,0.254372026,-0.949423302,      407P   1354
-0.254662577,0.254517301,-0.95532521,-0.254517301,0.,1.,0.,0.,       407P   1355
0.;                                                                  407P   1356
102,6,383,389,393,397,401,405;                                       409P   1357
102,6,387,391,395,399,403,407;                                       411P   1358
142,1,381,409,411,1;                                                 413P   1359
144,381,1,0,413;                                                     415P   1360
110,0.,0.643566682,0.,0.,40.013645422,0.;                            417P   1361
110,0.,-0.869171711,0.35994182,0.,-0.785524129,0.35994182;           419P   1362
120,417,419,0.,6.28318530717959;                                     421P   1363
126,40,2,1,0,1,0,0.,0.,0.,0.0625,0.0625,0.125,0.125,0.15625,         423P   1364
0.15625,0.1875,0.1875,0.25,0.25,0.3125,0.3125,0.34375,0.34375,       423P   1365
0.375,0.375,0.4375,0.4375,0.5,0.5,0.53125,0.53125,0.5625,            423P   1366
0.5625,0.625,0.625,0.6875,0.6875,0.75,0.75,0.8125,0.8125,0.875,      423P   1367
0.875,0.9375,0.9375,0.96875,0.96875,1.,1.,1.,1.,1.,1.,1.,1.,1.,      423P   1368
1.,1.,1.,1.,1.,1.,1.,1.,1.,1.,1.,1.,1.,1.,1.,1.,1.,1.,1.,1.,1.,      423P   1369
1.,1.,1.,1.,1.,1.,1.,1.,1.,1.,1.,1.,1.,1.,0.476594922,0.,0.,         423P   1370
0.469891588,0.044571663,0.,0.446595051,0.19764116,0.,                423P   1371
0.428051494,0.319481286,0.,0.416937091,0.394528802,0.,               423P   1372
0.413317942,0.418966296,0.,0.402739382,0.491567793,0.,               423P   1373
0.396096264,0.537160041,0.,0.388349181,0.589038044,0.,               423P   1374
0.378476979,0.655146818,0.,0.358490518,0.786368467,0.,               423P   1375
0.33842695,0.918096363,0.,0.328625316,0.983713292,0.,                423P   1376
0.320871558,1.035620739,0.,0.314227235,1.081201157,0.,               423P   1377
0.303209663,1.156782288,0.,0.300034596,1.178228783,0.,               423P   1378
0.28888765,1.253522587,0.,0.270385719,1.375096356,0.,                423P   1379
0.246879869,1.529550214,0.,0.240381905,1.572746184,0.,               423P   1380
0.232442287,1.625525708,0.,0.225789532,1.670666974,0.,               423P   1381
0.218646633,1.719134029,0.,0.211638618,1.767601084,0.,               423P   1382
0.203155957,1.826266705,0.,0.182266499,1.963855829,0.,               423P   1383
0.167250921,2.062756447,0.,0.152193771,2.161657064,0.,               423P   1384
0.137400807,2.258822416,0.,0.12314934,2.357182912,0.,                423P   1385
0.110950473,2.441376809,0.,0.094118818,2.552677741,0.,               423P   1386
0.079162638,2.651576912,0.,0.064047407,2.750476082,0.,               423P   1387
0.049120678,2.848141887,0.,0.034663731,2.946756472,0.,               423P   1388
0.027558715,2.995221631,0.,0.020514508,3.043686791,0.,               423P   1389
0.016517208,3.071188799,0.,0.005928854,3.141592654,0.,0.,1.,0.,      423P   1390
0.,1.;                                                               423P   1391
126,12,2,1,0,0,0,0.54162762364623,0.54162762364623,                  425P   1392
0.54162762364623,0.566666666666667,0.566666666666667,0.6,0.6,        425P   1393
0.633333333333333,0.633333333333333,0.666666666666667,               425P   1394
0.666666666666667,0.7,0.7,0.708294290312897,0.708294290312897,       425P   1395
0.708294290312897,0.49085317498534,0.481618852250547,                425P   1396
0.50000137262589,0.475529563592374,0.50000137262589,                 425P   1397
0.475529563592374,0.50000137262589,0.475529563592374,                425P   1398
0.50000137262589,0.475529563592374,0.50000137262589,                 425P   1399
0.493912083967717,0.49085317498534,0.,-0.829305698,0.35994182,       425P   1400
0.08674039,-0.832337316,0.35994182,0.163959099,-0.835257292,         425P   1401
0.320430222,0.268073189,-0.8391943,0.267156682,0.320989856,          425P   1402
-0.843131308,0.162860755,0.373906523,-0.847068316,0.058564829,       425P   1403
0.355413399,-0.851005324,-0.056915985,0.336920274,-0.854942332,      425P   1404
-0.172396799,0.254081103,-0.858879339,-0.254952753,0.171241932,      425P   1405
-0.862816347,-0.337508708,0.055698462,-0.866753355,                  425P   1406
-0.355606236,0.028017972,-0.867696535,-0.35994182,0.,                425P   1407
-0.868675777,-0.35994182,0.54162762364623,0.708294290312897,         425P   1408
-0.034928603,-0.999374157,0.005593475;                               425P   1409
126,1,1,1,0,1,0,0.,0.,1.,1.,1.,1.,0.005928854,3.141592654,0.,        427P   1410
0.523405078,3.141592654,0.,0.,1.,0.,0.,1.;                           427P   1411
110,0.,-0.868675777,-0.35994182,0.,-0.825390142,-0.35994182;         429P   1412
126,40,2,1,0,1,0,0.,0.,0.,0.03125,0.03125,0.0625,0.0625,0.125,       431P   1413
0.125,0.1875,0.1875,0.25,0.25,0.3125,0.3125,0.375,0.375,0.4375,      431P   1414
0.4375,0.46875,0.46875,0.5,0.5,0.5625,0.5625,0.625,0.625,            431P   1415
0.65625,0.65625,0.6875,0.6875,0.75,0.75,0.8125,0.8125,0.84375,       431P   1416
0.84375,0.875,0.875,0.9375,0.9375,1.,1.,1.,1.,1.,1.,1.,1.,1.,        431P   1417
1.,1.,1.,1.,1.,1.,1.,1.,1.,1.,1.,1.,1.,1.,1.,1.,1.,1.,1.,1.,1.,      431P   1418
1.,1.,1.,1.,1.,1.,1.,1.,1.,1.,1.,1.,1.,1.,0.523405078,               431P   1419
3.141592654,0.,0.531354454,3.088764494,0.,0.538006264,               431P   1420
3.043652288,0.,0.54515318,2.995182292,0.,0.552159802,                431P   1421
2.946712297,0.,0.560734185,2.887396932,0.,0.581516502,               431P   1422
2.750491766,0.,0.596529962,2.651589402,0.,0.611590821,               431P   1423
2.552687039,0.,0.62639105,2.455496191,0.,0.640653553,                431P   1424
2.357120388,0.,0.653223601,2.270418314,0.,0.669665955,               431P   1425
2.161665963,0.,0.684618285,2.062768872,0.,0.699735472,               431P   1426
1.96387178,0.,0.714668148,1.866181772,0.,0.729134287,                431P   1427
1.76755781,0.,0.736242842,1.719094719,0.,0.743281663,                431P   1428
1.670631628,0.,0.747268926,1.643178866,0.,0.757858368,               431P   1429
1.572745655,0.,0.764817799,1.526456623,0.,0.787852876,               431P   1430
1.375116285,0.,0.806452668,1.252915752,0.,0.817522698,               431P   1431
1.178202438,0.,0.821685013,1.150110341,0.,0.831727498,               431P   1432
1.081147552,0.,0.838368936,1.035540103,0.,0.846107216,               431P   1433
0.983700737,0.,0.856069266,0.916964163,0.,0.875957089,               431P   1434
0.786389679,0.,0.89612606,0.65396931,0.,0.905830785,                 431P   1435
0.589026145,0.,0.91359339,0.537079483,0.,0.920239219,                431P   1436
0.491515149,0.,0.931890178,0.411635247,0.,0.934425544,               431P   1437
0.394501676,0.,0.945614202,0.318890623,0.,0.96406227,                431P   1438
0.197660955,0.,0.987861492,0.041266706,0.,0.994071146,0.,0.,0.,      431P   1439
1.,0.,0.,-1.;                                                        431P   1440
126,12,2,1,0,0,0,0.624857736552208,0.624857736552208,                433P   1441
0.624857736552208,0.633333333333333,0.633333333333333,               433P   1442
0.666666666666667,0.666666666666667,0.7,0.7,0.733333333333333,       433P   1443
0.733333333333333,0.766666666666667,0.766666666666667,               433P   1444
0.791524403218874,0.791524403218874,0.791524403218874,               433P   1445
0.490720892428506,0.493778977049706,0.50000137262589,                433P   1446
0.475529563592374,0.50000137262589,0.475529563592374,                433P   1447
0.50000137262589,0.475529563592374,0.50000137262589,                 433P   1448
0.475529563592374,0.50000137262589,0.481751959168558,                433P   1449
0.490720892428506,0.,-0.825390142,-0.35994182,0.02863814,            433P   1450
-0.824388682,-0.35994182,0.056915985,-0.823424625,-0.355413399,      433P   1451
0.172396799,-0.819487617,-0.336920274,0.254952753,-0.815550609,      433P   1452
-0.254081103,0.337508708,-0.811613601,-0.171241932,0.355606236,      433P   1453
-0.807676593,-0.055698462,0.373703763,-0.803739585,0.059845008,      433P   1454
0.320430222,-0.799802578,0.163959099,0.267156682,-0.79586557,        433P   1455
0.268073189,0.162860755,-0.791928562,0.320989856,0.086088515,        433P   1456
-0.78903053,0.35994182,0.,-0.786020063,0.35994182,                   433P   1457
0.624857736552208,0.791524403218874,-0.034947554,0.999374157,        433P   1458
0.005473821;                                                         433P   1459
126,1,1,1,0,1,0,0.,0.,1.,1.,1.,1.,0.994071146,0.,0.,                 435P   1460
0.476594922,0.,0.,0.,1.,0.,0.,1.;                                    435P   1461
110,0.,-0.786020063,0.35994182,0.,-0.829305698,0.35994182;           437P   1462
102,4,423,427,431,435;                                               439P   1463
102,4,425,429,433,437;                                               441P   1464
142,1,421,439,441,1;                                                 443P   1465
144,421,1,0,443;                                                     445P   1466
110,0.,0.643566682,0.,0.,40.013645422,0.;                            447P   1467
110,0.,-0.790503282,0.35994182,0.,-0.69532521,0.35994182;            449P   1468
120,447,449,0.,6.28318530717959;                                     451P   1469
126,40,2,1,0,1,0,0.,0.,0.,0.0625,0.0625,0.125,0.125,0.15625,         453P   1470
0.15625,0.1875,0.1875,0.25,0.25,0.3125,0.3125,0.34375,0.34375,       453P   1471
0.375,0.375,0.4375,0.4375,0.5,0.5,0.53125,0.53125,0.5625,            453P   1472
0.5625,0.625,0.625,0.6875,0.6875,0.75,0.75,0.8125,0.8125,0.875,      453P   1473
0.875,0.9375,0.9375,0.96875,0.96875,1.,1.,1.,1.,1.,1.,1.,1.,1.,      453P   1474
1.,1.,1.,1.,1.,1.,1.,1.,1.,1.,1.,1.,1.,1.,1.,1.,1.,1.,1.,1.,1.,      453P   1475
1.,1.,1.,1.,1.,1.,1.,1.,1.,1.,1.,1.,1.,1.,0.419610743,0.,0.,         453P   1476
0.413719494,0.044571663,0.,0.393245251,0.19764116,0.,                453P   1477
0.37694818,0.319481286,0.,0.367180249,0.394528802,0.,                453P   1478
0.363999547,0.418966296,0.,0.354702542,0.491567793,0.,               453P   1479
0.348864215,0.537160041,0.,0.342055663,0.589038044,0.,               453P   1480
0.333379444,0.655146818,0.,0.315814272,0.786368467,0.,               453P   1481
0.298181335,0.918096363,0.,0.289567135,0.983713292,0.,               453P   1482
0.282752717,1.035620739,0.,0.27691333,1.081201157,0.,                453P   1483
0.267230499,1.156782288,0.,0.26444008,1.178228783,0.,                453P   1484
0.254643548,1.253522587,0.,0.23838306,1.375096356,0.,                453P   1485
0.217724861,1.529550214,0.,0.212014102,1.572746184,0.,               453P   1486
0.205036342,1.625525708,0.,0.199189544,1.670666974,0.,               453P   1487
0.192911983,1.719134029,0.,0.186752964,1.767601084,0.,               453P   1488
0.179297948,1.826266705,0.,0.160939174,1.963855829,0.,               453P   1489
0.14774268,2.062756447,0.,0.134509651,2.161657064,0.,                453P   1490
0.121508803,2.258822416,0.,0.108983851,2.357182912,0.,               453P   1491
0.098262834,2.441376809,0.,0.083470275,2.552677741,0.,               453P   1492
0.070325984,2.651576912,0.,0.05704191,2.750476082,0.,                453P   1493
0.043923501,2.848141887,0.,0.031217963,2.946756472,0.,               453P   1494
0.024973694,2.995221631,0.,0.018782869,3.043686791,0.,               453P   1495
0.015269827,3.071188799,0.,0.005964215,3.141592654,0.,0.,1.,0.,      453P   1496
0.,1.;                                                               453P   1497
126,12,2,1,0,0,0,0.208294290312897,0.208294290312897,                455P   1498
0.208294290312897,0.233333333333333,0.233333333333333,               455P   1499
0.266666666666667,0.266666666666667,0.3,0.3,0.333333333333333,       455P   1500
0.333333333333333,0.366666666666667,0.366666666666667,               455P   1501
0.374960956979564,0.374960956979564,0.374960956979564,               455P   1502
0.49085317498534,0.481618852250547,0.50000137262589,                 455P   1503
0.475529563592374,0.50000137262589,0.475529563592374,                455P   1504
0.50000137262589,0.475529563592374,0.50000137262589,                 455P   1505
0.475529563592374,0.50000137262589,0.493912083967717,                455P   1506
0.49085317498534,0.,-0.750565541,0.35994182,0.08674039,              455P   1507
-0.753597158,0.35994182,0.163959099,-0.756517135,0.320430222,        455P   1508
0.268073189,-0.760454143,0.267156682,0.320989856,-0.76439115,        455P   1509
0.162860755,0.373906523,-0.768328158,0.058564829,0.355413399,        455P   1510
-0.772265166,-0.056915985,0.336920274,-0.776202174,                  455P   1511
-0.172396799,0.254081103,-0.780139182,-0.254952753,0.171241932,      455P   1512
-0.78407619,-0.337508708,0.055698462,-0.788013198,-0.355606236,      455P   1513
0.028017972,-0.788956378,-0.35994182,0.,-0.789935619,                455P   1514
-0.35994182,0.208294290312897,0.374960956979564,-0.034928603,        455P   1515
-0.999374157,0.005593475;                                            455P   1516
126,1,1,1,0,1,0,0.,0.,1.,1.,1.,1.,0.005964215,3.141592654,0.,        457P   1517
0.460750013,3.141592654,0.,0.,1.,0.,0.,1.;                           457P   1518
110,0.,-0.789935619,-0.35994182,0.,-0.746649984,-0.35994182;         459P   1519
126,10,2,1,0,1,0,0.,0.,0.,0.125,0.125,0.25,0.25,0.5,0.5,0.75,        461P   1520
0.75,1.,1.,1.,1.,1.,1.,1.,1.,1.,1.,1.,1.,1.,1.,0.460750013,          461P   1521
3.141592654,0.,0.467761384,3.088575199,0.,0.473625413,               461P   1522
3.043319703,0.,0.479927373,2.994684491,0.,0.486106553,               461P   1523
2.946049279,0.,0.493630401,2.886830421,0.,0.512001518,               461P   1524
2.749142053,0.,0.525242381,2.649904056,0.,0.53852104,                461P   1525
2.550666058,0.,0.551565701,2.453176845,0.,0.56413026,                461P   1526
2.35448213,0.,0.,1.,0.,0.,-1.;                                       461P   1527
126,4,2,1,0,0,0,0.958191069885541,0.958191069885541,                 463P   1528
0.958191069885541,0.966666666666667,0.966666666666667,1.,1.,1.,      463P   1529
0.490720892428506,0.493778977049706,0.50000137262589,                463P   1530
0.475529563592374,0.50000137262589,0.,-0.746649984,-0.35994182,      463P   1531
0.02863814,-0.745648524,-0.35994182,0.056915985,-0.744684467,        463P   1532
-0.355413399,0.172396799,-0.740747459,-0.336920274,0.254952753,      463P   1533
-0.736810452,-0.254081103,0.958191069885541,1.,-0.034947554,         463P   1534
0.999374157,0.005473821;                                             463P   1535
126,1,1,1,0,1,0,0.,0.,1.,1.,1.,1.,0.56413026,2.35448213,0.,          465P   1536
0.936184734,2.357906851,0.,0.,1.,0.,0.,1.;                           465P   1537
126,3,3,1,0,0,0,0.,0.,0.,0.,1.,1.,1.,1.,1.,0.999999022607195,        467P   1538
0.999999022607195,1.,0.254952753,-0.736810452,-0.254081103,          467P   1539
0.254662701,-0.725006648,-0.254372151,0.254372151,-0.713202828,      467P   1540
-0.254662701,0.254081103,-0.701399024,-0.254952753,0.,1.,0.,0.,      467P   1541
0.;                                                                  467P   1542
126,10,2,1,0,1,0,0.,0.,0.,0.25,0.25,0.5,0.5,0.75,0.75,0.875,         469P   1543
0.875,1.,1.,1.,1.,1.,1.,1.,1.,1.,1.,1.,1.,1.,1.,0.936184734,         469P   1544
2.357906851,0.,0.925592982,2.441105149,0.,0.910689623,               469P   1545
2.553232312,0.,0.897556695,2.652039425,0.,0.884285531,               469P   1546
2.750846538,0.,0.871180359,2.848417793,0.,0.858487566,               469P   1547
2.946938506,0.,0.852249467,2.995358268,0.,0.846064112,               469P   1548
3.043778029,0.,0.842552608,3.071266542,0.,0.833257271,               469P   1549
3.141592654,0.,0.,1.,0.,0.,1.;                                       469P   1550
126,4,2,1,0,0,0,0.,0.,0.,0.0333333333333333,0.0333333333333333,      471P   1551
0.0416276236462303,0.0416276236462303,0.0416276236462303,            471P   1552
0.50000137262589,0.475529563592374,0.50000137262589,                 471P   1553
0.493912083967717,0.49085317498534,0.254081103,-0.701399024,         471P   1554
-0.254952753,0.171241932,-0.705336032,-0.337508708,0.055698462,      471P   1555
-0.70927304,-0.355606236,0.028017972,-0.71021622,-0.35994182,        471P   1556
0.,-0.711195462,-0.35994182,0.,0.0416276236462303,0.031545595,       471P   1557
-0.999374157,0.016005302;                                            471P   1558
126,1,1,1,0,1,0,0.,0.,1.,1.,1.,1.,0.833257271,3.141592654,0.,        473P   1559
1.,3.141592654,0.,0.,1.,0.,0.,1.;                                    473P   1560
110,0.,-0.711195462,-0.35994182,0.,-0.69532521,-0.35994182;          475P   1561
126,1,1,1,0,1,0,0.,0.,1.,1.,1.,1.,1.,3.141592654,0.,1.,0.,0.,        477P   1562
0.,1.,0.,0.,1.;                                                      477P   1563
124,1.40271576953299E-14,1.,0.,0.695325210459682,                    479P   1564
-6.12323399573677E-17,8.58915688636046E-31,-1.,                      479P   1565
-0.695325210459682,-1.,1.40271576953299E-14,                         479P   1566
6.12323399573677E-17,9.75343637665641E-15;                           479P   1567
100,0.,0.,-0.69532521,0.35994182,-0.69532521,-0.35994182,            481P   1568
-0.69532521;                                                         481P   1569
126,1,1,1,0,1,0,0.,0.,1.,1.,1.,1.,1.,0.,0.,0.419610743,0.,0.,        483P   1570
0.,1.,0.,0.,1.;                                                      483P   1571
110,0.,-0.69532521,0.35994182,0.,-0.750565541,0.35994182;            485P   1572
102,8,453,457,461,465,469,473,477,483;                               487P   1573
102,8,455,459,463,467,471,475,481,485;                               489P   1574
142,1,451,487,489,1;                                                 491P   1575
144,451,1,0,491;                                                     493P   1576
110,0.,0.643566682,0.,0.,40.013645422,0.;                            495P   1577
110,0.,-0.829801632,0.35994182,0.,-0.74615405,0.35994182;            497P   1578
120,495,497,0.,6.28318530717959;                                     499P   1579
126,1,1,1,0,1,0,0.,0.,1.,1.,1.,1.,0.994071146,3.141592654,0.,        501P   1580
0.476594922,3.141592654,0.,0.,1.,0.,0.,1.;                           501P   1581
110,0.,-0.746649984,-0.35994182,0.,-0.789935619,-0.35994182;         503P   1582
126,40,2,1,0,1,0,0.,0.,0.,0.0625,0.0625,0.125,0.125,0.15625,         505P   1583
0.15625,0.1875,0.1875,0.25,0.25,0.3125,0.3125,0.34375,0.34375,       505P   1584
0.375,0.375,0.4375,0.4375,0.5,0.5,0.53125,0.53125,0.5625,            505P   1585
0.5625,0.625,0.625,0.6875,0.6875,0.75,0.75,0.8125,0.8125,0.875,      505P   1586
0.875,0.9375,0.9375,0.96875,0.96875,1.,1.,1.,1.,1.,1.,1.,1.,1.,      505P   1587
1.,1.,1.,1.,1.,1.,1.,1.,1.,1.,1.,1.,1.,1.,1.,1.,1.,1.,1.,1.,1.,      505P   1588
1.,1.,1.,1.,1.,1.,1.,1.,1.,1.,1.,1.,1.,1.,0.476594922,               505P   1589
3.141592654,0.,0.469891588,3.186164316,0.,0.446595051,               505P   1590
3.339233813,0.,0.428051494,3.46107394,0.,0.416937091,                505P   1591
3.536121455,0.,0.413317942,3.560558949,0.,0.402739382,               505P   1592
3.633160447,0.,0.396096264,3.678752695,0.,0.388349181,               505P   1593
3.730630698,0.,0.378476979,3.796739471,0.,0.358490518,               505P   1594
3.927961121,0.,0.33842695,4.059689016,0.,0.328625316,                505P   1595
4.125305946,0.,0.320871558,4.177213393,0.,0.314227235,               505P   1596
4.222793811,0.,0.303209663,4.298374942,0.,0.300034596,               505P   1597
4.319821437,0.,0.28888765,4.39511524,0.,0.270385719,4.51668901,      505P   1598
0.,0.246879869,4.671142868,0.,0.240381905,4.714338838,0.,            505P   1599
0.232442287,4.767118362,0.,0.225789532,4.812259628,0.,               505P   1600
0.218646633,4.860726682,0.,0.211638618,4.909193737,0.,               505P   1601
0.203155957,4.967859359,0.,0.182266499,5.105448483,0.,               505P   1602
0.167250921,5.2043491,0.,0.152193771,5.303249718,0.,                 505P   1603
0.137400807,5.40041507,0.,0.12314934,5.498775566,0.,                 505P   1604
0.110950473,5.582969463,0.,0.094118818,5.694270395,0.,               505P   1605
0.079162638,5.793169565,0.,0.064047407,5.892068736,0.,               505P   1606
0.049120678,5.989734541,0.,0.034663731,6.088349125,0.,               505P   1607
0.027558715,6.136814285,0.,0.020514508,6.185279445,0.,               505P   1608
0.016517208,6.212781453,0.,0.005928854,6.283185307,0.,0.,1.,0.,      505P   1609
0.,1.;                                                               505P   1610
126,12,2,1,0,0,0,0.374960956979564,0.374960956979564,                507P   1611
0.374960956979564,0.4,0.4,0.433333333333333,0.433333333333333,       507P   1612
0.466666666666667,0.466666666666667,0.5,0.5,0.533333333333333,       507P   1613
0.533333333333333,0.54162762364623,0.54162762364623,                 507P   1614
0.54162762364623,0.49085317498534,0.481618852250547,                 507P   1615
0.50000137262589,0.475529563592374,0.50000137262589,                 507P   1616
0.475529563592374,0.50000137262589,0.475529563592374,                507P   1617
0.50000137262589,0.475529563592374,0.50000137262589,                 507P   1618
0.493912083967717,0.49085317498534,0.,-0.789935619,-0.35994182,      507P   1619
-0.08674039,-0.792967237,-0.35994182,-0.163959099,-0.795887213,      507P   1620
-0.320430222,-0.268073189,-0.799824221,-0.267156682,                 507P   1621
-0.320989856,-0.803761229,-0.162860755,-0.373906523,                 507P   1622
-0.807698237,-0.058564829,-0.355413399,-0.811635245,                 507P   1623
0.056915985,-0.336920274,-0.815572253,0.172396799,-0.254081103,      507P   1624
-0.819509261,0.254952753,-0.171241932,-0.823446269,0.337508708,      507P   1625
-0.055698462,-0.827383276,0.355606236,-0.028017972,                  507P   1626
-0.828326457,0.35994182,0.,-0.829305698,0.35994182,                  507P   1627
0.374960956979564,0.54162762364623,0.034928603,-0.999374157,         507P   1628
-0.005593475;                                                        507P   1629
126,1,1,1,0,1,0,0.,0.,1.,1.,1.,1.,0.005928854,6.283185307,0.,        509P   1630
0.523405078,6.283185307,0.,0.,1.,0.,0.,1.;                           509P   1631
110,0.,-0.829305698,0.35994182,0.,-0.786020063,0.35994182;           511P   1632
126,40,2,1,0,1,0,0.,0.,0.,0.03125,0.03125,0.0625,0.0625,0.125,       513P   1633
0.125,0.1875,0.1875,0.25,0.25,0.3125,0.3125,0.375,0.375,0.4375,      513P   1634
0.4375,0.46875,0.46875,0.5,0.5,0.5625,0.5625,0.625,0.625,            513P   1635
0.65625,0.65625,0.6875,0.6875,0.75,0.75,0.8125,0.8125,0.84375,       513P   1636
0.84375,0.875,0.875,0.9375,0.9375,1.,1.,1.,1.,1.,1.,1.,1.,1.,        513P   1637
1.,1.,1.,1.,1.,1.,1.,1.,1.,1.,1.,1.,1.,1.,1.,1.,1.,1.,1.,1.,1.,      513P   1638
1.,1.,1.,1.,1.,1.,1.,1.,1.,1.,1.,1.,1.,1.,0.523405078,               513P   1639
6.283185307,0.,0.531354454,6.230357148,0.,0.538006264,               513P   1640
6.185244941,0.,0.54515318,6.136774946,0.,0.552159802,                513P   1641
6.08830495,0.,0.560734185,6.028989586,0.,0.581516502,                513P   1642
5.89208442,0.,0.596529962,5.793182056,0.,0.611590821,                513P   1643
5.694279692,0.,0.62639105,5.597088844,0.,0.640653553,                513P   1644
5.498713042,0.,0.653223601,5.412010967,0.,0.669665955,               513P   1645
5.303258617,0.,0.684618285,5.204361525,0.,0.699735472,               513P   1646
5.105464434,0.,0.714668148,5.007774425,0.,0.729134287,               513P   1647
4.909150464,0.,0.736242842,4.860687373,0.,0.743281663,               513P   1648
4.812224282,0.,0.747268926,4.784771519,0.,0.757858368,               513P   1649
4.714338309,0.,0.764817799,4.668049276,0.,0.787852876,               513P   1650
4.516708938,0.,0.806452668,4.394508405,0.,0.817522698,               513P   1651
4.319795091,0.,0.821685013,4.291702994,0.,0.831727498,               513P   1652
4.222740206,0.,0.838368936,4.177132757,0.,0.846107216,               513P   1653
4.12529339,0.,0.856069266,4.058556817,0.,0.875957089,                513P   1654
3.927982333,0.,0.89612606,3.795561964,0.,0.905830785,                513P   1655
3.730618799,0.,0.91359339,3.678672137,0.,0.920239219,                513P   1656
3.633107802,0.,0.931890178,3.553227901,0.,0.934425544,               513P   1657
3.536094329,0.,0.945614202,3.460483276,0.,0.96406227,                513P   1658
3.339253608,0.,0.987861492,3.182859359,0.,0.994071146,               513P   1659
3.141592654,0.,0.,1.,0.,0.,-1.;                                      513P   1660
126,12,2,1,0,0,0,0.791524403218874,0.791524403218874,                515P   1661
0.791524403218874,0.8,0.8,0.833333333333333,0.833333333333333,       515P   1662
0.866666666666667,0.866666666666667,0.9,0.9,0.933333333333333,       515P   1663
0.933333333333333,0.958191069885541,0.958191069885541,               515P   1664
0.958191069885541,0.490720892428506,0.493778977049706,               515P   1665
0.50000137262589,0.475529563592374,0.50000137262589,                 515P   1666
0.475529563592374,0.50000137262589,0.475529563592374,                515P   1667
0.50000137262589,0.475529563592374,0.50000137262589,                 515P   1668
0.481751959168558,0.490720892428506,0.,-0.786020063,0.35994182,      515P   1669
-0.02863814,-0.785018603,0.35994182,-0.056915985,-0.784054546,       515P   1670
0.355413399,-0.172396799,-0.780117538,0.336920274,-0.254952753,      515P   1671
-0.77618053,0.254081103,-0.337508708,-0.772243522,0.171241932,       515P   1672
-0.355606236,-0.768306515,0.055698462,-0.373703763,                  515P   1673
-0.764369507,-0.059845008,-0.320430222,-0.760432499,                 515P   1674
-0.163959099,-0.267156682,-0.756495491,-0.268073189,                 515P   1675
-0.162860755,-0.752558483,-0.320989856,-0.086088515,                 515P   1676
-0.749660451,-0.35994182,0.,-0.746649984,-0.35994182,                515P   1677
0.791524403218874,0.958191069885541,0.034947554,0.999374157,         515P   1678
-0.005473821;                                                        515P   1679
102,4,501,505,509,513;                                               517P   1680
102,4,503,507,511,515;                                               519P   1681
142,1,499,517,519,1;                                                 521P   1682
144,499,1,0,521;                                                     523P   1683
110,0.,0.643566682,0.,0.,40.013645422,0.;                            525P   1684
110,0.,-0.95532521,0.35994182,0.,-0.90382313,0.35994182;             527P   1685
120,525,527,0.,6.28318530717959;                                     529P   1686
126,1,1,1,0,1,0,0.,0.,1.,1.,1.,1.,0.994035785,3.141592654,0.,        531P   1687
0.,3.141592654,0.,0.,1.,0.,0.,1.;                                    531P   1688
110,0.,-0.904130299,-0.35994182,0.,-0.95532521,-0.35994182;          533P   1689
126,1,1,1,0,1,0,0.,0.,1.,1.,1.,1.,0.,3.141592654,0.,0.,              535P   1690
6.283185307,0.,0.,1.,0.,0.,1.;                                       535P   1691
124,6.12323399573677E-17,-1.,0.,-0.955325210459682,                  537P   1692
6.12323399573677E-17,3.74939945665464E-33,1.,                        537P   1693
-0.955325210459682,-1.,-6.12323399573677E-17,                        537P   1694
6.12323399573677E-17,-5.8496798056711E-17;                           537P   1695
100,0.,0.,-0.95532521,0.35994182,-0.95532521,-0.35994182,            539P   1696
-0.95532521;                                                         539P   1697
126,1,1,1,0,1,0,0.,0.,1.,1.,1.,1.,0.,6.283185307,0.,                 541P   1698
0.229599123,6.283185307,0.,0.,1.,0.,0.,1.;                           541P   1699
110,0.,-0.95532521,0.35994182,0.,-0.943500378,0.35994182;            543P   1700
126,40,2,1,0,1,0,0.,0.,0.,0.03125,0.03125,0.0625,0.0625,0.125,       545P   1701
0.125,0.1875,0.1875,0.25,0.25,0.3125,0.3125,0.375,0.375,0.4375,      545P   1702
0.4375,0.46875,0.46875,0.5,0.5,0.5625,0.5625,0.625,0.625,            545P   1703
0.65625,0.65625,0.6875,0.6875,0.75,0.75,0.8125,0.8125,0.84375,       545P   1704
0.84375,0.875,0.875,0.9375,0.9375,1.,1.,1.,1.,1.,1.,1.,1.,1.,        545P   1705
1.,1.,1.,1.,1.,1.,1.,1.,1.,1.,1.,1.,1.,1.,1.,1.,1.,1.,1.,1.,1.,      545P   1706
1.,1.,1.,1.,1.,1.,1.,1.,1.,1.,1.,1.,1.,1.,0.229599123,               545P   1707
6.283185307,0.,0.242510177,6.230357148,0.,0.253313775,               545P   1708
6.185244941,0.,0.264921505,6.136774946,0.,0.276301375,               545P   1709
6.08830495,0.,0.290227539,6.028989586,0.,0.323981332,                545P   1710
5.89208442,0.,0.348365583,5.793182056,0.,0.372826816,                545P   1711
5.694279692,0.,0.396864745,5.597088844,0.,0.420029322,               545P   1712
5.498713042,0.,0.440445083,5.412010967,0.,0.467150084,               545P   1713
5.303258617,0.,0.491435049,5.204361525,0.,0.515987769,               545P   1714
5.105464434,0.,0.540240813,5.007774425,0.,0.563736127,               545P   1715
4.909150464,0.,0.575281552,4.860687373,0.,0.586713719,               545P   1716
4.812224282,0.,0.59318967,4.784771519,0.,0.61038861,                 545P   1717
4.714338309,0.,0.621691834,4.668049276,0.,0.659104469,               545P   1718
4.516708938,0.,0.689313493,4.394508405,0.,0.707292985,               545P   1719
4.319795091,0.,0.714053247,4.291702994,0.,0.730363842,               545P   1720
4.222740206,0.,0.741150595,4.177132757,0.,0.753718796,               545P   1721
4.12529339,0.,0.769898751,4.058556817,0.,0.802199744,                545P   1722
3.927982333,0.,0.834957365,3.795561964,0.,0.850719384,               545P   1723
3.730618799,0.,0.86332709,3.678672137,0.,0.874120976,                545P   1724
3.633107802,0.,0.893043988,3.553227901,0.,0.897161826,               545P   1725
3.536094329,0.,0.915333989,3.460483276,0.,0.945296591,               545P   1726
3.339253608,0.,0.983950319,3.182859359,0.,0.994035785,               545P   1727
3.141592654,0.,0.,1.,0.,0.,-1.;                                      545P   1728
126,12,2,1,0,0,0,0.124857736552208,0.124857736552208,                547P   1729
0.124857736552208,0.133333333333333,0.133333333333333,               547P   1730
0.166666666666667,0.166666666666667,0.2,0.2,0.233333333333333,       547P   1731
0.233333333333333,0.266666666666667,0.266666666666667,               547P   1732
0.291524403218874,0.291524403218874,0.291524403218874,               547P   1733
0.490720892428506,0.493778977049706,0.50000137262589,                547P   1734
0.475529563592374,0.50000137262589,0.475529563592374,                547P   1735
0.50000137262589,0.475529563592374,0.50000137262589,                 547P   1736
0.475529563592374,0.50000137262589,0.481751959168558,                547P   1737
0.490720892428506,0.,-0.943500378,0.35994182,-0.02863814,            547P   1738
-0.942498918,0.35994182,-0.056915985,-0.941534861,0.355413399,       547P   1739
-0.172396799,-0.937597853,0.336920274,-0.254952753,                  547P   1740
-0.933660845,0.254081103,-0.337508708,-0.929723837,0.171241932,      547P   1741
-0.355606236,-0.92578683,0.055698462,-0.373703763,-0.921849822,      547P   1742
-0.059845008,-0.320430222,-0.917912814,-0.163959099,                 547P   1743
-0.267156682,-0.913975806,-0.268073189,-0.162860755,                 547P   1744
-0.910038798,-0.320989856,-0.086088515,-0.907140766,                 547P   1745
-0.35994182,0.,-0.904130299,-0.35994182,0.124857736552208,           547P   1746
0.291524403218874,0.034947554,0.999374157,-0.005473821;              547P   1747
102,4,531,535,541,545;                                               549P   1748
102,4,533,539,543,547;                                               551P   1749
142,1,529,549,551,1;                                                 553P   1750
144,529,1,0,553;                                                     555P   1751
110,0.,0.643566682,0.,0.,40.013645422,0.;                            557P   1752
110,0.,-0.90854179,0.35994182,0.,-0.824894207,0.35994182;            559P   1753
120,557,559,0.,6.28318530717959;                                     561P   1754
126,1,1,1,0,1,0,0.,0.,1.,1.,1.,1.,0.994071146,3.141592654,0.,        563P   1755
0.476594922,3.141592654,0.,0.,1.,0.,0.,1.;                           563P   1756
110,0.,-0.825390142,-0.35994182,0.,-0.868675777,-0.35994182;         565P   1757
126,40,2,1,0,1,0,0.,0.,0.,0.0625,0.0625,0.125,0.125,0.15625,         567P   1758
0.15625,0.1875,0.1875,0.25,0.25,0.3125,0.3125,0.34375,0.34375,       567P   1759
0.375,0.375,0.4375,0.4375,0.5,0.5,0.53125,0.53125,0.5625,            567P   1760
0.5625,0.625,0.625,0.6875,0.6875,0.75,0.75,0.8125,0.8125,0.875,      567P   1761
0.875,0.9375,0.9375,0.96875,0.96875,1.,1.,1.,1.,1.,1.,1.,1.,1.,      567P   1762
1.,1.,1.,1.,1.,1.,1.,1.,1.,1.,1.,1.,1.,1.,1.,1.,1.,1.,1.,1.,1.,      567P   1763
1.,1.,1.,1.,1.,1.,1.,1.,1.,1.,1.,1.,1.,1.,0.476594922,               567P   1764
3.141592654,0.,0.469891588,3.186164316,0.,0.446595051,               567P   1765
3.339233813,0.,0.428051494,3.46107394,0.,0.416937091,                567P   1766
3.536121455,0.,0.413317942,3.560558949,0.,0.402739382,               567P   1767
3.633160447,0.,0.396096264,3.678752695,0.,0.388349181,               567P   1768
3.730630698,0.,0.378476979,3.796739471,0.,0.358490518,               567P   1769
3.927961121,0.,0.33842695,4.059689016,0.,0.328625316,                567P   1770
4.125305946,0.,0.320871558,4.177213393,0.,0.314227235,               567P   1771
4.222793811,0.,0.303209663,4.298374942,0.,0.300034596,               567P   1772
4.319821437,0.,0.28888765,4.39511524,0.,0.270385719,4.51668901,      567P   1773
0.,0.246879869,4.671142868,0.,0.240381905,4.714338838,0.,            567P   1774
0.232442287,4.767118362,0.,0.225789532,4.812259628,0.,               567P   1775
0.218646633,4.860726682,0.,0.211638618,4.909193737,0.,               567P   1776
0.203155957,4.967859359,0.,0.182266499,5.105448483,0.,               567P   1777
0.167250921,5.2043491,0.,0.152193771,5.303249718,0.,                 567P   1778
0.137400807,5.40041507,0.,0.12314934,5.498775566,0.,                 567P   1779
0.110950473,5.582969463,0.,0.094118818,5.694270395,0.,               567P   1780
0.079162638,5.793169565,0.,0.064047407,5.892068736,0.,               567P   1781
0.049120678,5.989734541,0.,0.034663731,6.088349125,0.,               567P   1782
0.027558715,6.136814285,0.,0.020514508,6.185279445,0.,               567P   1783
0.016517208,6.212781453,0.,0.005928854,6.283185307,0.,0.,1.,0.,      567P   1784
0.,1.;                                                               567P   1785
126,12,2,1,0,0,0,0.708294290312897,0.708294290312897,                569P   1786
0.708294290312897,0.733333333333333,0.733333333333333,               569P   1787
0.766666666666667,0.766666666666667,0.8,0.8,0.833333333333333,       569P   1788
0.833333333333333,0.866666666666667,0.866666666666667,               569P   1789
0.874960956979564,0.874960956979564,0.874960956979564,               569P   1790
0.49085317498534,0.481618852250547,0.50000137262589,                 569P   1791
0.475529563592374,0.50000137262589,0.475529563592374,                569P   1792
0.50000137262589,0.475529563592374,0.50000137262589,                 569P   1793
0.475529563592374,0.50000137262589,0.493912083967717,                569P   1794
0.49085317498534,0.,-0.868675777,-0.35994182,-0.08674039,            569P   1795
-0.871707395,-0.35994182,-0.163959099,-0.874627371,                  569P   1796
-0.320430222,-0.268073189,-0.878564379,-0.267156682,                 569P   1797
-0.320989856,-0.882501387,-0.162860755,-0.373906523,                 569P   1798
-0.886438395,-0.058564829,-0.355413399,-0.890375402,                 569P   1799
0.056915985,-0.336920274,-0.89431241,0.172396799,-0.254081103,       569P   1800
-0.898249418,0.254952753,-0.171241932,-0.902186426,0.337508708,      569P   1801
-0.055698462,-0.906123434,0.355606236,-0.028017972,                  569P   1802
-0.907066614,0.35994182,0.,-0.908045855,0.35994182,                  569P   1803
0.708294290312897,0.874960956979564,0.034928603,-0.999374157,        569P   1804
-0.005593475;                                                        569P   1805
126,1,1,1,0,1,0,0.,0.,1.,1.,1.,1.,0.005928854,6.283185307,0.,        571P   1806
0.523405078,6.283185307,0.,0.,1.,0.,0.,1.;                           571P   1807
110,0.,-0.908045855,0.35994182,0.,-0.86476022,0.35994182;            573P   1808
126,40,2,1,0,1,0,0.,0.,0.,0.03125,0.03125,0.0625,0.0625,0.125,       575P   1809
0.125,0.1875,0.1875,0.25,0.25,0.3125,0.3125,0.375,0.375,0.4375,      575P   1810
0.4375,0.46875,0.46875,0.5,0.5,0.5625,0.5625,0.625,0.625,            575P   1811
0.65625,0.65625,0.6875,0.6875,0.75,0.75,0.8125,0.8125,0.84375,       575P   1812
0.84375,0.875,0.875,0.9375,0.9375,1.,1.,1.,1.,1.,1.,1.,1.,1.,        575P   1813
1.,1.,1.,1.,1.,1.,1.,1.,1.,1.,1.,1.,1.,1.,1.,1.,1.,1.,1.,1.,1.,      575P   1814
1.,1.,1.,1.,1.,1.,1.,1.,1.,1.,1.,1.,1.,1.,0.523405078,               575P   1815
6.283185307,0.,0.531354454,6.230357148,0.,0.538006264,               575P   1816
6.185244941,0.,0.54515318,6.136774946,0.,0.552159802,                575P   1817
6.08830495,0.,0.560734185,6.028989586,0.,0.581516502,                575P   1818
5.89208442,0.,0.596529962,5.793182056,0.,0.611590821,                575P   1819
5.694279692,0.,0.62639105,5.597088844,0.,0.640653553,                575P   1820
5.498713042,0.,0.653223601,5.412010967,0.,0.669665955,               575P   1821
5.303258617,0.,0.684618285,5.204361525,0.,0.699735472,               575P   1822
5.105464434,0.,0.714668148,5.007774425,0.,0.729134287,               575P   1823
4.909150464,0.,0.736242842,4.860687373,0.,0.743281663,               575P   1824
4.812224282,0.,0.747268926,4.784771519,0.,0.757858368,               575P   1825
4.714338309,0.,0.764817799,4.668049276,0.,0.787852876,               575P   1826
4.516708938,0.,0.806452668,4.394508405,0.,0.817522698,               575P   1827
4.319795091,0.,0.821685013,4.291702994,0.,0.831727498,               575P   1828
4.222740206,0.,0.838368936,4.177132757,0.,0.846107216,               575P   1829
4.12529339,0.,0.856069266,4.058556817,0.,0.875957089,                575P   1830
3.927982333,0.,0.89612606,3.795561964,0.,0.905830785,                575P   1831
3.730618799,0.,0.91359339,3.678672137,0.,0.920239219,                575P   1832
3.633107802,0.,0.931890178,3.553227901,0.,0.934425544,               575P   1833
3.536094329,0.,0.945614202,3.460483276,0.,0.96406227,                575P   1834
3.339253608,0.,0.987861492,3.182859359,0.,0.994071146,               575P   1835
3.141592654,0.,0.,1.,0.,0.,-1.;                                      575P   1836
126,12,2,1,0,0,0,0.458191069885541,0.458191069885541,                577P   1837
0.458191069885541,0.466666666666667,0.466666666666667,0.5,0.5,       577P   1838
0.533333333333333,0.533333333333333,0.566666666666667,               577P   1839
0.566666666666667,0.6,0.6,0.624857736552208,0.624857736552208,       577P   1840
0.624857736552208,0.490720892428506,0.493778977049706,               577P   1841
0.50000137262589,0.475529563592374,0.50000137262589,                 577P   1842
0.475529563592374,0.50000137262589,0.475529563592374,                577P   1843
0.50000137262589,0.475529563592374,0.50000137262589,                 577P   1844
0.481751959168558,0.490720892428506,0.,-0.86476022,0.35994182,       577P   1845
-0.02863814,-0.863758761,0.35994182,-0.056915985,-0.862794704,       577P   1846
0.355413399,-0.172396799,-0.858857696,0.336920274,-0.254952753,      577P   1847
-0.854920688,0.254081103,-0.337508708,-0.85098368,0.171241932,       577P   1848
-0.355606236,-0.847046672,0.055698462,-0.373703763,                  577P   1849
-0.843109664,-0.059845008,-0.320430222,-0.839172656,                 577P   1850
-0.163959099,-0.267156682,-0.835235648,-0.268073189,                 577P   1851
-0.162860755,-0.831298641,-0.320989856,-0.086088515,                 577P   1852
-0.828400609,-0.35994182,0.,-0.825390142,-0.35994182,                577P   1853
0.458191069885541,0.624857736552208,0.034947554,0.999374157,         577P   1854
-0.005473821;                                                        577P   1855
102,4,563,567,571,575;                                               579P   1856
102,4,565,569,573,577;                                               581P   1857
142,1,561,579,581,1;                                                 583P   1858
144,561,1,0,583;                                                     585P   1859
110,0.,0.643566682,0.,0.,40.013645422,0.;                            587P   1860
110,0.,-0.750896983,0.35994182,0.,-0.69532521,0.35994182;            589P   1861
120,587,589,0.,6.28318530717959;                                     591P   1862
126,1,1,1,0,1,0,0.,0.,1.,1.,1.,1.,1.,3.141592654,0.,                 593P   1863
0.714418836,3.141592654,0.,0.,1.,0.,0.,1.;                           593P   1864
110,0.,-0.69532521,-0.35994182,0.,-0.711195462,-0.35994182;          595P   1865
126,40,2,1,0,1,0,0.,0.,0.,0.0625,0.0625,0.125,0.125,0.15625,         597P   1866
0.15625,0.1875,0.1875,0.25,0.25,0.3125,0.3125,0.34375,0.34375,       597P   1867
0.375,0.375,0.4375,0.4375,0.5,0.5,0.53125,0.53125,0.5625,            597P   1868
0.5625,0.625,0.625,0.6875,0.6875,0.75,0.75,0.8125,0.8125,0.875,      597P   1869
0.875,0.9375,0.9375,0.96875,0.96875,1.,1.,1.,1.,1.,1.,1.,1.,1.,      597P   1870
1.,1.,1.,1.,1.,1.,1.,1.,1.,1.,1.,1.,1.,1.,1.,1.,1.,1.,1.,1.,1.,      597P   1871
1.,1.,1.,1.,1.,1.,1.,1.,1.,1.,1.,1.,1.,1.,0.714418836,               597P   1872
3.141592654,0.,0.704328864,3.186164316,0.,0.669262517,               597P   1873
3.339233813,0.,0.641350437,3.46107394,0.,0.624620848,                597P   1874
3.536121455,0.,0.619173243,3.560558949,0.,0.603250214,               597P   1875
3.633160447,0.,0.593250879,3.678752695,0.,0.581589837,               597P   1876
3.730630698,0.,0.566730029,3.796739471,0.,0.536646066,               597P   1877
3.927961121,0.,0.50644604,4.059689016,0.,0.491692453,                597P   1878
4.125305946,0.,0.480021364,4.177213393,0.,0.470020214,               597P   1879
4.222793811,0.,0.453436378,4.298374942,0.,0.448657212,               597P   1880
4.319821437,0.,0.431878638,4.39511524,0.,0.404029214,                597P   1881
4.51668901,0.,0.368647807,4.671142868,0.,0.35886696,                 597P   1882
4.714338838,0.,0.346916112,4.767118362,0.,0.33690227,                597P   1883
4.812259628,0.,0.326150657,4.860726682,0.,0.315602072,               597P   1884
4.909193737,0.,0.302833827,4.967859359,0.,0.271390657,               597P   1885
5.105448483,0.,0.248788951,5.2043491,0.,0.226124672,                 597P   1886
5.303249718,0.,0.203858049,5.40041507,0.,0.182406496,                597P   1887
5.498775566,0.,0.164044553,5.582969463,0.,0.138709258,               597P   1888
5.694270395,0.,0.116196961,5.793169565,0.,0.093445256,               597P   1889
5.892068736,0.,0.070977287,5.989734541,0.,0.049216444,               597P   1890
6.088349125,0.,0.038521851,6.136814285,0.,0.027918792,               597P   1891
6.185279445,0.,0.021901986,6.212781453,0.,0.005964215,               597P   1892
6.283185307,0.,0.,1.,0.,0.,1.;                                       597P   1893
126,12,2,1,0,0,0,0.0416276236462303,0.0416276236462303,              599P   1894
0.0416276236462303,0.0666666666666667,0.0666666666666667,0.1,        599P   1895
0.1,0.133333333333333,0.133333333333333,0.166666666666667,           599P   1896
0.166666666666667,0.2,0.2,0.208294290312897,0.208294290312897,       599P   1897
0.208294290312897,0.49085317498534,0.481618852250547,                599P   1898
0.50000137262589,0.475529563592374,0.50000137262589,                 599P   1899
0.475529563592374,0.50000137262589,0.475529563592374,                599P   1900
0.50000137262589,0.475529563592374,0.50000137262589,                 599P   1901
0.493912083967717,0.49085317498534,0.,-0.711195462,-0.35994182,      599P   1902
-0.08674039,-0.71422708,-0.35994182,-0.163959099,-0.717147056,       599P   1903
-0.320430222,-0.268073189,-0.721084064,-0.267156682,                 599P   1904
-0.320989856,-0.725021072,-0.162860755,-0.373906523,                 599P   1905
-0.72895808,-0.058564829,-0.355413399,-0.732895087,0.056915985,      599P   1906
-0.336920274,-0.736832095,0.172396799,-0.254081103,                  599P   1907
-0.740769103,0.254952753,-0.171241932,-0.744706111,0.337508708,      599P   1908
-0.055698462,-0.748643119,0.355606236,-0.028017972,                  599P   1909
-0.749586299,0.35994182,0.,-0.750565541,0.35994182,                  599P   1910
0.0416276236462303,0.208294290312897,0.034928603,-0.999374157,       599P   1911
-0.005593475;                                                        599P   1912
126,1,1,1,0,1,0,0.,0.,1.,1.,1.,1.,0.005964215,6.283185307,0.,        601P   1913
1.,6.283185307,0.,0.,1.,0.,0.,1.;                                    601P   1914
110,0.,-0.750565541,0.35994182,0.,-0.69532521,0.35994182;            603P   1915
126,1,1,1,0,1,0,0.,0.,1.,1.,1.,1.,1.,6.283185307,0.,1.,              605P   1916
3.141592654,0.,0.,1.,0.,0.,1.;                                       605P   1917
124,6.12323399573677E-17,-1.,0.,-0.695325210459682,                  607P   1918
6.12323399573677E-17,3.74939945665464E-33,-1.,                       607P   1919
-0.695325210459682,1.,6.12323399573677E-17,                          607P   1920
6.12323399573677E-17,4.25763896677954E-17;                           607P   1921
100,0.,0.,-0.69532521,0.35994182,-0.69532521,-0.35994182,            609P   1922
-0.69532521;                                                         609P   1923
102,4,593,597,601,605;                                               611P   1924
102,4,595,599,603,609;                                               613P   1925
142,1,591,611,613,1;                                                 615P   1926
144,591,1,0,615;                                                     617P   1927
110,0.,0.643566682,0.,0.,40.013645422,0.;                            619P   1928
110,0.,-0.95532521,0.31994182,0.,-0.69532521,0.31994182;             621P   1929
120,619,621,0.,6.28318530717959;                                     623P   1930
126,1,1,1,0,1,0,0.,0.,1.,1.,1.,1.,0.,6.283185307,0.,1.,              625P   1931
6.283185307,0.,0.,1.,0.,0.,1.;                                       625P   1932
110,0.,-0.95532521,0.31994182,0.,-0.69532521,0.31994182;             627P   1933
126,1,1,1,0,1,0,0.,0.,1.,1.,1.,1.,1.,6.283185307,0.,1.,              629P   1934
3.141592654,0.,0.,1.,0.,0.,1.;                                       629P   1935
124,6.12323399573677E-17,-1.,0.,-0.695325210459682,                  631P   1936
6.12323399573677E-17,3.74939945665464E-33,-1.,                       631P   1937
-0.695325210459682,1.,6.12323399573677E-17,                          631P   1938
6.12323399573677E-17,4.25763896677954E-17;                           631P   1939
100,0.,0.,-0.69532521,0.31994182,-0.69532521,-0.31994182,            633P   1940
-0.69532521;                                                         633P   1941
126,1,1,1,0,1,0,0.,0.,1.,1.,1.,1.,1.,3.141592654,0.,0.,              635P   1942
3.141592654,0.,0.,1.,0.,0.,1.;                                       635P   1943
110,0.,-0.69532521,-0.31994182,0.,-0.95532521,-0.31994182;           637P   1944
126,1,1,1,0,1,0,0.,0.,1.,1.,1.,1.,0.,3.141592654,0.,0.,              639P   1945
6.283185307,0.,0.,1.,0.,0.,1.;                                       639P   1946
124,6.12323399573677E-17,-1.,0.,-0.955325210459682,                  641P   1947
6.12323399573677E-17,3.74939945665464E-33,1.,                        641P   1948
-0.955325210459682,-1.,-6.12323399573677E-17,                        641P   1949
6.12323399573677E-17,-5.8496798056711E-17;                           641P   1950
100,0.,0.,-0.95532521,0.31994182,-0.95532521,-0.31994182,            643P   1951
-0.95532521;                                                         643P   1952
102,4,625,629,635,639;                                               645P   1953
102,4,627,633,637,643;                                               647P   1954
142,1,623,645,647,1;                                                 649P   1955
144,623,1,0,649;                                                     651P   1956
128,3,3,3,3,0,0,0,0,0,0.,0.,0.,0.,1.,1.,1.,1.,0.,0.,0.,0.,1.,        653P   1957
1.,1.,1.,1.,0.984475288773623,0.984475288773623,1.,                  653P   1958
0.333333333333333,0.328158429591208,0.328158429591208,               653P   1959
0.333333333333333,0.333333333333333,0.328158429591208,               653P   1960
0.328158429591208,0.333333333333333,1.,0.984475288773623,            653P   1961
0.984475288773623,1.,0.,-0.769586349,0.303040203,0.,                 653P   1962
-0.660555104,0.322181279,0.,-0.5581696,0.364269307,0.,               653P   1963
-0.467198355,0.427344072,0.606080405,-0.769586349,0.303040203,       653P   1964
0.644362559,-0.660555104,0.322181279,0.728538614,-0.5581696,         653P   1965
0.364269307,0.854688143,-0.467198355,0.427344072,0.606080405,        653P   1966
-0.769586349,-0.303040203,0.644362559,-0.660555104,                  653P   1967
-0.322181279,0.728538614,-0.5581696,-0.364269307,0.854688143,        653P   1968
-0.467198355,-0.427344072,0.,-0.769586349,-0.303040203,0.,           653P   1969
-0.660555104,-0.322181279,0.,-0.5581696,-0.364269307,0.,             653P   1970
-0.467198355,-0.427344072,0.,1.,0.,1.;                               653P   1971
126,1,1,1,0,1,0,0.,0.,1.,1.,1.,1.,0.768020048,0.,0.,                 655P   1972
0.768020048,1.,0.,0.,1.,0.,0.,1.;                                    655P   1973
124,1.40271576953299E-14,1.,0.,0.531876844459469,                    657P   1974
-6.12323399573677E-17,8.58915688636046E-31,1.,                       657P   1975
-0.531876844459469,1.,-1.40271576953299E-14,                         657P   1976
6.12323399573677E-17,-7.46072037172742E-15;                          657P   1977
100,0.,0.,-0.531876844,0.387131208,-0.531876844,-0.387131208,        659P   1978
-0.531876844;                                                        659P   1979
126,1,1,1,0,1,0,0.,0.,1.,1.,1.,1.,0.768020048,1.,0.,                 661P   1980
0.231979952,1.,0.,0.,1.,0.,0.,1.;                                    661P   1981
124,-5.35519729070611E-17,-2.96915081195961E-17,1.,                  663P   1982
1.05348345226411,0.484899125858467,-0.874570087381048,0.,            663P   1983
-1.68960827681986,0.874570087381048,0.484899125858467,               663P   1984
6.12323399573677E-17,-0.616428800646467;                             663P   1985
100,-1.053483452,0.,-0.901331078,0.761919775,-0.901331078,           665P   1986
0.741425635,-0.72580395;                                             665P   1987
126,1,1,1,0,1,0,0.,0.,1.,1.,1.,1.,0.231979952,1.,0.,                 667P   1988
0.231979952,0.,0.,0.,1.,0.,0.,1.;                                    667P   1989
124,1.40271576953299E-14,1.,0.,0.695325210459682,                    669P   1990
-6.12323399573677E-17,8.58915688636046E-31,-1.,                      669P   1991
-0.695325210459682,-1.,1.40271576953299E-14,                         669P   1992
6.12323399573677E-17,9.75343637665641E-15;                           669P   1993
100,0.,0.,-0.69532521,0.31994182,-0.69532521,-0.31994182,            671P   1994
-0.69532521;                                                         671P   1995
126,1,1,1,0,1,0,0.,0.,1.,1.,1.,1.,0.231979952,0.,0.,                 673P   1996
0.768020048,0.,0.,0.,1.,0.,0.,1.;                                    673P   1997
124,5.89517060395571E-17,-1.65558392019339E-17,1.,                   675P   1998
-1.05348345226411,0.270377372699797,0.96275442161122,0.,             675P   1999
-0.0335705973034838,-0.96275442161122,0.270377372699797,             675P   2000
6.12323399573677E-17,1.29718298094731;                               675P   2001
100,1.053483452,0.,-0.901331078,0.761919775,-0.901331078,            677P   2002
0.741425635,-0.72580395;                                             677P   2003
102,4,655,661,667,673;                                               679P   2004
102,4,659,665,671,677;                                               681P   2005
142,1,653,679,681,1;                                                 683P   2006
144,653,1,0,683;                                                     685P   2007
128,3,3,3,3,0,0,0,0,0,0.,0.,0.,0.,1.,1.,1.,1.,0.,0.,0.,0.,1.,        687P   2008
1.,1.,1.,1.,0.993623949951633,0.993623949951633,1.,                  687P   2009
0.333333333333333,0.331207983317211,0.331207983317211,               687P   2010
0.333333333333333,0.333333333333333,0.331207983317211,               687P   2011
0.331207983317211,0.333333333333333,1.,0.993623949951633,            687P   2012
0.993623949951633,1.,0.,-0.91032253,-0.343478788,0.,                 687P   2013
-0.710697877,-0.348754909,0.,-0.513710414,-0.381523475,0.,           687P   2014
-0.323128147,-0.441157685,-0.686957576,-0.91032253,                  687P   2015
-0.343478788,-0.697509819,-0.710697877,-0.348754909,                 687P   2016
-0.763046951,-0.513710414,-0.381523475,-0.882315369,                 687P   2017
-0.323128147,-0.441157685,-0.686957576,-0.91032253,0.343478788,      687P   2018
-0.697509819,-0.710697877,0.348754909,-0.763046951,                  687P   2019
-0.513710414,0.381523475,-0.882315369,-0.323128147,0.441157685,      687P   2020
0.,-0.91032253,0.343478788,0.,-0.710697877,0.348754909,0.,           687P   2021
-0.513710414,0.381523475,0.,-0.323128147,0.441157685,0.,1.,0.,       687P   2022
1.;                                                                  687P   2023
126,1,1,1,0,1,0,0.,0.,1.,1.,1.,1.,0.638562954,1.,0.,                 689P   2024
0.361437046,1.,0.,0.,1.,0.,0.,1.;                                    689P   2025
124,-5.99718660836624E-17,-1.23602077287522E-17,-1.,                 691P   2026
2.49989156018874,0.201857510873468,-0.97941489947007,0.,             691P   2027
-1.91472162101518,-0.97941489947007,-0.201857510873468,              691P   2028
6.12323399573677E-17,2.30463136459397;                               691P   2029
100,2.49989156,0.,-0.967316969,2.157165828,-0.967316969,             693P   2030
2.150802239,-0.801744822;                                            693P   2031
126,1,1,1,0,1,0,0.,0.,1.,1.,1.,1.,0.361437046,1.,0.,                 695P   2032
0.361437046,0.,0.,0.,1.,0.,0.,1.;                                    695P   2033
124,6.12323399573677E-17,-1.,0.,-0.695325210459682,                  697P   2034
6.12323399573677E-17,3.74939945665464E-33,-1.,                       697P   2035
-0.695325210459682,1.,6.12323399573677E-17,                          697P   2036
6.12323399573677E-17,4.25763896677954E-17;                           697P   2037
100,0.,0.,-0.69532521,0.35994182,-0.69532521,-0.35994182,            699P   2038
-0.69532521;                                                         699P   2039
126,1,1,1,0,1,0,0.,0.,1.,1.,1.,1.,0.361437046,0.,0.,                 701P   2040
0.638562954,0.,0.,0.,1.,0.,0.,1.;                                    701P   2041
124,-6.98797612396781E-15,8.88185305806832E-16,-1.,                  703P   2042
-2.49989156018874,0.126087552031451,0.992019117367562,0.,            703P   2043
-0.00772004319822259,0.992019117367562,-0.126087552031451,           703P   2044
-7.04419501764363E-15,-2.62185818885268;                             703P   2045
100,-2.49989156,0.,-0.967316969,2.157165828,-0.967316969,            705P   2046
2.150802239,-0.801744822;                                            705P   2047
126,1,1,1,0,1,0,0.,0.,1.,1.,1.,1.,0.638562954,0.,0.,                 707P   2048
0.638562954,1.,0.,0.,1.,0.,0.,1.;                                    707P   2049
124,6.12323399573677E-17,-1.,0.,-0.531876844459469,                  709P   2050
6.12323399573677E-17,3.74939945665464E-33,1.,                        709P   2051
-0.531876844459469,-1.,-6.12323399573677E-17,                        709P   2052
6.12323399573677E-17,-3.25680637553942E-17;                          709P   2053
100,0.,0.,-0.531876844,0.387131208,-0.531876844,-0.387131208,        711P   2054
-0.531876844;                                                        711P   2055
102,4,689,695,701,707;                                               713P   2056
102,4,693,699,705,711;                                               715P   2057
142,1,687,713,715,1;                                                 717P   2058
144,687,1,0,717;                                                     719P   2059
128,3,3,3,3,0,0,0,0,0,0.,0.,0.,0.,1.,1.,1.,1.,0.,0.,0.,0.,1.,        721P   2060
1.,1.,1.,1.,0.993623949951633,0.993623949951633,1.,                  721P   2061
0.333333333333333,0.331207983317211,0.331207983317211,               721P   2062
0.333333333333333,0.333333333333333,0.331207983317211,               721P   2063
0.331207983317211,0.333333333333333,1.,0.993623949951633,            721P   2064
0.993623949951633,1.,0.,-0.91032253,0.343478788,0.,                  721P   2065
-0.710697877,0.348754909,0.,-0.513710414,0.381523475,0.,             721P   2066
-0.323128147,0.441157685,0.686957576,-0.91032253,0.343478788,        721P   2067
0.697509819,-0.710697877,0.348754909,0.763046951,-0.513710414,       721P   2068
0.381523475,0.882315369,-0.323128147,0.441157685,0.686957576,        721P   2069
-0.91032253,-0.343478788,0.697509819,-0.710697877,-0.348754909,      721P   2070
0.763046951,-0.513710414,-0.381523475,0.882315369,-0.323128147,      721P   2071
-0.441157685,0.,-0.91032253,-0.343478788,0.,-0.710697877,            721P   2072
-0.348754909,0.,-0.513710414,-0.381523475,0.,-0.323128147,           721P   2073
-0.441157685,0.,1.,0.,1.;                                            721P   2074
126,1,1,1,0,1,0,0.,0.,1.,1.,1.,1.,0.361437046,1.,0.,                 723P   2075
0.361437046,0.,0.,0.,1.,0.,0.,1.;                                    723P   2076
124,1.40271576953299E-14,1.,0.,0.695325210459682,                    725P   2077
-6.12323399573677E-17,8.58915688636046E-31,-1.,                      725P   2078
-0.695325210459682,-1.,1.40271576953299E-14,                         725P   2079
6.12323399573677E-17,9.75343637665641E-15;                           725P   2080
100,0.,0.,-0.69532521,0.35994182,-0.69532521,-0.35994182,            727P   2081
-0.69532521;                                                         727P   2082
126,1,1,1,0,1,0,0.,0.,1.,1.,1.,1.,0.361437046,0.,0.,                 729P   2083
0.638562954,0.,0.,0.,1.,0.,0.,1.;                                    729P   2084
124,6.07436518388583E-17,-7.72063585038211E-18,1.,                   731P   2085
-2.49989156018874,0.126087552031451,0.992019117367562,0.,            731P   2086
-0.00772004319822252,-0.992019117367562,0.126087552031451,           731P   2087
6.12323399573677E-17,2.62185818885266;                               731P   2088
100,2.49989156,0.,-0.967316969,2.157165828,-0.967316969,             733P   2089
2.150802239,-0.801744822;                                            733P   2090
126,1,1,1,0,1,0,0.,0.,1.,1.,1.,1.,0.638562954,0.,0.,                 735P   2091
0.638562954,1.,0.,0.,1.,0.,0.,1.;                                    735P   2092
124,1.40271576953299E-14,1.,0.,0.531876844459469,                    737P   2093
-6.12323399573677E-17,8.58915688636046E-31,1.,                       737P   2094
-0.531876844459469,1.,-1.40271576953299E-14,                         737P   2095
6.12323399573677E-17,-7.46072037172742E-15;                          737P   2096
100,0.,0.,-0.531876844,0.387131208,-0.531876844,-0.387131208,        739P   2097
-0.531876844;                                                        739P   2098
126,1,1,1,0,1,0,0.,0.,1.,1.,1.,1.,0.638562954,1.,0.,                 741P   2099
0.361437046,1.,0.,0.,1.,0.,0.,1.;                                    741P   2100
124,-5.99718660836624E-17,-1.23602077287522E-17,1.,                  743P   2101
2.49989156018874,0.201857510873468,-0.97941489947007,0.,             743P   2102
-1.91472162101518,0.97941489947007,0.201857510873468,                743P   2103
6.12323399573677E-17,-2.30463136459397;                              743P   2104
100,-2.49989156,0.,-0.967316969,2.157165828,-0.967316969,            745P   2105
2.150802239,-0.801744822;                                            745P   2106
102,4,723,729,735,741;                                               747P   2107
102,4,727,733,739,745;                                               749P   2108
142,1,721,747,749,1;                                                 751P   2109
144,721,1,0,751;                                                     753P   2110
128,3,3,3,3,0,0,0,0,0,0.,0.,0.,0.,1.,1.,1.,1.,0.,0.,0.,0.,1.,        755P   2111
1.,1.,1.,1.,0.984475288773623,0.984475288773623,1.,                  755P   2112
0.333333333333333,0.328158429591208,0.328158429591208,               755P   2113
0.333333333333333,0.333333333333333,0.328158429591208,               755P   2114
0.328158429591208,0.333333333333333,1.,0.984475288773623,            755P   2115
0.984475288773623,1.,0.,-0.769586349,-0.303040203,0.,                755P   2116
-0.660555104,-0.322181279,0.,-0.5581696,-0.364269307,0.,             755P   2117
-0.467198355,-0.427344072,-0.606080405,-0.769586349,                 755P   2118
-0.303040203,-0.644362559,-0.660555104,-0.322181279,                 755P   2119
-0.728538614,-0.5581696,-0.364269307,-0.854688143,-0.467198355,      755P   2120
-0.427344072,-0.606080405,-0.769586349,0.303040203,                  755P   2121
-0.644362559,-0.660555104,0.322181279,-0.728538614,-0.5581696,       755P   2122
0.364269307,-0.854688143,-0.467198355,0.427344072,0.,                755P   2123
-0.769586349,0.303040203,0.,-0.660555104,0.322181279,0.,             755P   2124
-0.5581696,0.364269307,0.,-0.467198355,0.427344072,0.,1.,0.,1.;      755P   2125
126,1,1,1,0,1,0,0.,0.,1.,1.,1.,1.,0.231979952,0.,0.,                 757P   2126
0.768020048,0.,0.,0.,1.,0.,0.,1.;                                    757P   2127
124,-6.78182989992813E-15,1.90459094165549E-15,-1.,                  759P   2128
-1.05348345226411,0.270377372699797,0.96275442161122,0.,             759P   2129
-0.0335705973034838,0.96275442161122,-0.270377372699797,             759P   2130
-7.04419501764363E-15,-1.29718298094732;                             759P   2131
100,-1.053483452,0.,-0.901331078,0.761919775,-0.901331078,           761P   2132
0.741425635,-0.72580395;                                             761P   2133
126,1,1,1,0,1,0,0.,0.,1.,1.,1.,1.,0.768020048,0.,0.,                 763P   2134
0.768020048,1.,0.,0.,1.,0.,0.,1.;                                    763P   2135
124,6.12323399573677E-17,-1.,0.,-0.531876844459469,                  765P   2136
6.12323399573677E-17,3.74939945665464E-33,1.,                        765P   2137
-0.531876844459469,-1.,-6.12323399573677E-17,                        765P   2138
6.12323399573677E-17,-3.25680637553942E-17;                          765P   2139
100,0.,0.,-0.531876844,0.387131208,-0.531876844,-0.387131208,        767P   2140
-0.531876844;                                                        767P   2141
126,1,1,1,0,1,0,0.,0.,1.,1.,1.,1.,0.768020048,1.,0.,                 769P   2142
0.231979952,1.,0.,0.,1.,0.,0.,1.;                                    769P   2143
124,-5.35519729070611E-17,-2.96915081195961E-17,-1.,                 771P   2144
1.05348345226411,0.484899125858467,-0.874570087381048,0.,            771P   2145
-1.68960827681986,-0.874570087381048,-0.484899125858467,             771P   2146
6.12323399573677E-17,0.616428800646467;                              771P   2147
100,1.053483452,0.,-0.901331078,0.761919775,-0.901331078,            773P   2148
0.741425635,-0.72580395;                                             773P   2149
126,1,1,1,0,1,0,0.,0.,1.,1.,1.,1.,0.231979952,1.,0.,                 775P   2150
0.231979952,0.,0.,0.,1.,0.,0.,1.;                                    775P   2151
124,6.12323399573677E-17,-1.,0.,-0.695325210459682,                  777P   2152
6.12323399573677E-17,3.74939945665464E-33,-1.,                       777P   2153
-0.695325210459682,1.,6.12323399573677E-17,                          777P   2154
6.12323399573677E-17,4.25763896677954E-17;                           777P   2155
100,0.,0.,-0.69532521,0.31994182,-0.69532521,-0.31994182,            779P   2156
-0.69532521;                                                         779P   2157
102,4,757,763,769,775;                                               781P   2158
102,4,761,767,773,779;                                               783P   2159
142,1,755,781,783,1;                                                 785P   2160
144,755,1,0,785;                                                     787P   2161
110,0.,0.643566682,0.,0.,40.013645422,0.;                            789P   2162
110,0.,-0.95532521,0.31994182,0.,-0.69532521,0.31994182;             791P   2163
120,789,791,0.,6.28318530717959;                                     793P   2164
126,1,1,1,0,1,0,0.,0.,1.,1.,1.,1.,1.,3.141592654,0.,1.,0.,0.,        795P   2165
0.,1.,0.,0.,1.;                                                      795P   2166
124,1.40271576953299E-14,1.,0.,0.695325210459682,                    797P   2167
-6.12323399573677E-17,8.58915688636046E-31,-1.,                      797P   2168
-0.695325210459682,-1.,1.40271576953299E-14,                         797P   2169
6.12323399573677E-17,9.75343637665641E-15;                           797P   2170
100,0.,0.,-0.69532521,0.31994182,-0.69532521,-0.31994182,            799P   2171
-0.69532521;                                                         799P   2172
126,1,1,1,0,1,0,0.,0.,1.,1.,1.,1.,1.,0.,0.,0.,0.,0.,0.,1.,0.,        801P   2173
0.,1.;                                                               801P   2174
110,0.,-0.69532521,0.31994182,0.,-0.95532521,0.31994182;             803P   2175
126,1,1,1,0,1,0,0.,0.,1.,1.,1.,1.,0.,0.,0.,0.,3.141592654,0.,        805P   2176
0.,1.,0.,0.,1.;                                                      805P   2177
124,1.40271576953299E-14,1.,0.,0.955325210459682,                    807P   2178
-6.12323399573677E-17,8.58915688636046E-31,1.,                       807P   2179
-0.955325210459682,1.,-1.40271576953299E-14,                         807P   2180
6.12323399573677E-17,-1.34004973774422E-14;                          807P   2181
100,0.,0.,-0.95532521,0.31994182,-0.95532521,-0.31994182,            809P   2182
-0.95532521;                                                         809P   2183
126,1,1,1,0,1,0,0.,0.,1.,1.,1.,1.,0.,3.141592654,0.,1.,              811P   2184
3.141592654,0.,0.,1.,0.,0.,1.;                                       811P   2185
110,0.,-0.95532521,-0.31994182,0.,-0.69532521,-0.31994182;           813P   2186
102,4,795,801,805,811;                                               815P   2187
102,4,799,803,809,813;                                               817P   2188
142,1,793,815,817,1;                                                 819P   2189
144,793,1,0,819;                                                     821P   2190
128,1,1,1,1,0,0,1,0,0,0.,0.,1.,1.,0.,0.,1.,1.,1.,1.,1.,1.,           823P   2191
-0.364175555,-0.95532521,-0.364261121,-0.364175555,-0.95532521,      823P   2192
0.364261121,0.349914498,-0.95532521,-0.364261121,0.349914498,        823P   2193
-0.95532521,0.364261121,0.,1.,0.,1.;                                 823P   2194
126,32,2,1,0,1,0,0.,0.,0.,0.0625,0.0625,0.125,0.125,0.1875,          825P   2195
0.1875,0.25,0.25,0.3125,0.3125,0.375,0.375,0.4375,0.4375,0.5,        825P   2196
0.5,0.5625,0.5625,0.625,0.625,0.6875,0.6875,0.75,0.75,0.8125,        825P   2197
0.8125,0.875,0.875,0.9375,0.9375,1.,1.,1.,1.,1.,1.,1.,1.,1.,1.,      825P   2198
1.,1.,1.,1.,1.,1.,1.,1.,1.,1.,1.,1.,1.,1.,1.,1.,1.,1.,1.,1.,1.,      825P   2199
1.,1.,1.,1.,1.,0.005928854,0.509985476,0.,0.005928854,               825P   2200
0.460340231,0.,0.015422292,0.411648907,0.,0.024915731,               825P   2201
0.362957582,0.,0.04353778,0.317091357,0.,0.06215983,                 825P   2202
0.271225133,0.,0.089194856,0.229946621,0.,0.116229881,               825P   2203
0.188668109,0.,0.150638942,0.15356362,0.,0.185048003,                825P   2204
0.118459131,0.,0.225508778,0.090877712,0.,0.265969553,               825P   2205
0.063296292,0.,0.310927158,0.044297879,0.,0.355884763,               825P   2206
0.025299467,0.,0.403611501,0.01561416,0.,0.451338239,                825P   2207
0.005928854,0.,0.5,0.005928854,0.,0.548661761,0.005928854,0.,        825P   2208
0.596388499,0.01561416,0.,0.644115237,0.025299467,0.,                825P   2209
0.689072842,0.044297879,0.,0.734030447,0.063296292,0.,               825P   2210
0.774491222,0.090877712,0.,0.814951997,0.118459131,0.,               825P   2211
0.849361058,0.15356362,0.,0.883770119,0.188668109,0.,                825P   2212
0.910805144,0.229946621,0.,0.93784017,0.271225133,0.,                825P   2213
0.95646222,0.317091357,0.,0.975084269,0.362957582,0.,                825P   2214
0.984577708,0.411648907,0.,0.994071146,0.460340231,0.,               825P   2215
0.994071146,0.509985476,0.,0.,1.,0.,0.,-1.;                          825P   2216
124,6.12323399573677E-17,-1.,0.,-0.955325210459682,                  827P   2217
6.12323399573677E-17,3.74939945665464E-33,1.,                        827P   2218
-0.955325210459682,-1.,-6.12323399573677E-17,                        827P   2219
6.12323399573677E-17,-5.8496798056711E-17;                           827P   2220
100,0.,0.,-0.95532521,0.35994182,-0.95532521,-0.35994182,            829P   2221
-0.95532521;                                                         829P   2222
126,16,2,1,0,1,0,0.,0.,0.,0.125,0.125,0.25,0.25,0.375,0.375,         831P   2223
0.5,0.5,0.625,0.625,0.75,0.75,0.875,0.875,1.,1.,1.,1.,1.,1.,1.,      831P   2224
1.,1.,1.,1.,1.,1.,1.,1.,1.,1.,1.,1.,1.,0.994071146,0.509985476,      831P   2225
0.,0.994071146,0.539622663,0.,0.990666782,0.569055638,0.,            831P   2226
0.987262418,0.598488613,0.,0.980500605,0.627311762,0.,               831P   2227
0.973738792,0.656134912,0.,0.963712713,0.683951029,0.,               831P   2228
0.953686635,0.711767146,0.,0.940534459,0.7381929,0.,                 831P   2229
0.927382284,0.764618654,0.,0.911285259,0.789289875,0.,               831P   2230
0.895188234,0.813961096,0.,0.876368191,0.836537793,0.,               831P   2231
0.857548149,0.85911449,0.,0.836264444,0.879285538,0.,                831P   2232
0.81498074,0.899456585,0.,0.791526682,0.916944008,0.,0.,1.,0.,       831P   2233
0.,-1.;                                                              831P   2234
124,1.40271576953299E-14,1.,0.,0.955325210459682,                    833P   2235
-6.12323399573677E-17,8.58915688636046E-31,1.,                       833P   2236
-0.955325210459682,1.,-1.40271576953299E-14,                         833P   2237
6.12323399573677E-17,-1.34004973774422E-14;                          833P   2238
100,0.,0.,-0.95532521,0.35994182,-0.95532521,0.212383672,            835P   2239
-0.664720171;                                                        835P   2240
126,26,2,1,0,1,0,0.,0.,0.,0.0078125,0.0078125,0.015625,              837P   2241
0.015625,0.03125,0.03125,0.046875,0.046875,0.0625,0.0625,0.125,      837P   2242
0.125,0.25,0.25,0.375,0.375,0.5,0.5,0.625,0.625,0.75,0.75,           837P   2243
0.875,0.875,1.,1.,1.,1.,1.,1.,1.,1.,1.,1.,1.,1.,1.,1.,1.,1.,1.,      837P   2244
1.,1.,1.,1.,1.,1.,1.,1.,1.,1.,1.,1.,1.,0.791526682,0.916944008,      837P   2245
0.,0.790657553,0.915941091,0.,0.786429094,0.91737458,0.,             837P   2246
0.784420522,0.918055506,0.,0.781493651,0.919335633,0.,               837P   2247
0.777903273,0.920905959,0.,0.771875544,0.923863779,0.,               837P   2248
0.769121797,0.925215049,0.,0.762351883,0.928595212,0.,               837P   2249
0.756359514,0.931587153,0.,0.752829348,0.933328969,0.,               837P   2250
0.731688798,0.943759909,0.,0.714262532,0.951188568,0.,               837P   2251
0.674427518,0.968169873,0.,0.63430087,0.978299489,0.,                837P   2252
0.592915339,0.988746898,0.,0.550928361,0.992074924,0.,               837P   2253
0.508582657,0.995431383,0.,0.466550373,0.99148627,0.,                837P   2254
0.42456118,0.987545201,0.,0.384173344,0.976451419,0.,                837P   2255
0.343331219,0.965232852,0.,0.305030426,0.946985959,0.,               837P   2256
0.266963827,0.928850638,0.,0.232559191,0.904320704,0.,               837P   2257
0.197760208,0.879509607,0.,0.167778216,0.848921662,0.,0.,1.,0.,      837P   2258
0.,1.;                                                               837P   2259
126,17,3,1,0,1,0,0.,0.,0.,0.,0.00781249999999995,                    839P   2260
0.00781249999999995,0.0156249999999999,0.0156249999999999,           839P   2261
0.0312499999999999,0.0312499999999999,0.0624999999999999,            839P   2262
0.0624999999999999,0.125,0.125,0.25,0.25,0.5,0.5,1.,1.,1.,1.,        839P   2263
1.,1.,1.,1.,1.,1.,1.,1.,1.,1.,1.,1.,1.,1.,1.,1.,1.,1.,               839P   2264
0.29060504,-0.95532521,0.212383672,0.289625681,-0.95532521,          839P   2265
0.211517806,0.290506424,-0.95532521,0.209892026,0.29131859,          839P   2266
-0.95532521,0.207447906,0.291805822,-0.95532521,0.20625714,          839P   2267
0.293326983,-0.95532521,0.202708878,0.294431428,-0.95532521,         839P   2268
0.200385458,0.297776283,-0.95532521,0.193431228,0.300065492,         839P   2269
-0.95532521,0.188823163,0.306785148,-0.95532521,0.174929086,         839P   2270
0.311099123,-0.95532521,0.165571278,0.322977972,-0.95532521,         839P   2271
0.137142505,0.329493532,-0.95532521,0.117744349,0.344268071,         839P   2272
-0.95532521,0.058034814,0.347572998,-0.95532521,0.016262508,         839P   2273
0.336358787,-0.95532521,-0.105631409,0.300327213,-0.95532521,        839P   2274
-0.183734705,0.242030959,-0.95532521,-0.242030959,0.,1.,0.,1.,       839P   2275
0.;                                                                  839P   2276
126,1,1,1,0,1,0,0.,0.,1.,1.,1.,1.,0.167778216,0.848921662,0.,        841P   2277
0.150638942,0.866407331,0.,0.,1.,0.,0.,1.;                           841P   2278
110,0.242030959,-0.95532521,-0.242030959,0.254517301,                843P   2279
-0.95532521,-0.254517301;                                            843P   2280
126,8,2,1,0,1,0,0.,0.,0.,0.25,0.25,0.5,0.5,0.75,0.75,1.,1.,1.,       845P   2281
1.,1.,1.,1.,1.,1.,1.,1.,1.,0.150638942,0.866407331,0.,               845P   2282
0.116229881,0.831302842,0.,0.089194856,0.79002433,0.,                845P   2283
0.06215983,0.748745819,0.,0.04353778,0.702879594,0.,                 845P   2284
0.024915731,0.657013369,0.,0.015422292,0.608322044,0.,               845P   2285
0.005928854,0.55963072,0.,0.005928854,0.509985476,0.,0.,1.,0.,       845P   2286
0.,-1.;                                                              845P   2287
124,0.707106781186549,-0.707106781186546,0.,-0.675516934554505,      847P   2288
4.32978028117746E-17,4.32978028117748E-17,1.,                        847P   2289
-0.955325210459682,-0.707106781186546,-0.707106781186549,            847P   2290
6.12323399573677E-17,-0.675516934554508;                             847P   2291
100,0.,0.,-0.95532521,0.35994182,-0.95532521,0.254517301,            849P   2292
-0.700807909;                                                        849P   2293
102,5,825,831,837,841,845;                                           851P   2294
102,5,829,835,839,843,849;                                           853P   2295
142,1,823,851,853,1;                                                 855P   2296
126,32,2,1,0,1,0,0.,0.,0.,0.0625,0.0625,0.125,0.125,0.1875,          857P   2297
0.1875,0.25,0.25,0.3125,0.3125,0.375,0.375,0.4375,0.4375,0.5,        857P   2298
0.5,0.5625,0.5625,0.625,0.625,0.6875,0.6875,0.75,0.75,0.8125,        857P   2299
0.8125,0.875,0.875,0.9375,0.9375,1.,1.,1.,1.,1.,1.,1.,1.,1.,1.,      857P   2300
1.,1.,1.,1.,1.,1.,1.,1.,1.,1.,1.,1.,1.,1.,1.,1.,1.,1.,1.,1.,1.,      857P   2301
1.,1.,1.,1.,1.,0.939165479,0.509985476,0.,0.939165479,               857P   2302
0.465857261,0.,0.930727037,0.422576958,0.,0.922288596,               857P   2303
0.379296655,0.,0.905735997,0.338527502,0.,0.889183399,               857P   2304
0.297758348,0.,0.86515275,0.261067078,0.,0.841122102,                857P   2305
0.224375809,0.,0.810536888,0.19317245,0.,0.779951674,                857P   2306
0.16196909,0.,0.743987267,0.137452768,0.,0.708022861,                857P   2307
0.112936446,0.,0.668061353,0.096049309,0.,0.628099845,               857P   2308
0.079162173,0.,0.585676935,0.070553185,0.,0.543254024,               857P   2309
0.061944198,0.,0.5,0.061944198,0.,0.456745976,0.061944198,0.,        857P   2310
0.414323065,0.070553185,0.,0.371900155,0.079162173,0.,               857P   2311
0.331938647,0.096049309,0.,0.291977139,0.112936446,0.,               857P   2312
0.256012733,0.137452768,0.,0.220048326,0.16196909,0.,                857P   2313
0.189463112,0.19317245,0.,0.158877898,0.224375809,0.,                857P   2314
0.13484725,0.261067078,0.,0.110816601,0.297758348,0.,                857P   2315
0.094264003,0.338527502,0.,0.077711404,0.379296655,0.,               857P   2316
0.069272963,0.422576958,0.,0.060834521,0.465857261,0.,               857P   2317
0.060834521,0.509985476,0.,0.,1.,0.,0.,1.;                           857P   2318
124,6.12323399573677E-17,-1.,0.,-0.955325210459682,                  859P   2319
6.12323399573677E-17,3.74939945665464E-33,-1.,                       859P   2320
-0.955325210459682,1.,6.12323399573677E-17,                          859P   2321
6.12323399573677E-17,5.8496798056711E-17;                            859P   2322
100,0.,0.,-0.95532521,0.31994182,-0.95532521,-0.31994182,            861P   2323
-0.95532521;                                                         861P   2324
126,32,2,1,0,1,0,0.,0.,0.,0.0625,0.0625,0.125,0.125,0.1875,          863P   2325
0.1875,0.25,0.25,0.3125,0.3125,0.375,0.375,0.4375,0.4375,0.5,        863P   2326
0.5,0.5625,0.5625,0.625,0.625,0.6875,0.6875,0.75,0.75,0.8125,        863P   2327
0.8125,0.875,0.875,0.9375,0.9375,1.,1.,1.,1.,1.,1.,1.,1.,1.,1.,      863P   2328
1.,1.,1.,1.,1.,1.,1.,1.,1.,1.,1.,1.,1.,1.,1.,1.,1.,1.,1.,1.,1.,      863P   2329
1.,1.,1.,1.,1.,0.060834521,0.509985476,0.,0.060834521,               863P   2330
0.55411369,0.,0.069272963,0.597393993,0.,0.077711404,                863P   2331
0.640674296,0.,0.094264003,0.68144345,0.,0.110816601,                863P   2332
0.722212603,0.,0.13484725,0.758903873,0.,0.158877898,                863P   2333
0.795595142,0.,0.189463112,0.826798501,0.,0.220048326,               863P   2334
0.858001861,0.,0.256012733,0.882518183,0.,0.291977139,               863P   2335
0.907034505,0.,0.331938647,0.923921642,0.,0.371900155,               863P   2336
0.940808778,0.,0.414323065,0.949417766,0.,0.456745976,               863P   2337
0.958026753,0.,0.5,0.958026753,0.,0.543254024,0.958026753,0.,        863P   2338
0.585676935,0.949417766,0.,0.628099845,0.940808778,0.,               863P   2339
0.668061353,0.923921642,0.,0.708022861,0.907034505,0.,               863P   2340
0.743987267,0.882518183,0.,0.779951674,0.858001861,0.,               863P   2341
0.810536888,0.826798501,0.,0.841122102,0.795595142,0.,               863P   2342
0.86515275,0.758903873,0.,0.889183399,0.722212603,0.,                863P   2343
0.905735997,0.68144345,0.,0.922288596,0.640674296,0.,                863P   2344
0.930727037,0.597393993,0.,0.939165479,0.55411369,0.,                863P   2345
0.939165479,0.509985476,0.,0.,1.,0.,0.,1.;                           863P   2346
124,1.40271576953299E-14,1.,0.,0.955325210459682,                    865P   2347
-6.12323399573677E-17,8.58915688636046E-31,-1.,                      865P   2348
-0.955325210459682,-1.,1.40271576953299E-14,                         865P   2349
6.12323399573677E-17,1.34004973774422E-14;                           865P   2350
100,0.,0.,-0.95532521,0.31994182,-0.95532521,-0.31994182,            867P   2351
-0.95532521;                                                         867P   2352
102,2,857,863;                                                       869P   2353
102,2,861,867;                                                       871P   2354
142,1,823,869,871,1;                                                 873P   2355
144,823,1,1,855,873;                                                 875P   2356
110,0.,0.643566682,0.,0.,40.013645422,0.;                            877P   2357
110,0.,-0.95532521,0.35994182,0.,-0.943429429,0.35994182;            879P   2358
120,877,879,0.,6.28318530717959;                                     881P   2359
126,1,1,1,0,1,0,0.,0.,1.,1.,1.,1.,0.994035785,0.,0.,0.,0.,0.,        883P   2360
0.,1.,0.,0.,1.;                                                      883P   2361
110,0.,-0.943500378,0.35994182,0.,-0.95532521,0.35994182;            885P   2362
126,1,1,1,0,1,0,0.,0.,1.,1.,1.,1.,0.,0.,0.,0.,0.939675552,0.,        887P   2363
0.,1.,0.,0.,1.;                                                      887P   2364
124,1.40271576953299E-14,1.,0.,0.955325210459682,                    889P   2365
-6.12323399573677E-17,8.58915688636046E-31,1.,                       889P   2366
-0.955325210459682,1.,-1.40271576953299E-14,                         889P   2367
6.12323399573677E-17,-1.34004973774422E-14;                          889P   2368
100,0.,0.,-0.95532521,0.35994182,-0.95532521,0.212383672,            891P   2369
-0.664720171;                                                        891P   2370
126,8,2,1,0,1,0,0.,0.,0.,0.25,0.25,0.5,0.5,0.75,0.75,1.,1.,1.,       893P   2371
1.,1.,1.,1.,1.,1.,1.,1.,1.,0.,0.939675552,0.,0.124855327,            893P   2372
0.821664819,0.,0.252011666,0.703654086,0.,0.377200894,               893P   2373
0.587468983,0.,0.49703603,0.469832014,0.,0.593316364,                893P   2374
0.375317775,0.,0.742015243,0.236024242,0.,0.867995752,               893P   2375
0.118012121,0.,0.994035785,0.,0.,0.,1.,0.,0.,1.;                     893P   2376
126,4,2,1,0,0,0,0.075109312837634,0.075109312837634,                 895P   2377
0.075109312837634,0.1,0.1,0.124857736552208,0.124857736552208,       895P   2378
0.124857736552208,0.490744718109319,0.481727768337378,               895P   2379
0.50000137262589,0.481751959168558,0.490720892428506,                895P   2380
0.29060504,-0.95532521,0.212383672,0.239738623,-0.952310896,         895P   2381
0.281984301,0.162860755,-0.949408877,0.320989856,0.086088515,        895P   2382
-0.946510845,0.35994182,0.,-0.943500378,0.35994182,                  895P   2383
0.075109312837634,0.124857736552208,0.025055734,0.999374157,         895P   2384
-0.024970071;                                                        895P   2385
102,3,883,887,893;                                                   897P   2386
102,3,885,891,895;                                                   899P   2387
142,1,881,897,899,1;                                                 901P   2388
144,881,1,0,901;                                                     903P   2389
128,3,60,3,2,0,0,0,0,0,0.,0.,0.,0.,0.250414220033633,                905P   2390
0.250414220033633,0.250414220033633,0.250414220033633,0.,0.,0.,      905P   2391
0.0333333333333333,0.0333333333333333,0.0666666666666667,            905P   2392
0.0666666666666667,0.1,0.1,0.133333333333333,0.133333333333333,      905P   2393
0.166666666666667,0.166666666666667,0.2,0.2,0.233333333333333,       905P   2394
0.233333333333333,0.266666666666667,0.266666666666667,0.3,0.3,       905P   2395
0.333333333333333,0.333333333333333,0.366666666666667,               905P   2396
0.366666666666667,0.4,0.4,0.433333333333333,0.433333333333333,       905P   2397
0.466666666666667,0.466666666666667,0.5,0.5,0.533333333333333,       905P   2398
0.533333333333333,0.566666666666667,0.566666666666667,0.6,0.6,       905P   2399
0.633333333333333,0.633333333333333,0.666666666666667,               905P   2400
0.666666666666667,0.7,0.7,0.733333333333333,0.733333333333333,       905P   2401
0.766666666666667,0.766666666666667,0.8,0.8,0.833333333333333,       905P   2402
0.833333333333333,0.866666666666667,0.866666666666667,0.9,0.9,       905P   2403
0.933333333333333,0.933333333333333,0.966666666666667,               905P   2404
0.966666666666667,1.,1.,1.,1.,0.666114373288489,                     905P   2405
0.499448164163786,0.50000137262589,0.951056516295154,                905P   2406
0.63351241531388,0.47500343107962,0.475529563592374,1.,              905P   2407
0.666114373288489,0.499448164163786,0.50000137262589,                905P   2408
0.951056516295154,0.63351241531388,0.47500343107962,                 905P   2409
0.475529563592374,1.,0.666114373288489,0.499448164163786,            905P   2410
0.50000137262589,0.951056516295154,0.63351241531388,                 905P   2411
0.47500343107962,0.475529563592374,1.,0.666114373288489,             905P   2412
0.499448164163786,0.50000137262589,0.951056516295154,                905P   2413
0.63351241531388,0.47500343107962,0.475529563592374,1.,              905P   2414
0.666114373288489,0.499448164163786,0.50000137262589,                905P   2415
0.951056516295154,0.63351241531388,0.47500343107962,                 905P   2416
0.475529563592374,1.,0.666114373288489,0.499448164163786,            905P   2417
0.50000137262589,0.951056516295154,0.63351241531388,                 905P   2418
0.47500343107962,0.475529563592374,1.,0.666114373288489,             905P   2419
0.499448164163786,0.50000137262589,0.951056516295154,                905P   2420
0.63351241531388,0.47500343107962,0.475529563592374,1.,              905P   2421
0.666114373288489,0.499448164163786,0.50000137262589,                905P   2422
0.951056516295154,0.63351241531388,0.47500343107962,                 905P   2423
0.475529563592374,1.,0.666114373288489,0.499448164163786,            905P   2424
0.50000137262589,0.951056516295154,0.63351241531388,                 905P   2425
0.47500343107962,0.475529563592374,1.,0.666114373288489,             905P   2426
0.499448164163786,0.50000137262589,0.951056516295154,                905P   2427
0.63351241531388,0.47500343107962,0.475529563592374,1.,              905P   2428
0.666114373288489,0.499448164163786,0.50000137262589,                905P   2429
0.951056516295154,0.63351241531388,0.47500343107962,                 905P   2430
0.475529563592374,1.,0.666114373288489,0.499448164163786,            905P   2431
0.50000137262589,0.951056516295154,0.63351241531388,                 905P   2432
0.47500343107962,0.475529563592374,1.,0.666114373288489,             905P   2433
0.499448164163786,0.50000137262589,0.951056516295154,                905P   2434
0.63351241531388,0.47500343107962,0.475529563592374,1.,              905P   2435
0.666114373288489,0.499448164163786,0.50000137262589,                905P   2436
0.951056516295154,0.63351241531388,0.47500343107962,                 905P   2437
0.475529563592374,1.,0.666114373288489,0.499448164163786,            905P   2438
0.50000137262589,0.951056516295154,0.63351241531388,                 905P   2439
0.47500343107962,0.475529563592374,1.,0.666114373288489,             905P   2440
0.499448164163786,0.50000137262589,0.951056516295154,                905P   2441
0.63351241531388,0.47500343107962,0.475529563592374,1.,              905P   2442
0.666114373288489,0.499448164163786,0.50000137262589,                905P   2443
0.951056516295154,0.63351241531388,0.47500343107962,                 905P   2444
0.475529563592374,1.,0.666114373288489,0.499448164163786,            905P   2445
0.50000137262589,0.951056516295154,0.63351241531388,                 905P   2446
0.47500343107962,0.475529563592374,1.,0.666114373288489,             905P   2447
0.499448164163786,0.50000137262589,0.951056516295154,                905P   2448
0.63351241531388,0.47500343107962,0.475529563592374,1.,              905P   2449
0.666114373288489,0.499448164163786,0.50000137262589,                905P   2450
0.951056516295154,0.63351241531388,0.47500343107962,                 905P   2451
0.475529563592374,1.,0.666114373288489,0.499448164163786,            905P   2452
0.50000137262589,0.951056516295154,0.63351241531388,                 905P   2453
0.47500343107962,0.475529563592374,1.,0.666114373288489,             905P   2454
0.499448164163786,0.50000137262589,0.951056516295154,                905P   2455
0.63351241531388,0.47500343107962,0.475529563592374,1.,              905P   2456
0.666114373288489,0.499448164163786,0.50000137262589,                905P   2457
0.951056516295154,0.63351241531388,0.47500343107962,                 905P   2458
0.475529563592374,1.,0.666114373288489,0.499448164163786,            905P   2459
0.50000137262589,0.951056516295154,0.63351241531388,                 905P   2460
0.47500343107962,0.475529563592374,1.,0.666114373288489,             905P   2461
0.499448164163786,0.50000137262589,0.951056516295154,                905P   2462
0.63351241531388,0.47500343107962,0.475529563592374,1.,              905P   2463
0.666114373288489,0.499448164163786,0.50000137262589,                905P   2464
0.951056516295154,0.63351241531388,0.47500343107962,                 905P   2465
0.475529563592374,1.,0.666114373288489,0.499448164163786,            905P   2466
0.50000137262589,0.951056516295154,0.63351241531388,                 905P   2467
0.47500343107962,0.475529563592374,1.,0.666114373288489,             905P   2468
0.499448164163786,0.50000137262589,0.951056516295154,                905P   2469
0.63351241531388,0.47500343107962,0.475529563592374,1.,              905P   2470
0.666114373288489,0.499448164163786,0.50000137262589,                905P   2471
0.951056516295154,0.63351241531388,0.47500343107962,                 905P   2472
0.475529563592374,1.,0.666114373288489,0.499448164163786,            905P   2473
0.50000137262589,0.951056516295154,0.63351241531388,                 905P   2474
0.47500343107962,0.475529563592374,1.,0.666114373288489,             905P   2475
0.499448164163786,0.50000137262589,0.267085924,-0.95532521,          905P   2476
-0.267085924,0.266867468,-0.946450285,-0.267304379,0.262454827,      905P   2477
-0.937580274,-0.263328409,0.254081103,-0.937619497,                  905P   2478
-0.254952753,0.353867401,-0.951388203,-0.180304446,0.353719925,      905P   2479
-0.942513277,-0.180593883,0.348015414,-0.933643266,                  905P   2480
-0.178051666,0.336920274,-0.933682489,-0.172396799,0.373066218,      905P   2481
-0.947451195,-0.059087884,0.373017889,-0.938576269,                  905P   2482
-0.059393024,0.36711097,-0.929706258,-0.058770081,0.355413399,       905P   2483
-0.929745481,-0.056915985,0.392265035,-0.943514187,0.062128678,      905P   2484
0.392315852,-0.934639261,0.061807835,0.386206527,-0.92576925,        905P   2485
0.060511504,0.373906523,-0.925808473,0.058564829,0.336547897,        905P   2486
-0.939577179,0.171479719,0.336688155,-0.930702253,0.171204448,       905P   2487
0.331543201,-0.921832242,0.16823642,0.320989856,-0.921871465,        905P   2488
0.162860755,0.280830759,-0.935640171,0.280830759,0.281060457,        905P   2489
-0.926765245,0.280601061,0.276879874,-0.917895234,0.275961336,       905P   2490
0.268073189,-0.917934457,0.267156682,0.171479719,-0.931703163,       905P   2491
0.336547897,0.171754989,-0.922828237,0.33640764,0.169337197,         905P   2492
-0.913958226,0.330982327,0.163959099,-0.91399745,0.320430222,        905P   2493
0.062128678,-0.927766155,0.392265035,0.062449521,-0.918891229,       905P   2494
0.392214219,0.06179452,-0.910021219,0.386003318,0.059845008,         905P   2495
-0.910060442,0.373703763,-0.059087884,-0.923829147,0.373066218,      905P   2496
-0.058782745,-0.914954222,0.373114547,-0.05754986,-0.906084211,      905P   2497
0.367304234,-0.055698462,-0.906123434,0.355606236,-0.180304446,      905P   2498
-0.91989214,0.353867401,-0.18001501,-0.911017214,0.354014876,        905P   2499
-0.176894241,-0.902147203,0.348605151,-0.171241932,                  905P   2500
-0.902186426,0.337508708,-0.267085924,-0.915955132,0.267085924,      905P   2501
-0.266867468,-0.907080206,0.267304379,-0.262454827,                  905P   2502
-0.898210195,0.263328409,-0.254081103,-0.898249418,0.254952753,      905P   2503
-0.353867401,-0.912018124,0.180304446,-0.353719925,                  905P   2504
-0.903143198,0.180593883,-0.348015414,-0.894273187,0.178051666,      905P   2505
-0.336920274,-0.89431241,0.172396799,-0.373066218,-0.908081116,      905P   2506
0.059087884,-0.373017889,-0.89920619,0.059393024,-0.36711097,        905P   2507
-0.890336179,0.058770081,-0.355413399,-0.890375402,0.056915985,      905P   2508
-0.392265035,-0.904144108,-0.062128678,-0.392315852,                 905P   2509
-0.895269182,-0.061807835,-0.386206527,-0.886399171,                 905P   2510
-0.060511504,-0.373906523,-0.886438395,-0.058564829,                 905P   2511
-0.336547897,-0.9002071,-0.171479719,-0.336688155,-0.891332174,      905P   2512
-0.171204448,-0.331543201,-0.882462163,-0.16823642,                  905P   2513
-0.320989856,-0.882501387,-0.162860755,-0.280830759,                 905P   2514
-0.896270092,-0.280830759,-0.281060457,-0.887395166,                 905P   2515
-0.280601061,-0.276879874,-0.878525156,-0.275961336,                 905P   2516
-0.268073189,-0.878564379,-0.267156682,-0.171479719,                 905P   2517
-0.892333084,-0.336547897,-0.171754989,-0.883458159,                 905P   2518
-0.33640764,-0.169337197,-0.874588148,-0.330982327,                  905P   2519
-0.163959099,-0.874627371,-0.320430222,-0.062128678,                 905P   2520
-0.888396077,-0.392265035,-0.062449521,-0.879521151,                 905P   2521
-0.392214219,-0.06179452,-0.87065114,-0.386003318,-0.059845008,      905P   2522
-0.870690363,-0.373703763,0.059087884,-0.884459069,                  905P   2523
-0.373066218,0.058782745,-0.875584143,-0.373114547,0.05754986,       905P   2524
-0.866714132,-0.367304234,0.055698462,-0.866753355,                  905P   2525
-0.355606236,0.180304446,-0.880522061,-0.353867401,0.18001501,       905P   2526
-0.871647135,-0.354014876,0.176894241,-0.862777124,                  905P   2527
-0.348605151,0.171241932,-0.862816347,-0.337508708,0.267085924,      905P   2528
-0.876585053,-0.267085924,0.266867468,-0.867710127,                  905P   2529
-0.267304379,0.262454827,-0.858840116,-0.263328409,0.254081103,      905P   2530
-0.858879339,-0.254952753,0.353867401,-0.872648045,                  905P   2531
-0.180304446,0.353719925,-0.863773119,-0.180593883,0.348015414,      905P   2532
-0.854903108,-0.178051666,0.336920274,-0.854942332,                  905P   2533
-0.172396799,0.373066218,-0.868711037,-0.059087884,0.373017889,      905P   2534
-0.859836111,-0.059393024,0.36711097,-0.8509661,-0.058770081,        905P   2535
0.355413399,-0.851005324,-0.056915985,0.392265035,-0.864774029,      905P   2536
0.062128678,0.392315852,-0.855899103,0.061807835,0.386206527,        905P   2537
-0.847029093,0.060511504,0.373906523,-0.847068316,0.058564829,       905P   2538
0.336547897,-0.860837021,0.171479719,0.336688155,-0.851962096,       905P   2539
0.171204448,0.331543201,-0.843092085,0.16823642,0.320989856,         905P   2540
-0.843131308,0.162860755,0.280830759,-0.856900014,0.280830759,       905P   2541
0.281060457,-0.848025088,0.280601061,0.276879874,-0.839155077,       905P   2542
0.275961336,0.268073189,-0.8391943,0.267156682,0.171479719,          905P   2543
-0.852963006,0.336547897,0.171754989,-0.84408808,0.33640764,         905P   2544
0.169337197,-0.835218069,0.330982327,0.163959099,-0.835257292,       905P   2545
0.320430222,0.062128678,-0.849025998,0.392265035,0.062449521,        905P   2546
-0.840151072,0.392214219,0.06179452,-0.831281061,0.386003318,        905P   2547
0.059845008,-0.831320284,0.373703763,-0.059087884,-0.84508899,       905P   2548
0.373066218,-0.058782745,-0.836214064,0.373114547,-0.05754986,       905P   2549
-0.827344053,0.367304234,-0.055698462,-0.827383276,0.355606236,      905P   2550
-0.180304446,-0.841151982,0.353867401,-0.18001501,-0.832277056,      905P   2551
0.354014876,-0.176894241,-0.823407045,0.348605151,-0.171241932,      905P   2552
-0.823446269,0.337508708,-0.267085924,-0.837214974,0.267085924,      905P   2553
-0.266867468,-0.828340048,0.267304379,-0.262454827,                  905P   2554
-0.819470037,0.263328409,-0.254081103,-0.819509261,0.254952753,      905P   2555
-0.353867401,-0.833277966,0.180304446,-0.353719925,-0.82440304,      905P   2556
0.180593883,-0.348015414,-0.81553303,0.178051666,-0.336920274,       905P   2557
-0.815572253,0.172396799,-0.373066218,-0.829340958,0.059087884,      905P   2558
-0.373017889,-0.820466033,0.059393024,-0.36711097,-0.811596022,      905P   2559
0.058770081,-0.355413399,-0.811635245,0.056915985,-0.392265035,      905P   2560
-0.825403951,-0.062128678,-0.392315852,-0.816529025,                 905P   2561
-0.061807835,-0.386206527,-0.807659014,-0.060511504,                 905P   2562
-0.373906523,-0.807698237,-0.058564829,-0.336547897,                 905P   2563
-0.821466943,-0.171479719,-0.336688155,-0.812592017,                 905P   2564
-0.171204448,-0.331543201,-0.803722006,-0.16823642,                  905P   2565
-0.320989856,-0.803761229,-0.162860755,-0.280830759,                 905P   2566
-0.817529935,-0.280830759,-0.281060457,-0.808655009,                 905P   2567
-0.280601061,-0.276879874,-0.799784998,-0.275961336,                 905P   2568
-0.268073189,-0.799824221,-0.267156682,-0.171479719,                 905P   2569
-0.813592927,-0.336547897,-0.171754989,-0.804718001,                 905P   2570
-0.33640764,-0.169337197,-0.79584799,-0.330982327,-0.163959099,      905P   2571
-0.795887213,-0.320430222,-0.062128678,-0.809655919,                 905P   2572
-0.392265035,-0.062449521,-0.800780993,-0.392214219,                 905P   2573
-0.06179452,-0.791910982,-0.386003318,-0.059845008,                  905P   2574
-0.791950206,-0.373703763,0.059087884,-0.805718911,                  905P   2575
-0.373066218,0.058782745,-0.796843985,-0.373114547,0.05754986,       905P   2576
-0.787973974,-0.367304234,0.055698462,-0.788013198,                  905P   2577
-0.355606236,0.180304446,-0.801781903,-0.353867401,0.18001501,       905P   2578
-0.792906977,-0.354014876,0.176894241,-0.784036967,                  905P   2579
-0.348605151,0.171241932,-0.78407619,-0.337508708,0.267085924,       905P   2580
-0.797844895,-0.267085924,0.266867468,-0.78896997,-0.267304379,      905P   2581
0.262454827,-0.780099959,-0.263328409,0.254081103,-0.780139182,      905P   2582
-0.254952753,0.353867401,-0.793907888,-0.180304446,0.353719925,      905P   2583
-0.785032962,-0.180593883,0.348015414,-0.776162951,                  905P   2584
-0.178051666,0.336920274,-0.776202174,-0.172396799,0.373066218,      905P   2585
-0.78997088,-0.059087884,0.373017889,-0.781095954,-0.059393024,      905P   2586
0.36711097,-0.772225943,-0.058770081,0.355413399,-0.772265166,       905P   2587
-0.056915985,0.392265035,-0.786033872,0.062128678,0.392315852,       905P   2588
-0.777158946,0.061807835,0.386206527,-0.768288935,0.060511504,       905P   2589
0.373906523,-0.768328158,0.058564829,0.336547897,-0.782096864,       905P   2590
0.171479719,0.336688155,-0.773221938,0.171204448,0.331543201,        905P   2591
-0.764351927,0.16823642,0.320989856,-0.76439115,0.162860755,         905P   2592
0.280830759,-0.778159856,0.280830759,0.281060457,-0.76928493,        905P   2593
0.280601061,0.276879874,-0.760414919,0.275961336,0.268073189,        905P   2594
-0.760454143,0.267156682,0.171479719,-0.774222848,0.336547897,       905P   2595
0.171754989,-0.765347922,0.33640764,0.169337197,-0.756477911,        905P   2596
0.330982327,0.163959099,-0.756517135,0.320430222,0.062128678,        905P   2597
-0.77028584,0.392265035,0.062449521,-0.761410914,0.392214219,        905P   2598
0.06179452,-0.752540904,0.386003318,0.059845008,-0.752580127,        905P   2599
0.373703763,-0.059087884,-0.766348833,0.373066218,-0.058782745,      905P   2600
-0.757473907,0.373114547,-0.05754986,-0.748603896,0.367304234,       905P   2601
-0.055698462,-0.748643119,0.355606236,-0.180304446,                  905P   2602
-0.762411825,0.353867401,-0.18001501,-0.753536899,0.354014876,       905P   2603
-0.176894241,-0.744666888,0.348605151,-0.171241932,                  905P   2604
-0.744706111,0.337508708,-0.267085924,-0.758474817,0.267085924,      905P   2605
-0.266867468,-0.749599891,0.267304379,-0.262454827,-0.74072988,      905P   2606
0.263328409,-0.254081103,-0.740769103,0.254952753,-0.353867401,      905P   2607
-0.754537809,0.180304446,-0.353719925,-0.745662883,0.180593883,      905P   2608
-0.348015414,-0.736792872,0.178051666,-0.336920274,                  905P   2609
-0.736832095,0.172396799,-0.373066218,-0.750600801,0.059087884,      905P   2610
-0.373017889,-0.741725875,0.059393024,-0.36711097,-0.732855864,      905P   2611
0.058770081,-0.355413399,-0.732895087,0.056915985,-0.392265035,      905P   2612
-0.746663793,-0.062128678,-0.392315852,-0.737788867,                 905P   2613
-0.061807835,-0.386206527,-0.728918856,-0.060511504,                 905P   2614
-0.373906523,-0.72895808,-0.058564829,-0.336547897,                  905P   2615
-0.742726785,-0.171479719,-0.336688155,-0.733851859,                 905P   2616
-0.171204448,-0.331543201,-0.724981848,-0.16823642,                  905P   2617
-0.320989856,-0.725021072,-0.162860755,-0.280830759,                 905P   2618
-0.738789777,-0.280830759,-0.281060457,-0.729914851,                 905P   2619
-0.280601061,-0.276879874,-0.721044841,-0.275961336,                 905P   2620
-0.268073189,-0.721084064,-0.267156682,-0.171479719,                 905P   2621
-0.73485277,-0.336547897,-0.171754989,-0.725977844,-0.33640764,      905P   2622
-0.169337197,-0.717107833,-0.330982327,-0.163959099,                 905P   2623
-0.717147056,-0.320430222,-0.062128678,-0.730915762,                 905P   2624
-0.392265035,-0.062449521,-0.722040836,-0.392214219,                 905P   2625
-0.06179452,-0.713170825,-0.386003318,-0.059845008,                  905P   2626
-0.713210048,-0.373703763,0.059087884,-0.726978754,                  905P   2627
-0.373066218,0.058782745,-0.718103828,-0.373114547,0.05754986,       905P   2628
-0.709233817,-0.367304234,0.055698462,-0.70927304,-0.355606236,      905P   2629
0.180304446,-0.723041746,-0.353867401,0.18001501,-0.71416682,        905P   2630
-0.354014876,0.176894241,-0.705296809,-0.348605151,0.171241932,      905P   2631
-0.705336032,-0.337508708,0.267085924,-0.719104738,                  905P   2632
-0.267085924,0.266867468,-0.710229812,-0.267304379,0.262454827,      905P   2633
-0.701359801,-0.263328409,0.254081103,-0.701399024,                  905P   2634
-0.254952753,0.,0.250414220033633,0.,1.;                             905P   2635
126,1,1,1,0,1,0,0.,0.,1.,1.,1.,1.,0.,1.,0.,0.,0.,0.,0.,1.,0.,        907P   2636
0.,1.;                                                               907P   2637
126,60,2,0,0,0,0,0.,0.,0.,0.0333333333333333,                        909P   2638
0.0333333333333333,0.0666666666666667,0.0666666666666667,0.1,        909P   2639
0.1,0.133333333333333,0.133333333333333,0.166666666666667,           909P   2640
0.166666666666667,0.2,0.2,0.233333333333333,0.233333333333333,       909P   2641
0.266666666666667,0.266666666666667,0.3,0.3,0.333333333333333,       909P   2642
0.333333333333333,0.366666666666667,0.366666666666667,0.4,0.4,       909P   2643
0.433333333333333,0.433333333333333,0.466666666666667,               909P   2644
0.466666666666667,0.5,0.5,0.533333333333333,0.533333333333333,       909P   2645
0.566666666666667,0.566666666666667,0.6,0.6,0.633333333333333,       909P   2646
0.633333333333333,0.666666666666667,0.666666666666667,0.7,0.7,       909P   2647
0.733333333333333,0.733333333333333,0.766666666666667,               909P   2648
0.766666666666667,0.8,0.8,0.833333333333333,0.833333333333333,       909P   2649
0.866666666666667,0.866666666666667,0.9,0.9,0.933333333333333,       909P   2650
0.933333333333333,0.966666666666667,0.966666666666667,1.,1.,1.,      909P   2651
1.,0.951056516295154,1.,0.951056516295154,1.,0.951056516295154,      909P   2652
1.,0.951056516295154,1.,0.951056516295154,1.,0.951056516295154,      909P   2653
1.,0.951056516295154,1.,0.951056516295154,1.,0.951056516295154,      909P   2654
1.,0.951056516295154,1.,0.951056516295154,1.,0.951056516295154,      909P   2655
1.,0.951056516295154,1.,0.951056516295154,1.,0.951056516295154,      909P   2656
1.,0.951056516295154,1.,0.951056516295154,1.,0.951056516295154,      909P   2657
1.,0.951056516295154,1.,0.951056516295154,1.,0.951056516295154,      909P   2658
1.,0.951056516295154,1.,0.951056516295154,1.,0.951056516295154,      909P   2659
1.,0.951056516295154,1.,0.951056516295154,1.,0.951056516295154,      909P   2660
1.,0.951056516295154,1.,0.951056516295154,1.,0.951056516295154,      909P   2661
1.,0.267085924,-0.719104738,-0.267085924,0.180304446,                909P   2662
-0.723041746,-0.353867401,0.059087884,-0.726978754,                  909P   2663
-0.373066218,-0.062128678,-0.730915762,-0.392265035,                 909P   2664
-0.171479719,-0.73485277,-0.336547897,-0.280830759,                  909P   2665
-0.738789777,-0.280830759,-0.336547897,-0.742726785,                 909P   2666
-0.171479719,-0.392265035,-0.746663793,-0.062128678,                 909P   2667
-0.373066218,-0.750600801,0.059087884,-0.353867401,                  909P   2668
-0.754537809,0.180304446,-0.267085924,-0.758474817,0.267085924,      909P   2669
-0.180304446,-0.762411825,0.353867401,-0.059087884,                  909P   2670
-0.766348833,0.373066218,0.062128678,-0.77028584,0.392265035,        909P   2671
0.171479719,-0.774222848,0.336547897,0.280830759,-0.778159856,       909P   2672
0.280830759,0.336547897,-0.782096864,0.171479719,0.392265035,        909P   2673
-0.786033872,0.062128678,0.373066218,-0.78997088,-0.059087884,       909P   2674
0.353867401,-0.793907888,-0.180304446,0.267085924,-0.797844895,      909P   2675
-0.267085924,0.180304446,-0.801781903,-0.353867401,0.059087884,      909P   2676
-0.805718911,-0.373066218,-0.062128678,-0.809655919,                 909P   2677
-0.392265035,-0.171479719,-0.813592927,-0.336547897,                 909P   2678
-0.280830759,-0.817529935,-0.280830759,-0.336547897,                 909P   2679
-0.821466943,-0.171479719,-0.392265035,-0.825403951,                 909P   2680
-0.062128678,-0.373066218,-0.829340958,0.059087884,                  909P   2681
-0.353867401,-0.833277966,0.180304446,-0.267085924,                  909P   2682
-0.837214974,0.267085924,-0.180304446,-0.841151982,0.353867401,      909P   2683
-0.059087884,-0.84508899,0.373066218,0.062128678,-0.849025998,       909P   2684
0.392265035,0.171479719,-0.852963006,0.336547897,0.280830759,        909P   2685
-0.856900014,0.280830759,0.336547897,-0.860837021,0.171479719,       909P   2686
0.392265035,-0.864774029,0.062128678,0.373066218,-0.868711037,       909P   2687
-0.059087884,0.353867401,-0.872648045,-0.180304446,0.267085924,      909P   2688
-0.876585053,-0.267085924,0.180304446,-0.880522061,                  909P   2689
-0.353867401,0.059087884,-0.884459069,-0.373066218,                  909P   2690
-0.062128678,-0.888396077,-0.392265035,-0.171479719,                 909P   2691
-0.892333084,-0.336547897,-0.280830759,-0.896270092,                 909P   2692
-0.280830759,-0.336547897,-0.9002071,-0.171479719,-0.392265035,      909P   2693
-0.904144108,-0.062128678,-0.373066218,-0.908081116,                 909P   2694
0.059087884,-0.353867401,-0.912018124,0.180304446,-0.267085924,      909P   2695
-0.915955132,0.267085924,-0.180304446,-0.91989214,0.353867401,       909P   2696
-0.059087884,-0.923829147,0.373066218,0.062128678,-0.927766155,      909P   2697
0.392265035,0.171479719,-0.931703163,0.336547897,0.280830759,        909P   2698
-0.935640171,0.280830759,0.336547897,-0.939577179,0.171479719,       909P   2699
0.392265035,-0.943514187,0.062128678,0.373066218,-0.947451195,       909P   2700
-0.059087884,0.353867401,-0.951388203,-0.180304446,0.267085924,      909P   2701
-0.95532521,-0.267085924,0.,1.,0.030036678,-0.999431624,             909P   2702
0.015304452;                                                         909P   2703
126,1,1,1,0,1,0,0.,0.,1.,1.,1.,1.,0.,0.,0.,0.25041422,0.,0.,0.,      911P   2704
1.,0.,0.,1.;                                                         911P   2705
124,0.707106781186549,-0.024600046853185,0.706678737259597,          913P   2706
0.230948434094998,-1.19609183668601E-14,0.999394654473218,           913P   2707
0.0347897198947998,0.00827771502437794,-0.707106781186546,           913P   2708
-0.024600046853202,0.7066787372596,0.0818315516406693;               913P   2709
100,-0.254558441,0.254558441,-0.95532521,0.272274977,                915P   2710
-0.95532521,0.254499733,-0.937608772;                                915P   2711
126,1,1,1,0,1,0,0.,0.,1.,1.,1.,1.,0.25041422,0.,0.,0.25041422,       917P   2712
0.125039043,0.,0.,1.,0.,0.,1.;                                       917P   2713
126,8,2,1,0,0,0,0.,0.,0.,0.0333333333333333,0.0333333333333333,      919P   2714
0.0666666666666667,0.0666666666666667,0.1,0.1,                       919P   2715
0.125039043020429,0.125039043020429,0.125039043020429,               919P   2716
0.50000137262589,0.475529563592374,0.50000137262589,                 919P   2717
0.475529563592374,0.50000137262589,0.475529563592374,                919P   2718
0.50000137262589,0.481618852250552,0.490853174985334,                919P   2719
0.254081103,-0.937619497,-0.254952753,0.336920274,-0.933682489,      919P   2720
-0.172396799,0.355413399,-0.929745481,-0.056915985,0.373906523,      919P   2721
-0.925808473,0.058564829,0.320989856,-0.921871465,0.162860755,       919P   2722
0.268073189,-0.917934457,0.267156682,0.163959099,-0.91399745,        919P   2723
0.320430222,0.08674039,-0.911077473,0.35994182,0.,-0.908045855,      919P   2724
0.35994182,0.,0.125039043020429,-0.016113242,0.999374157,            919P   2725
-0.031490597;                                                        919P   2726
126,1,1,1,0,1,0,0.,0.,1.,1.,1.,1.,0.25041422,0.125039043,0.,         921P   2727
0.25041422,0.29170571,0.,0.,1.,0.,0.,1.;                             921P   2728
126,12,2,1,0,0,0,0.125039043020429,0.125039043020429,                923P   2729
0.125039043020429,0.133333333333333,0.133333333333333,               923P   2730
0.166666666666667,0.166666666666667,0.2,0.2,0.233333333333333,       923P   2731
0.233333333333333,0.266666666666667,0.266666666666667,               923P   2732
0.291705709687096,0.291705709687096,0.291705709687096,               923P   2733
0.490853174985334,0.493912083967712,0.50000137262589,                923P   2734
0.475529563592374,0.50000137262589,0.475529563592374,                923P   2735
0.50000137262589,0.475529563592374,0.50000137262589,                 923P   2736
0.475529563592374,0.50000137262589,0.481618852250552,                923P   2737
0.490853174985334,0.,-0.908045855,0.35994182,-0.028017972,           923P   2738
-0.907066614,0.35994182,-0.055698462,-0.906123434,0.355606236,       923P   2739
-0.171241932,-0.902186426,0.337508708,-0.254081103,                  923P   2740
-0.898249418,0.254952753,-0.336920274,-0.89431241,0.172396799,       923P   2741
-0.355413399,-0.890375402,0.056915985,-0.373906523,                  923P   2742
-0.886438395,-0.058564829,-0.320989856,-0.882501387,                 923P   2743
-0.162860755,-0.268073189,-0.878564379,-0.267156682,                 923P   2744
-0.163959099,-0.874627371,-0.320430222,-0.08674039,                  923P   2745
-0.871707395,-0.35994182,0.,-0.868675777,-0.35994182,                923P   2746
0.125039043020429,0.291705709687096,0.034928603,0.999374157,         923P   2747
-0.005593475;                                                        923P   2748
126,1,1,1,0,1,0,0.,0.,1.,1.,1.,1.,0.25041422,0.29170571,0.,          925P   2749
0.25041422,0.458372376,0.,0.,1.,0.,0.,1.;                            925P   2750
126,12,2,1,0,0,0,0.291705709687096,0.291705709687096,                927P   2751
0.291705709687096,0.3,0.3,0.333333333333333,0.333333333333333,       927P   2752
0.366666666666667,0.366666666666667,0.4,0.4,0.433333333333333,       927P   2753
0.433333333333333,0.458372376353763,0.458372376353763,               927P   2754
0.458372376353763,0.490853174985334,0.493912083967712,               927P   2755
0.50000137262589,0.475529563592374,0.50000137262589,                 927P   2756
0.475529563592374,0.50000137262589,0.475529563592374,                927P   2757
0.50000137262589,0.475529563592374,0.50000137262589,                 927P   2758
0.481618852250552,0.490853174985334,0.,-0.868675777,                 927P   2759
-0.35994182,0.028017972,-0.867696535,-0.35994182,0.055698462,        927P   2760
-0.866753355,-0.355606236,0.171241932,-0.862816347,                  927P   2761
-0.337508708,0.254081103,-0.858879339,-0.254952753,0.336920274,      927P   2762
-0.854942332,-0.172396799,0.355413399,-0.851005324,                  927P   2763
-0.056915985,0.373906523,-0.847068316,0.058564829,0.320989856,       927P   2764
-0.843131308,0.162860755,0.268073189,-0.8391943,0.267156682,         927P   2765
0.163959099,-0.835257292,0.320430222,0.08674039,-0.832337316,        927P   2766
0.35994182,0.,-0.829305698,0.35994182,0.291705709687096,             927P   2767
0.458372376353763,-0.034928603,0.999374157,0.005593475;              927P   2768
126,1,1,1,0,1,0,0.,0.,1.,1.,1.,1.,0.25041422,0.458372376,0.,         929P   2769
0.25041422,0.625039043,0.,0.,1.,0.,0.,1.;                            929P   2770
126,12,2,1,0,0,0,0.458372376353763,0.458372376353763,                931P   2771
0.458372376353763,0.466666666666667,0.466666666666667,0.5,0.5,       931P   2772
0.533333333333333,0.533333333333333,0.566666666666667,               931P   2773
0.566666666666667,0.6,0.6,0.625039043020429,0.625039043020429,       931P   2774
0.625039043020429,0.490853174985334,0.493912083967712,               931P   2775
0.50000137262589,0.475529563592374,0.50000137262589,                 931P   2776
0.475529563592374,0.50000137262589,0.475529563592374,                931P   2777
0.50000137262589,0.475529563592374,0.50000137262589,                 931P   2778
0.481618852250552,0.490853174985334,0.,-0.829305698,0.35994182,      931P   2779
-0.028017972,-0.828326457,0.35994182,-0.055698462,-0.827383276,      931P   2780
0.355606236,-0.171241932,-0.823446269,0.337508708,-0.254081103,      931P   2781
-0.819509261,0.254952753,-0.336920274,-0.815572253,0.172396799,      931P   2782
-0.355413399,-0.811635245,0.056915985,-0.373906523,                  931P   2783
-0.807698237,-0.058564829,-0.320989856,-0.803761229,                 931P   2784
-0.162860755,-0.268073189,-0.799824221,-0.267156682,                 931P   2785
-0.163959099,-0.795887213,-0.320430222,-0.08674039,                  931P   2786
-0.792967237,-0.35994182,0.,-0.789935619,-0.35994182,                931P   2787
0.458372376353763,0.625039043020429,0.034928603,0.999374157,         931P   2788
-0.005593475;                                                        931P   2789
126,1,1,1,0,1,0,0.,0.,1.,1.,1.,1.,0.25041422,0.625039043,0.,         933P   2790
0.25041422,0.79170571,0.,0.,1.,0.,0.,1.;                             933P   2791
126,12,2,1,0,0,0,0.625039043020429,0.625039043020429,                935P   2792
0.625039043020429,0.633333333333333,0.633333333333333,               935P   2793
0.666666666666667,0.666666666666667,0.7,0.7,0.733333333333333,       935P   2794
0.733333333333333,0.766666666666667,0.766666666666667,               935P   2795
0.791705709687096,0.791705709687096,0.791705709687096,               935P   2796
0.490853174985334,0.493912083967712,0.50000137262589,                935P   2797
0.475529563592374,0.50000137262589,0.475529563592374,                935P   2798
0.50000137262589,0.475529563592374,0.50000137262589,                 935P   2799
0.475529563592374,0.50000137262589,0.481618852250552,                935P   2800
0.490853174985334,0.,-0.789935619,-0.35994182,0.028017972,           935P   2801
-0.788956378,-0.35994182,0.055698462,-0.788013198,-0.355606236,      935P   2802
0.171241932,-0.78407619,-0.337508708,0.254081103,-0.780139182,       935P   2803
-0.254952753,0.336920274,-0.776202174,-0.172396799,0.355413399,      935P   2804
-0.772265166,-0.056915985,0.373906523,-0.768328158,0.058564829,      935P   2805
0.320989856,-0.76439115,0.162860755,0.268073189,-0.760454143,        935P   2806
0.267156682,0.163959099,-0.756517135,0.320430222,0.08674039,         935P   2807
-0.753597158,0.35994182,0.,-0.750565541,0.35994182,                  935P   2808
0.625039043020429,0.791705709687096,-0.034928603,0.999374157,        935P   2809
0.005593475;                                                         935P   2810
126,1,1,1,0,1,0,0.,0.,1.,1.,1.,1.,0.25041422,0.79170571,0.,          937P   2811
0.25041422,0.958372376,0.,0.,1.,0.,0.,1.;                            937P   2812
126,12,2,1,0,0,0,0.791705709687096,0.791705709687096,                939P   2813
0.791705709687096,0.8,0.8,0.833333333333333,0.833333333333333,       939P   2814
0.866666666666667,0.866666666666667,0.9,0.9,0.933333333333333,       939P   2815
0.933333333333333,0.958372376353763,0.958372376353763,               939P   2816
0.958372376353763,0.490853174985334,0.493912083967712,               939P   2817
0.50000137262589,0.475529563592374,0.50000137262589,                 939P   2818
0.475529563592374,0.50000137262589,0.475529563592374,                939P   2819
0.50000137262589,0.475529563592374,0.50000137262589,                 939P   2820
0.481618852250552,0.490853174985334,0.,-0.750565541,0.35994182,      939P   2821
-0.028017972,-0.749586299,0.35994182,-0.055698462,-0.748643119,      939P   2822
0.355606236,-0.171241932,-0.744706111,0.337508708,-0.254081103,      939P   2823
-0.740769103,0.254952753,-0.336920274,-0.736832095,0.172396799,      939P   2824
-0.355413399,-0.732895087,0.056915985,-0.373906523,-0.72895808,      939P   2825
-0.058564829,-0.320989856,-0.725021072,-0.162860755,                 939P   2826
-0.268073189,-0.721084064,-0.267156682,-0.163959099,                 939P   2827
-0.717147056,-0.320430222,-0.08674039,-0.71422708,-0.35994182,       939P   2828
0.,-0.711195462,-0.35994182,0.791705709687096,                       939P   2829
0.958372376353763,0.034928603,0.999374157,-0.005593475;              939P   2830
126,1,1,1,0,1,0,0.,0.,1.,1.,1.,1.,0.25041422,0.958372376,0.,         941P   2831
0.25041422,1.,0.,0.,1.,0.,0.,1.;                                     941P   2832
126,4,2,1,0,0,0,0.958372376353763,0.958372376353763,                 943P   2833
0.958372376353763,0.966666666666667,0.966666666666667,1.,1.,1.,      943P   2834
0.490853174985334,0.493912083967712,0.50000137262589,                943P   2835
0.475529563592374,0.50000137262589,0.,-0.711195462,-0.35994182,      943P   2836
0.028017972,-0.71021622,-0.35994182,0.055698462,-0.70927304,         943P   2837
-0.355606236,0.171241932,-0.705336032,-0.337508708,0.254081103,      943P   2838
-0.701399024,-0.254952753,0.958372376353763,1.,-0.034928603,         943P   2839
0.999374157,0.005593475;                                             943P   2840
126,1,1,1,0,1,0,0.,0.,1.,1.,1.,1.,0.25041422,1.,0.,0.,1.,0.,0.,      945P   2841
1.,0.,0.,1.;                                                         945P   2842
124,-0.0269430877117909,0.707021380390822,-0.706678737259592,        947P   2843
0.589948418351328,0.999389167308372,0.00331174520753112,             947P   2844
-0.0347897198947995,-0.979982211825366,-0.0222567358620476,          947P   2845
-0.70718441725899,-0.706678737259605,-0.937323504148449;             947P   2846
100,-0.254558441,0.254558441,-0.719104738,0.272274977,               949P   2847
-0.719104738,0.254499733,-0.7013883;                                 949P   2848
102,10,907,911,917,921,925,929,933,937,941,945;                      951P   2849
102,10,909,915,919,923,927,931,935,939,943,949;                      953P   2850
142,1,905,951,953,1;                                                 955P   2851
144,905,1,0,955;                                                     957P   2852
128,1,1,1,1,0,0,1,0,0,0.,0.,1.,1.,0.,0.,1.,1.,1.,1.,1.,1.,           959P   2853
0.267677311,-0.973243491,-0.266795196,0.242321687,-0.973243491,      959P   2854
-0.241439572,0.266795196,-0.93740693,-0.267677311,0.241439572,       959P   2855
-0.93740693,-0.242321687,0.,1.,0.,1.;                                959P   2856
126,1,1,1,0,1,0,0.,0.,1.,1.,1.,1.,0.994071146,0.5,0.,                961P   2857
0.501622512,0.5,0.,0.,1.,0.,0.,1.;                                   961P   2858
110,0.242030959,-0.95532521,-0.242030959,0.254517301,                963P   2859
-0.95532521,-0.254517301;                                            963P   2860
126,1,1,1,0,1,0,0.,0.,1.,1.,1.,1.,0.501622512,0.5,0.,                965P   2861
0.501637229,0.994068434,0.,0.,1.,0.,0.,1.;                           965P   2862
126,3,3,1,0,0,0,0.,0.,0.,0.,1.,1.,1.,1.,1.,0.999999755651754,        967P   2863
0.999999755651754,1.,0.254517301,-0.95532521,-0.254517301,           967P   2864
0.254372026,-0.949423302,-0.254662577,0.254226627,-0.943521396,      967P   2865
-0.254807727,0.254081103,-0.937619497,-0.254952753,0.,1.,0.,0.,      967P   2866
0.;                                                                  967P   2867
126,8,2,1,0,1,0,0.,0.,0.,0.25,0.25,0.5,0.5,0.75,0.75,1.,1.,1.,       969P   2868
1.,1.,1.,1.,1.,1.,1.,1.,1.,0.501637229,0.994068434,0.,               969P   2869
0.403148139,0.994394804,0.,0.312062194,0.956930716,0.,               969P   2870
0.220976249,0.919466627,0.,0.15121827,0.849939427,0.,                969P   2871
0.081460291,0.780412227,0.,0.043694572,0.689450928,0.,               969P   2872
0.005928854,0.59848963,0.,0.005928854,0.5,0.,0.,1.,0.,0.,-1.;        969P   2873
124,-0.0269430877117907,0.707021380390822,-0.706678737259592,        971P   2874
0.756961342853097,0.999389167308372,0.00331174520753076,             971P   2875
-0.0347897198947996,-1.21542038224878,-0.0222567358620479,           971P   2876
-0.70718441725899,-0.706678737259605,-1.10437494129624;              971P   2877
100,-0.254558441,0.254558441,-0.95532521,0.272274977,                973P   2878
-0.95532521,0.254499733,-0.937608772;                                973P   2879
126,16,2,1,0,1,0,0.,0.,0.,0.125,0.125,0.25,0.25,0.375,0.375,         975P   2880
0.5,0.5,0.625,0.625,0.75,0.75,0.875,0.875,1.,1.,1.,1.,1.,1.,1.,      975P   2881
1.,1.,1.,1.,1.,1.,1.,1.,1.,1.,1.,1.,1.,0.005928854,0.5,0.,           975P   2882
0.005928854,0.401723139,0.,0.04353778,0.310927158,0.,                975P   2883
0.081146707,0.220131177,0.,0.150638942,0.150638942,0.,               975P   2884
0.220131177,0.081146707,0.,0.310927158,0.04353778,0.,                975P   2885
0.401723139,0.005928854,0.,0.5,0.005928854,0.,0.598276861,           975P   2886
0.005928854,0.,0.689072842,0.04353778,0.,0.779868823,                975P   2887
0.081146707,0.,0.849361058,0.150638942,0.,0.918853293,               975P   2888
0.220131177,0.,0.95646222,0.310927158,0.,0.994071146,                975P   2889
0.401723139,0.,0.994071146,0.5,0.,0.,1.,0.,0.,-1.;                   975P   2890
124,0.707106781186554,0.024600046853182,-0.706678737259592,          977P   2891
-0.0818315516406875,-1.55986334959834E-14,-0.999394654473217,        977P   2892
-0.0347897198947996,-1.91892813594373,-0.707106781186541,            977P   2893
0.0246000468532046,-0.706678737259605,-0.230948434094983;            977P   2894
100,-0.254558441,0.254558441,-0.95532521,0.272274977,                979P   2895
-0.95532521,0.236841906,-0.95532521;                                 979P   2896
102,4,961,965,969,975;                                               981P   2897
102,4,963,967,973,979;                                               983P   2898
142,1,959,981,983,1;                                                 985P   2899
144,959,1,0,985;                                                     987P   2900
128,1,1,1,1,0,0,1,0,0,0.,0.,1.,1.,0.,0.,1.,1.,1.,1.,1.,1.,           989P   2901
0.267602395,-0.737023019,-0.26672028,0.254882572,-0.737023019,       989P   2902
-0.254000457,0.26672028,-0.701186457,-0.267602395,0.254000457,       989P   2903
-0.701186457,-0.254882572,0.,1.,0.,1.;                               989P   2904
126,8,2,1,0,1,0,0.,0.,0.,0.25,0.25,0.5,0.5,0.75,0.75,1.,1.,1.,       991P   2905
1.,1.,1.,1.,1.,1.,1.,1.,1.,0.005928854,0.5,0.,0.005928854,           991P   2906
0.40151037,0.,0.081210825,0.310549072,0.,0.156492797,                991P   2907
0.219587773,0.,0.295547961,0.150060573,0.,0.434603125,               991P   2908
0.080533373,0.,0.616173337,0.043069284,0.,0.797743548,               991P   2909
0.005605196,0.,0.994071146,0.005931566,0.,0.,1.,0.,0.,-1.;           991P   2910
124,0.707106781186554,0.0246000468531818,-0.706678737259592,         993P   2911
-0.0876425863304156,-1.5931700403371E-14,-0.999394654473217,         993P   2912
-0.0347897198947994,-1.44663018606817,-0.707106781186541,            993P   2913
0.0246000468532047,-0.706678737259605,-0.236759468784716;            993P   2914
100,-0.254558441,0.254558441,-0.719104738,0.272274977,               995P   2915
-0.719104738,0.254499733,-0.7013883;                                 995P   2916
126,1,1,1,0,1,0,0.,0.,1.,1.,1.,1.,0.994071146,0.005931566,0.,        997P   2917
0.994071146,0.994068434,0.,0.,1.,0.,0.,1.;                           997P   2918
126,3,3,1,0,0,0,0.,0.,0.,0.,1.,1.,1.,1.,1.,0.999999022607195,        999P   2919
0.999999022607195,1.,0.254952753,-0.736810452,-0.254081103,          999P   2920
0.254662701,-0.725006648,-0.254372151,0.254372151,-0.713202828,      999P   2921
-0.254662701,0.254081103,-0.701399024,-0.254952753,0.,1.,0.,0.,      999P   2922
0.;                                                                  999P   2923
126,8,2,1,0,1,0,0.,0.,0.,0.25,0.25,0.5,0.5,0.75,0.75,1.,1.,1.,      1001P   2924
1.,1.,1.,1.,1.,1.,1.,1.,1.,0.994071146,0.994068434,0.,              1001P   2925
0.797743548,0.994394804,0.,0.616173337,0.956930716,0.,              1001P   2926
0.434603125,0.919466627,0.,0.295547961,0.849939427,0.,              1001P   2927
0.156492797,0.780412227,0.,0.081210825,0.689450928,0.,              1001P   2928
0.005928854,0.59848963,0.,0.005928854,0.5,0.,0.,1.,0.,0.,-1.;       1001P   2929
124,-0.0269430877117909,0.707021380390822,-0.706678737259592,       1003P   2930
0.589948418351328,0.999389167308372,0.00331174520753112,            1003P   2931
-0.0347897198947995,-0.979982211825366,-0.0222567358620476,         1003P   2932
-0.70718441725899,-0.706678737259605,-0.937323504148449;            1003P   2933
100,-0.254558441,0.254558441,-0.719104738,0.272274977,              1005P   2934
-0.719104738,0.254499733,-0.7013883;                                1005P   2935
102,3,991,997,1001;                                                 1007P   2936
102,3,995,999,1005;                                                 1009P   2937
142,1,989,1007,1009,1;                                              1011P   2938
144,989,1,0,1011;                                                   1013P   2939
S      1G      4D   1014P   2939                                        T      1
