SolidWorks IGES file using analytic representation for surfaces         S      1
1H,,1H;,15Hcapsule_ female,34HC:\Users\JungseoKim\Desktop\2c.IGS,15HSoliG      1
dWorks 2023,15HSolidWorks 2023,32,308,15,308,15,15Hcapsule_ female,1.,  G      2
1,2HIN,50,0.125,13H250103.173351,1E-08,19684.6456692913,10HJungseoKim,, G      3
11,0,13H250103.173351;                                                  G      4
     314       1       0       0       0                        00000200D      1
     314       0       8       1       0                               0D      2
     128       2       0       0       0                        01010000D      3
     128       0       0      15       0                               0D      4
     126      17       0       0       0                        01010500D      5
     126       0       0       2       0                               0D      6
     124      19       0       0       0                        00000000D      7
     124       0       0       4       0                               0D      8
     100      23       0       0       0               7        01010000D      9
     100       0       0       1       0                               0D     10
     126      24       0       0       0                        01010500D     11
     126       0       0       2       0                               0D     12
     124      26       0       0       0                        00000000D     13
     124       0       0       4       0                               0D     14
     100      30       0       0       0              13        01010000D     15
     100       0       0       2       0                               0D     16
     126      32       0       0       0                        01010500D     17
     126       0       0       2       0                               0D     18
     124      34       0       0       0                        00000000D     19
     124       0       0       4       0                               0D     20
     100      38       0       0       0              19        01010000D     21
     100       0       0       2       0                               0D     22
     126      40       0       0       0                        01010500D     23
     126       0       0       2       0                               0D     24
     124      42       0       0       0                        00000000D     25
     124       0       0       4       0                               0D     26
     100      46       0       0       0              25        01010000D     27
     100       0       0       2       0                               0D     28
     102      48       0       0       0                        01010500D     29
     102       0       0       1       0                               0D     30
     102      49       0       0       0                        01010000D     31
     102       0       0       1       0                               0D     32
     142      50       0       0       0                        00010500D     33
     142       0       0       1       0                               0D     34
     144      51       0       0       0                        00000000D     35
     144       0      -1       1       0                               0D     36
     128      52       0       0       0                        01010000D     37
     128       0       0      15       0                               0D     38
     126      67       0       0       0                        01010500D     39
     126       0       0       2       0                               0D     40
     124      69       0       0       0                        00000000D     41
     124       0       0       4       0                               0D     42
     100      73       0       0       0              41        01010000D     43
     100       0       0       2       0                               0D     44
     126      75       0       0       0                        01010500D     45
     126       0       0       2       0                               0D     46
     124      77       0       0       0                        00000000D     47
     124       0       0       4       0                               0D     48
     100      81       0       0       0              47        01010000D     49
     100       0       0       2       0                               0D     50
     126      83       0       0       0                        01010500D     51
     126       0       0       2       0                               0D     52
     124      85       0       0       0                        00000000D     53
     124       0       0       4       0                               0D     54
     100      89       0       0       0              53        01010000D     55
     100       0       0       2       0                               0D     56
     126      91       0       0       0                        01010500D     57
     126       0       0       2       0                               0D     58
     124      93       0       0       0                        00000000D     59
     124       0       0       4       0                               0D     60
     100      97       0       0       0              59        01010000D     61
     100       0       0       2       0                               0D     62
     102      99       0       0       0                        01010500D     63
     102       0       0       1       0                               0D     64
     102     100       0       0       0                        01010000D     65
     102       0       0       1       0                               0D     66
     142     101       0       0       0                        00010500D     67
     142       0       0       1       0                               0D     68
     144     102       0       0       0                        00000000D     69
     144       0      -1       1       0                               0D     70
     128     103       0       0       0                        01010000D     71
     128       0       0      15       0                               0D     72
     126     118       0       0       0                        01010500D     73
     126       0       0       2       0                               0D     74
     124     120       0       0       0                        00000000D     75
     124       0       0       4       0                               0D     76
     100     124       0       0       0              75        01010000D     77
     100       0       0       2       0                               0D     78
     126     126       0       0       0                        01010500D     79
     126       0       0       2       0                               0D     80
     124     128       0       0       0                        00000000D     81
     124       0       0       4       0                               0D     82
     100     132       0       0       0              81        01010000D     83
     100       0       0       2       0                               0D     84
     126     134       0       0       0                        01010500D     85
     126       0       0       2       0                               0D     86
     124     136       0       0       0                        00000000D     87
     124       0       0       4       0                               0D     88
     100     140       0       0       0              87        01010000D     89
     100       0       0       2       0                               0D     90
     126     142       0       0       0                        01010500D     91
     126       0       0       2       0                               0D     92
     124     144       0       0       0                        00000000D     93
     124       0       0       4       0                               0D     94
     100     148       0       0       0              93        01010000D     95
     100       0       0       2       0                               0D     96
     102     150       0       0       0                        01010500D     97
     102       0       0       1       0                               0D     98
     102     151       0       0       0                        01010000D     99
     102       0       0       1       0                               0D    100
     142     152       0       0       0                        00010500D    101
     142       0       0       1       0                               0D    102
     144     153       0       0       0                        00000000D    103
     144       0      -1       1       0                               0D    104
     110     154       0       0       0                        01010000D    105
     110       0       0       1       0                               0D    106
     110     155       0       0       0                        01010000D    107
     110       0       0       1       0                               0D    108
     120     156       0       0       0                        01010000D    109
     120       0       0       1       0                               0D    110
     126     157       0       0       0                        01010500D    111
     126       0       0       2       0                               0D    112
     124     159       0       0       0                        00000000D    113
     124       0       0       4       0                               0D    114
     100     163       0       0       0             113        01010000D    115
     100       0       0       1       0                               0D    116
     126     164       0       0       0                        01010500D    117
     126       0       0       2       0                               0D    118
     110     166       0       0       0                        01010000D    119
     110       0       0       1       0                               0D    120
     126     167       0       0       0                        01010500D    121
     126       0       0       2       0                               0D    122
     124     169       0       0       0                        00000000D    123
     124       0       0       4       0                               0D    124
     100     173       0       0       0             123        01010000D    125
     100       0       0       1       0                               0D    126
     126     174       0       0       0                        01010500D    127
     126       0       0       2       0                               0D    128
     110     176       0       0       0                        01010000D    129
     110       0       0       1       0                               0D    130
     102     177       0       0       0                        01010500D    131
     102       0       0       1       0                               0D    132
     102     178       0       0       0                        01010000D    133
     102       0       0       1       0                               0D    134
     142     179       0       0       0                        00010500D    135
     142       0       0       1       0                               0D    136
     144     180       0       0       0                        00000000D    137
     144       0      -1       1       0                               0D    138
     110     181       0       0       0                        01010000D    139
     110       0       0       1       0                               0D    140
     110     182       0       0       0                        01010000D    141
     110       0       0       1       0                               0D    142
     120     183       0       0       0                        01010000D    143
     120       0       0       1       0                               0D    144
     126     184       0       0       0                        01010500D    145
     126       0       0       2       0                               0D    146
     110     186       0       0       0                        01010000D    147
     110       0       0       1       0                               0D    148
     126     187       0       0       0                        01010500D    149
     126       0       0      28       0                               0D    150
     126     215       0       0       0                        01010000D    151
     126       0       0      18       0                               0D    152
     126     233       0       0       0                        01010500D    153
     126       0       0       2       0                               0D    154
     110     235       0       0       0                        01010000D    155
     110       0       0       1       0                               0D    156
     126     236       0       0       0                        01010500D    157
     126       0       0       2       0                               0D    158
     124     238       0       0       0                        00000000D    159
     124       0       0       4       0                               0D    160
     100     242       0       0       0             159        01010000D    161
     100       0       0       1       0                               0D    162
     102     243       0       0       0                        01010500D    163
     102       0       0       1       0                               0D    164
     102     244       0       0       0                        01010000D    165
     102       0       0       1       0                               0D    166
     142     245       0       0       0                        00010500D    167
     142       0       0       1       0                               0D    168
     144     246       0       0       0                        00000000D    169
     144       0      -1       1       0                               0D    170
     110     247       0       0       0                        01010000D    171
     110       0       0       1       0                               0D    172
     110     248       0       0       0                        01010000D    173
     110       0       0       1       0                               0D    174
     120     249       0       0       0                        01010000D    175
     120       0       0       1       0                               0D    176
     126     250       0       0       0                        01010500D    177
     126       0       0       2       0                               0D    178
     110     252       0       0       0                        01010000D    179
     110       0       0       1       0                               0D    180
     126     253       0       0       0                        01010500D    181
     126       0       0      28       0                               0D    182
     126     281       0       0       0                        01010000D    183
     126       0       0      18       0                               0D    184
     126     299       0       0       0                        01010500D    185
     126       0       0       2       0                               0D    186
     110     301       0       0       0                        01010000D    187
     110       0       0       1       0                               0D    188
     126     302       0       0       0                        01010500D    189
     126       0       0      28       0                               0D    190
     126     330       0       0       0                        01010000D    191
     126       0       0      18       0                               0D    192
     102     348       0       0       0                        01010500D    193
     102       0       0       1       0                               0D    194
     102     349       0       0       0                        01010000D    195
     102       0       0       1       0                               0D    196
     142     350       0       0       0                        00010500D    197
     142       0       0       1       0                               0D    198
     144     351       0       0       0                        00000000D    199
     144       0      -1       1       0                               0D    200
     110     352       0       0       0                        01010000D    201
     110       0       0       1       0                               0D    202
     110     353       0       0       0                        01010000D    203
     110       0       0       1       0                               0D    204
     120     354       0       0       0                        01010000D    205
     120       0       0       1       0                               0D    206
     126     355       0       0       0                        01010500D    207
     126       0       0       2       0                               0D    208
     110     357       0       0       0                        01010000D    209
     110       0       0       1       0                               0D    210
     126     358       0       0       0                        01010500D    211
     126       0       0      28       0                               0D    212
     126     386       0       0       0                        01010000D    213
     126       0       0      19       0                               0D    214
     126     405       0       0       0                        01010500D    215
     126       0       0       2       0                               0D    216
     110     407       0       0       0                        01010000D    217
     110       0       0       1       0                               0D    218
     126     408       0       0       0                        01010500D    219
     126       0       0      28       0                               0D    220
     126     436       0       0       0                        01010000D    221
     126       0       0      18       0                               0D    222
     102     454       0       0       0                        01010500D    223
     102       0       0       1       0                               0D    224
     102     455       0       0       0                        01010000D    225
     102       0       0       1       0                               0D    226
     142     456       0       0       0                        00010500D    227
     142       0       0       1       0                               0D    228
     144     457       0       0       0                        00000000D    229
     144       0      -1       1       0                               0D    230
     110     458       0       0       0                        01010000D    231
     110       0       0       1       0                               0D    232
     110     459       0       0       0                        01010000D    233
     110       0       0       1       0                               0D    234
     120     460       0       0       0                        01010000D    235
     120       0       0       1       0                               0D    236
     126     461       0       0       0                        01010500D    237
     126       0       0       2       0                               0D    238
     110     463       0       0       0                        01010000D    239
     110       0       0       1       0                               0D    240
     126     464       0       0       0                        01010500D    241
     126       0       0       2       0                               0D    242
     124     466       0       0       0                        00000000D    243
     124       0       0       4       0                               0D    244
     100     470       0       0       0             243        01010000D    245
     100       0       0       1       0                               0D    246
     126     471       0       0       0                        01010500D    247
     126       0       0       2       0                               0D    248
     110     473       0       0       0                        01010000D    249
     110       0       0       1       0                               0D    250
     126     474       0       0       0                        01010500D    251
     126       0       0      28       0                               0D    252
     126     502       0       0       0                        01010000D    253
     126       0       0      19       0                               0D    254
     102     521       0       0       0                        01010500D    255
     102       0       0       1       0                               0D    256
     102     522       0       0       0                        01010000D    257
     102       0       0       1       0                               0D    258
     142     523       0       0       0                        00010500D    259
     142       0       0       1       0                               0D    260
     144     524       0       0       0                        00000000D    261
     144       0      -1       1       0                               0D    262
     110     525       0       0       0                        01010000D    263
     110       0       0       1       0                               0D    264
     110     526       0       0       0                        01010000D    265
     110       0       0       1       0                               0D    266
     120     527       0       0       0                        01010000D    267
     120       0       0       1       0                               0D    268
     126     528       0       0       0                        01010500D    269
     126       0       0      28       0                               0D    270
     126     556       0       0       0                        01010000D    271
     126       0       0      18       0                               0D    272
     126     574       0       0       0                        01010500D    273
     126       0       0       2       0                               0D    274
     110     576       0       0       0                        01010000D    275
     110       0       0       1       0                               0D    276
     126     577       0       0       0                        01010500D    277
     126       0       0       2       0                               0D    278
     124     579       0       0       0                        00000000D    279
     124       0       0       4       0                               0D    280
     100     583       0       0       0             279        01010000D    281
     100       0       0       2       0                               0D    282
     126     585       0       0       0                        01010500D    283
     126       0       0       2       0                               0D    284
     126     587       0       0       0                        01010000D    285
     126       0       0       5       0                               0D    286
     126     592       0       0       0                        01010500D    287
     126       0       0       8       0                               0D    288
     126     600       0       0       0                        01010000D    289
     126       0       0       8       0                               0D    290
     126     608       0       0       0                        01010500D    291
     126       0       0       2       0                               0D    292
     110     610       0       0       0                        01010000D    293
     110       0       0       1       0                               0D    294
     102     611       0       0       0                        01010500D    295
     102       0       0       1       0                               0D    296
     102     612       0       0       0                        01010000D    297
     102       0       0       1       0                               0D    298
     142     613       0       0       0                        00010500D    299
     142       0       0       1       0                               0D    300
     144     614       0       0       0                        00000000D    301
     144       0      -1       1       0                               0D    302
     110     615       0       0       0                        01010000D    303
     110       0       0       1       0                               0D    304
     110     616       0       0       0                        01010000D    305
     110       0       0       1       0                               0D    306
     120     617       0       0       0                        01010000D    307
     120       0       0       1       0                               0D    308
     126     618       0       0       0                        01010500D    309
     126       0       0      28       0                               0D    310
     126     646       0       0       0                        01010000D    311
     126       0       0      18       0                               0D    312
     126     664       0       0       0                        01010500D    313
     126       0       0       2       0                               0D    314
     110     666       0       0       0                        01010000D    315
     110       0       0       1       0                               0D    316
     126     667       0       0       0                        01010500D    317
     126       0       0      28       0                               0D    318
     126     695       0       0       0                        01010000D    319
     126       0       0      18       0                               0D    320
     126     713       0       0       0                        01010500D    321
     126       0       0       2       0                               0D    322
     110     715       0       0       0                        01010000D    323
     110       0       0       1       0                               0D    324
     102     716       0       0       0                        01010500D    325
     102       0       0       1       0                               0D    326
     102     717       0       0       0                        01010000D    327
     102       0       0       1       0                               0D    328
     142     718       0       0       0                        00010500D    329
     142       0       0       1       0                               0D    330
     144     719       0       0       0                        00000000D    331
     144       0      -1       1       0                               0D    332
     110     720       0       0       0                        01010000D    333
     110       0       0       1       0                               0D    334
     110     721       0       0       0                        01010000D    335
     110       0       0       1       0                               0D    336
     120     722       0       0       0                        01010000D    337
     120       0       0       1       0                               0D    338
     126     723       0       0       0                        01010500D    339
     126       0       0       2       0                               0D    340
     124     725       0       0       0                        00000000D    341
     124       0       0       4       0                               0D    342
     100     729       0       0       0             341        01010000D    343
     100       0       0       2       0                               0D    344
     126     731       0       0       0                        01010500D    345
     126       0       0       2       0                               0D    346
     126     733       0       0       0                        01010000D    347
     126       0       0       5       0                               0D    348
     126     738       0       0       0                        01010500D    349
     126       0       0      18       0                               0D    350
     126     756       0       0       0                        01010000D    351
     126       0       0      12       0                               0D    352
     126     768       0       0       0                        01010500D    353
     126       0       0       2       0                               0D    354
     110     770       0       0       0                        01010000D    355
     110       0       0       1       0                               0D    356
     126     771       0       0       0                        01010500D    357
     126       0       0      27       0                               0D    358
     126     798       0       0       0                        01010000D    359
     126       0       0      17       0                               0D    360
     126     815       0       0       0                        01010500D    361
     126       0       0       2       0                               0D    362
     110     817       0       0       0                        01010000D    363
     110       0       0       1       0                               0D    364
     102     818       0       0       0                        01010500D    365
     102       0       0       1       0                               0D    366
     102     819       0       0       0                        01010000D    367
     102       0       0       1       0                               0D    368
     142     820       0       0       0                        00010500D    369
     142       0       0       1       0                               0D    370
     144     821       0       0       0                        00000000D    371
     144       0      -1       1       0                               0D    372
     110     822       0       0       0                        01010000D    373
     110       0       0       1       0                               0D    374
     110     823       0       0       0                        01010000D    375
     110       0       0       1       0                               0D    376
     120     824       0       0       0                        01010000D    377
     120       0       0       1       0                               0D    378
     126     825       0       0       0                        01010500D    379
     126       0       0       2       0                               0D    380
     124     827       0       0       0                        00000000D    381
     124       0       0       4       0                               0D    382
     100     831       0       0       0             381        01010000D    383
     100       0       0       2       0                               0D    384
     126     833       0       0       0                        01010500D    385
     126       0       0       2       0                               0D    386
     110     835       0       0       0                        01010000D    387
     110       0       0       1       0                               0D    388
     126     836       0       0       0                        01010500D    389
     126       0       0      17       0                               0D    390
     126     853       0       0       0                        01010000D    391
     126       0       0      14       0                               0D    392
     102     867       0       0       0                        01010500D    393
     102       0       0       1       0                               0D    394
     102     868       0       0       0                        01010000D    395
     102       0       0       1       0                               0D    396
     142     869       0       0       0                        00010500D    397
     142       0       0       1       0                               0D    398
     144     870       0       0       0                        00000000D    399
     144       0      -1       1       0                               0D    400
     128     871       0       0       0                        01010000D    401
     128       0       0      15       0                               0D    402
     126     886       0       0       0                        01010500D    403
     126       0       0       2       0                               0D    404
     124     888       0       0       0                        00000000D    405
     124       0       0       4       0                               0D    406
     100     892       0       0       0             405        01010000D    407
     100       0       0       2       0                               0D    408
     126     894       0       0       0                        01010500D    409
     126       0       0       2       0                               0D    410
     124     896       0       0       0                        00000000D    411
     124       0       0       4       0                               0D    412
     100     900       0       0       0             411        01010000D    413
     100       0       0       2       0                               0D    414
     126     902       0       0       0                        01010500D    415
     126       0       0       2       0                               0D    416
     124     904       0       0       0                        00000000D    417
     124       0       0       4       0                               0D    418
     100     908       0       0       0             417        01010000D    419
     100       0       0       1       0                               0D    420
     126     909       0       0       0                        01010500D    421
     126       0       0       2       0                               0D    422
     124     911       0       0       0                        00000000D    423
     124       0       0       4       0                               0D    424
     100     915       0       0       0             423        01010000D    425
     100       0       0       2       0                               0D    426
     102     917       0       0       0                        01010500D    427
     102       0       0       1       0                               0D    428
     102     918       0       0       0                        01010000D    429
     102       0       0       1       0                               0D    430
     142     919       0       0       0                        00010500D    431
     142       0       0       1       0                               0D    432
     144     920       0       0       0                        00000000D    433
     144       0      -1       1       0                               0D    434
     128     921       0       0       0                        01010000D    435
     128       0       0       4       0                               0D    436
     126     925       0       0       0                        01010500D    437
     126       0       0       6       0                               0D    438
     124     931       0       0       0                        00000000D    439
     124       0       0       4       0                               0D    440
     100     935       0       0       0             439        01010000D    441
     100       0       0       2       0                               0D    442
     126     937       0       0       0                        01010500D    443
     126       0       0      22       0                               0D    444
     124     959       0       0       0                        00000000D    445
     124       0       0       4       0                               0D    446
     100     963       0       0       0             445        01010000D    447
     100       0       0       1       0                               0D    448
     126     964       0       0       0                        01010500D    449
     126       0       0      22       0                               0D    450
     124     986       0       0       0                        00000000D    451
     124       0       0       4       0                               0D    452
     100     990       0       0       0             451        01010000D    453
     100       0       0       2       0                               0D    454
     126     992       0       0       0                        01010500D    455
     126       0       0      14       0                               0D    456
     126    1006       0       0       0                        01010000D    457
     126       0       0      15       0                               0D    458
     126    1021       0       0       0                        01010500D    459
     126       0       0       2       0                               0D    460
     110    1023       0       0       0                        01010000D    461
     110       0       0       2       0                               0D    462
     102    1025       0       0       0                        01010500D    463
     102       0       0       1       0                               0D    464
     102    1026       0       0       0                        01010000D    465
     102       0       0       1       0                               0D    466
     142    1027       0       0       0                        00010500D    467
     142       0       0       1       0                               0D    468
     126    1028       0       0       0                        01010500D    469
     126       0       0      22       0                               0D    470
     124    1050       0       0       0                        00000000D    471
     124       0       0       4       0                               0D    472
     100    1054       0       0       0             471        01010000D    473
     100       0       0       1       0                               0D    474
     126    1055       0       0       0                        01010500D    475
     126       0       0      22       0                               0D    476
     124    1077       0       0       0                        00000000D    477
     124       0       0       4       0                               0D    478
     100    1081       0       0       0             477        01010000D    479
     100       0       0       1       0                               0D    480
     102    1082       0       0       0                        01010500D    481
     102       0       0       1       0                               0D    482
     102    1083       0       0       0                        01010000D    483
     102       0       0       1       0                               0D    484
     142    1084       0       0       0                        00010500D    485
     142       0       0       1       0                               0D    486
     144    1085       0       0       0                        00000000D    487
     144       0      -1       1       0                               0D    488
     128    1086       0       0       0                        01010000D    489
     128       0       0       4       0                               0D    490
     126    1090       0       0       0                        01010500D    491
     126       0       0      44       0                               0D    492
     124    1134       0       0       0                        00000000D    493
     124       0       0       4       0                               0D    494
     100    1138       0       0       0             493        01010000D    495
     100       0       0       2       0                               0D    496
     126    1140       0       0       0                        01010500D    497
     126       0       0      44       0                               0D    498
     124    1184       0       0       0                        00000000D    499
     124       0       0       4       0                               0D    500
     100    1188       0       0       0             499        01010000D    501
     100       0       0       2       0                               0D    502
     102    1190       0       0       0                        01010500D    503
     102       0       0       1       0                               0D    504
     102    1191       0       0       0                        01010000D    505
     102       0       0       1       0                               0D    506
     142    1192       0       0       0                        00010500D    507
     142       0       0       1       0                               0D    508
     144    1193       0       0       0                        00000000D    509
     144       0      -1       1       0                               0D    510
     128    1194       0       0       0                        01010000D    511
     128       0       0      15       0                               0D    512
     126    1209       0       0       0                        01010500D    513
     126       0       0       2       0                               0D    514
     124    1211       0       0       0                        00000000D    515
     124       0       0       4       0                               0D    516
     100    1215       0       0       0             515        01010000D    517
     100       0       0       2       0                               0D    518
     126    1217       0       0       0                        01010500D    519
     126       0       0       2       0                               0D    520
     124    1219       0       0       0                        00000000D    521
     124       0       0       4       0                               0D    522
     100    1223       0       0       0             521        01010000D    523
     100       0       0       2       0                               0D    524
     126    1225       0       0       0                        01010500D    525
     126       0       0       2       0                               0D    526
     124    1227       0       0       0                        00000000D    527
     124       0       0       4       0                               0D    528
     100    1231       0       0       0             527        01010000D    529
     100       0       0       2       0                               0D    530
     126    1233       0       0       0                        01010500D    531
     126       0       0       2       0                               0D    532
     124    1235       0       0       0                        00000000D    533
     124       0       0       4       0                               0D    534
     100    1239       0       0       0             533        01010000D    535
     100       0       0       1       0                               0D    536
     102    1240       0       0       0                        01010500D    537
     102       0       0       1       0                               0D    538
     102    1241       0       0       0                        01010000D    539
     102       0       0       1       0                               0D    540
     142    1242       0       0       0                        00010500D    541
     142       0       0       1       0                               0D    542
     144    1243       0       0       0                        00000000D    543
     144       0      -1       1       0                               0D    544
     110    1244       0       0       0                        01010000D    545
     110       0       0       1       0                               0D    546
     110    1245       0       0       0                        01010000D    547
     110       0       0       1       0                               0D    548
     120    1246       0       0       0                        01010000D    549
     120       0       0       1       0                               0D    550
     126    1247       0       0       0                        01010500D    551
     126       0       0       2       0                               0D    552
     126    1249       0       0       0                        01010000D    553
     126       0       0       6       0                               0D    554
     126    1255       0       0       0                        01010500D    555
     126       0       0       2       0                               0D    556
     124    1257       0       0       0                        00000000D    557
     124       0       0       4       0                               0D    558
     100    1261       0       0       0             557        01010000D    559
     100       0       0       2       0                               0D    560
     126    1263       0       0       0                        01010500D    561
     126       0       0       2       0                               0D    562
     110    1265       0       0       0                        01010000D    563
     110       0       0       1       0                               0D    564
     102    1266       0       0       0                        01010500D    565
     102       0       0       1       0                               0D    566
     102    1267       0       0       0                        01010000D    567
     102       0       0       1       0                               0D    568
     142    1268       0       0       0                        00010500D    569
     142       0       0       1       0                               0D    570
     144    1269       0       0       0                        00000000D    571
     144       0      -1       1       0                               0D    572
     110    1270       0       0       0                        01010000D    573
     110       0       0       1       0                               0D    574
     110    1271       0       0       0                        01010000D    575
     110       0       0       1       0                               0D    576
     120    1272       0       0       0                        01010000D    577
     120       0       0       1       0                               0D    578
     126    1273       0       0       0                        01010500D    579
     126       0       0       2       0                               0D    580
     110    1275       0       0       0                        01010000D    581
     110       0       0       1       0                               0D    582
     126    1276       0       0       0                        01010500D    583
     126       0       0       2       0                               0D    584
     124    1278       0       0       0                        00000000D    585
     124       0       0       4       0                               0D    586
     100    1282       0       0       0             585        01010000D    587
     100       0       0       1       0                               0D    588
     126    1283       0       0       0                        01010500D    589
     126       0       0       2       0                               0D    590
     110    1285       0       0       0                        01010000D    591
     110       0       0       1       0                               0D    592
     126    1286       0       0       0                        01010500D    593
     126       0       0       2       0                               0D    594
     124    1288       0       0       0                        00000000D    595
     124       0       0       4       0                               0D    596
     100    1292       0       0       0             595        01010000D    597
     100       0       0       1       0                               0D    598
     102    1293       0       0       0                        01010500D    599
     102       0       0       1       0                               0D    600
     102    1294       0       0       0                        01010000D    601
     102       0       0       1       0                               0D    602
     142    1295       0       0       0                        00010500D    603
     142       0       0       1       0                               0D    604
     144    1296       0       0       0                        00000000D    605
     144       0      -1       1       0                               0D    606
     128    1297       0       0       0                        01010000D    607
     128       0       0       4       0                               0D    608
     126    1301       0       0       0                        01010500D    609
     126       0       0      22       0                               0D    610
     124    1323       0       0       0                        00000000D    611
     124       0       0       4       0                               0D    612
     100    1327       0       0       0             611        01010000D    613
     100       0       0       1       0                               0D    614
     126    1328       0       0       0                        01010500D    615
     126       0       0      22       0                               0D    616
     124    1350       0       0       0                        00000000D    617
     124       0       0       4       0                               0D    618
     100    1354       0       0       0             617        01010000D    619
     100       0       0       1       0                               0D    620
     102    1355       0       0       0                        01010500D    621
     102       0       0       1       0                               0D    622
     102    1356       0       0       0                        01010000D    623
     102       0       0       1       0                               0D    624
     142    1357       0       0       0                        00010500D    625
     142       0       0       1       0                               0D    626
     126    1358       0       0       0                        01010500D    627
     126       0       0      15       0                               0D    628
     126    1373       0       0       0                        01010000D    629
     126       0       0      14       0                               0D    630
     126    1387       0       0       0                        01010500D    631
     126       0       0       2       0                               0D    632
     110    1389       0       0       0                        01010000D    633
     110       0       0       2       0                               0D    634
     126    1391       0       0       0                        01010500D    635
     126       0       0      22       0                               0D    636
     124    1413       0       0       0                        00000000D    637
     124       0       0       4       0                               0D    638
     100    1417       0       0       0             637        01010000D    639
     100       0       0       2       0                               0D    640
     126    1419       0       0       0                        01010500D    641
     126       0       0      22       0                               0D    642
     124    1441       0       0       0                        00000000D    643
     124       0       0       4       0                               0D    644
     100    1445       0       0       0             643        01010000D    645
     100       0       0       1       0                               0D    646
     126    1446       0       0       0                        01010500D    647
     126       0       0       2       0                               0D    648
     124    1448       0       0       0                        00000000D    649
     124       0       0       4       0                               0D    650
     100    1452       0       0       0             649        01010000D    651
     100       0       0       2       0                               0D    652
     102    1454       0       0       0                        01010500D    653
     102       0       0       1       0                               0D    654
     102    1455       0       0       0                        01010000D    655
     102       0       0       1       0                               0D    656
     142    1456       0       0       0                        00010500D    657
     142       0       0       1       0                               0D    658
     144    1457       0       0       0                        00000000D    659
     144       0      -1       1       0                               0D    660
     128    1458       0       0       0                        01010000D    661
     128       0       0       4       0                               0D    662
     126    1462       0       0       0                        01010500D    663
     126       0       0      44       0                               0D    664
     124    1506       0       0       0                        00000000D    665
     124       0       0       4       0                               0D    666
     100    1510       0       0       0             665        01010000D    667
     100       0       0       2       0                               0D    668
     126    1512       0       0       0                        01010500D    669
     126       0       0      44       0                               0D    670
     124    1556       0       0       0                        00000000D    671
     124       0       0       4       0                               0D    672
     100    1560       0       0       0             671        01010000D    673
     100       0       0       2       0                               0D    674
     102    1562       0       0       0                        01010500D    675
     102       0       0       1       0                               0D    676
     102    1563       0       0       0                        01010000D    677
     102       0       0       1       0                               0D    678
     142    1564       0       0       0                        00010500D    679
     142       0       0       1       0                               0D    680
     144    1565       0       0       0                        00000000D    681
     144       0      -1       1       0                               0D    682
     128    1566       0       0       0                        01010000D    683
     128       0       0      15       0                               0D    684
     126    1581       0       0       0                        01010500D    685
     126       0       0       2       0                               0D    686
     124    1583       0       0       0                        00000000D    687
     124       0       0       4       0                               0D    688
     100    1587       0       0       0             687        01010000D    689
     100       0       0       2       0                               0D    690
     126    1589       0       0       0                        01010500D    691
     126       0       0       2       0                               0D    692
     124    1591       0       0       0                        00000000D    693
     124       0       0       4       0                               0D    694
     100    1595       0       0       0             693        01010000D    695
     100       0       0       2       0                               0D    696
     126    1597       0       0       0                        01010500D    697
     126       0       0       2       0                               0D    698
     124    1599       0       0       0                        00000000D    699
     124       0       0       4       0                               0D    700
     100    1603       0       0       0             699        01010000D    701
     100       0       0       2       0                               0D    702
     126    1605       0       0       0                        01010500D    703
     126       0       0       2       0                               0D    704
     124    1607       0       0       0                        00000000D    705
     124       0       0       4       0                               0D    706
     100    1611       0       0       0             705        01010000D    707
     100       0       0       2       0                               0D    708
     102    1613       0       0       0                        01010500D    709
     102       0       0       1       0                               0D    710
     102    1614       0       0       0                        01010000D    711
     102       0       0       1       0                               0D    712
     142    1615       0       0       0                        00010500D    713
     142       0       0       1       0                               0D    714
     144    1616       0       0       0                        00000000D    715
     144       0      -1       1       0                               0D    716
     128    1617       0       0       0                        01010000D    717
     128       0       0      15       0                               0D    718
     126    1632       0       0       0                        01010500D    719
     126       0       0       2       0                               0D    720
     124    1634       0       0       0                        00000000D    721
     124       0       0       4       0                               0D    722
     100    1638       0       0       0             721        01010000D    723
     100       0       0       2       0                               0D    724
     126    1640       0       0       0                        01010500D    725
     126       0       0       2       0                               0D    726
     124    1642       0       0       0                        00000000D    727
     124       0       0       4       0                               0D    728
     100    1646       0       0       0             727        01010000D    729
     100       0       0       2       0                               0D    730
     126    1648       0       0       0                        01010500D    731
     126       0       0       2       0                               0D    732
     124    1650       0       0       0                        00000000D    733
     124       0       0       4       0                               0D    734
     100    1654       0       0       0             733        01010000D    735
     100       0       0       2       0                               0D    736
     126    1656       0       0       0                        01010500D    737
     126       0       0       2       0                               0D    738
     124    1658       0       0       0                        00000000D    739
     124       0       0       4       0                               0D    740
     100    1662       0       0       0             739        01010000D    741
     100       0       0       2       0                               0D    742
     102    1664       0       0       0                        01010500D    743
     102       0       0       1       0                               0D    744
     102    1665       0       0       0                        01010000D    745
     102       0       0       1       0                               0D    746
     142    1666       0       0       0                        00010500D    747
     142       0       0       1       0                               0D    748
     144    1667       0       0       0                        00000000D    749
     144       0      -1       1       0                               0D    750
     128    1668       0       0       0                        01010000D    751
     128       0       0      16       0                               0D    752
     126    1684       0       0       0                        01010500D    753
     126       0       0       2       0                               0D    754
     124    1686       0       0       0                        00000000D    755
     124       0       0       4       0                               0D    756
     100    1690       0       0       0             755        01010000D    757
     100       0       0       2       0                               0D    758
     126    1692       0       0       0                        01010500D    759
     126       0       0       2       0                               0D    760
     124    1694       0       0       0                        00000000D    761
     124       0       0       4       0                               0D    762
     100    1698       0       0       0             761        01010000D    763
     100       0       0       1       0                               0D    764
     126    1699       0       0       0                        01010500D    765
     126       0       0       2       0                               0D    766
     124    1701       0       0       0                        00000000D    767
     124       0       0       4       0                               0D    768
     100    1705       0       0       0             767        01010000D    769
     100       0       0       2       0                               0D    770
     126    1707       0       0       0                        01010500D    771
     126       0       0       2       0                               0D    772
     124    1709       0       0       0                        00000000D    773
     124       0       0       4       0                               0D    774
     100    1713       0       0       0             773        01010000D    775
     100       0       0       2       0                               0D    776
     102    1715       0       0       0                        01010500D    777
     102       0       0       1       0                               0D    778
     102    1716       0       0       0                        01010000D    779
     102       0       0       1       0                               0D    780
     142    1717       0       0       0                        00010500D    781
     142       0       0       1       0                               0D    782
     144    1718       0       0       0                        00000000D    783
     144       0      -1       1       0                               0D    784
     128    1719       0       0       0                        01010000D    785
     128       0       0       4       0                               0D    786
     126    1723       0       0       0                        01010500D    787
     126       0       0       2       0                               0D    788
     110    1725       0       0       0                        01010000D    789
     110       0       0       2       0                               0D    790
     126    1727       0       0       0                        01010500D    791
     126       0       0       2       0                               0D    792
     126    1729       0       0       0                        01010000D    793
     126       0       0       5       0                               0D    794
     126    1734       0       0       0                        01010500D    795
     126       0       0      22       0                               0D    796
     124    1756       0       0       0                        00000000D    797
     124       0       0       4       0                               0D    798
     100    1760       0       0       0             797        01010000D    799
     100       0       0       2       0                               0D    800
     102    1762       0       0       0                        01010500D    801
     102       0       0       1       0                               0D    802
     102    1763       0       0       0                        01010000D    803
     102       0       0       1       0                               0D    804
     142    1764       0       0       0                        00010500D    805
     142       0       0       1       0                               0D    806
     144    1765       0       0       0                        00000000D    807
     144       0      -1       1       0                               0D    808
     128    1766       0       0       0                        01010000D    809
     128       0       0       4       0                               0D    810
     126    1770       0       0       0                        01010500D    811
     126       0       0       2       0                               0D    812
     126    1772       0       0       0                        01010000D    813
     126       0       0       5       0                               0D    814
     126    1777       0       0       0                        01010500D    815
     126       0       0       2       0                               0D    816
     110    1779       0       0       0                        01010000D    817
     110       0       0       2       0                               0D    818
     126    1781       0       0       0                        01010500D    819
     126       0       0      12       0                               0D    820
     124    1793       0       0       0                        00000000D    821
     124       0       0       4       0                               0D    822
     100    1797       0       0       0             821        01010000D    823
     100       0       0       2       0                               0D    824
     102    1799       0       0       0                        01010500D    825
     102       0       0       1       0                               0D    826
     102    1800       0       0       0                        01010000D    827
     102       0       0       1       0                               0D    828
     142    1801       0       0       0                        00010500D    829
     142       0       0       1       0                               0D    830
     144    1802       0       0       0                        00000000D    831
     144       0      -1       1       0                               0D    832
     128    1803       0       0       0                        01010000D    833
     128       0       0     427       0                               0D    834
     126    2230       0       0       0                        01010500D    835
     126       0       0       8       0                               0D    836
     126    2238       0       0       0                        01010000D    837
     126       0       0      13       0                               0D    838
     126    2251       0       0       0                        01010500D    839
     126       0       0       2       0                               0D    840
     126    2253       0       0       0                        01010000D    841
     126       0       0      14       0                               0D    842
     126    2267       0       0       0                        01010500D    843
     126       0       0       2       0                               0D    844
     126    2269       0       0       0                        01010000D    845
     126       0       0      19       0                               0D    846
     126    2288       0       0       0                        01010500D    847
     126       0       0       2       0                               0D    848
     126    2290       0       0       0                        01010000D    849
     126       0       0      18       0                               0D    850
     126    2308       0       0       0                        01010500D    851
     126       0       0       2       0                               0D    852
     126    2310       0       0       0                        01010000D    853
     126       0       0      18       0                               0D    854
     126    2328       0       0       0                        01010500D    855
     126       0       0       2       0                               0D    856
     126    2330       0       0       0                        01010000D    857
     126       0       0      18       0                               0D    858
     126    2348       0       0       0                        01010500D    859
     126       0       0       2       0                               0D    860
     126    2350       0       0       0                        01010000D    861
     126       0       0      18       0                               0D    862
     126    2368       0       0       0                        01010500D    863
     126       0       0       2       0                               0D    864
     126    2370       0       0       0                        01010000D    865
     126       0       0       8       0                               0D    866
     126    2378       0       0       0                        01010500D    867
     126       0       0       2       0                               0D    868
     124    2380       0       0       0                        00000000D    869
     124       0       0       4       0                               0D    870
     100    2384       0       0       0             869        01010000D    871
     100       0       0       2       0                               0D    872
     126    2386       0       0       0                        01010500D    873
     126       0       0       6       0                               0D    874
     126    2392       0       0       0                        01010000D    875
     126       0       0      13       0                               0D    876
     126    2405       0       0       0                        01010500D    877
     126       0       0       2       0                               0D    878
     126    2407       0       0       0                        01010000D    879
     126       0       0       6       0                               0D    880
     126    2413       0       0       0                        01010500D    881
     126       0       0       2       0                               0D    882
     126    2415       0       0       0                        01010000D    883
     126       0       0      18       0                               0D    884
     126    2433       0       0       0                        01010500D    885
     126       0       0       2       0                               0D    886
     126    2435       0       0       0                        01010000D    887
     126       0       0      19       0                               0D    888
     126    2454       0       0       0                        01010500D    889
     126       0       0       2       0                               0D    890
     126    2456       0       0       0                        01010000D    891
     126       0       0      18       0                               0D    892
     126    2474       0       0       0                        01010500D    893
     126       0       0       2       0                               0D    894
     126    2476       0       0       0                        01010000D    895
     126       0       0      18       0                               0D    896
     126    2494       0       0       0                        01010500D    897
     126       0       0       2       0                               0D    898
     126    2496       0       0       0                        01010000D    899
     126       0       0      18       0                               0D    900
     126    2514       0       0       0                        01010500D    901
     126       0       0       2       0                               0D    902
     126    2516       0       0       0                        01010000D    903
     126       0       0      12       0                               0D    904
     126    2528       0       0       0                        01010500D    905
     126       0       0       2       0                               0D    906
     124    2530       0       0       0                        00000000D    907
     124       0       0       4       0                               0D    908
     100    2534       0       0       0             907        01010000D    909
     100       0       0       2       0                               0D    910
     102    2536       0       0       0                        01010500D    911
     102       0       0       2       0                               0D    912
     102    2538       0       0       0                        01010000D    913
     102       0       0       2       0                               0D    914
     142    2540       0       0       0                        00010500D    915
     142       0       0       1       0                               0D    916
     144    2541       0       0       0                        00000000D    917
     144       0      -1       1       0                               0D    918
314,79.2156862745098,81.9607843137255,93.3333333333333,;               1P      1
128,3,3,3,3,0,0,0,0,0,0.,0.,0.,0.,1.,1.,1.,1.,0.,0.,0.,0.,1.,          3P      2
1.,1.,1.,1.,0.943060171999245,0.943060171999245,1.,                    3P      3
0.333333333333333,0.314353390666415,0.314353390666415,                 3P      4
0.333333333333333,0.333333333333333,0.314353390666415,                 3P      5
0.314353390666415,0.333333333333333,1.,0.943060171999245,              3P      6
0.943060171999245,1.,0.,-0.629898054,0.449165087,0.,                   3P      7
-0.658444377,0.447650053,0.,-0.683939915,0.434720804,0.,               3P      8
-0.702029531,0.412585907,0.898330174,-0.629898054,0.449165087,         3P      9
0.895300107,-0.658444377,0.447650053,0.869441608,-0.683939915,         3P     10
0.434720804,0.825171813,-0.702029531,0.412585907,0.898330174,          3P     11
-0.629898054,-0.449165087,0.895300107,-0.658444377,                    3P     12
-0.447650053,0.869441608,-0.683939915,-0.434720804,0.825171813,        3P     13
-0.702029531,-0.412585907,0.,-0.629898054,-0.449165087,0.,             3P     14
-0.658444377,-0.447650053,0.,-0.683939915,-0.434720804,0.,             3P     15
-0.702029531,-0.412585907,0.,1.,0.,1.;                                 3P     16
126,1,1,1,0,1,0,0.,0.,1.,1.,1.,1.,0.877545604,0.,0.,                   5P     17
0.877545604,1.,0.,0.,1.,0.,0.,1.;                                      5P     18
124,1.40271576953299E-14,1.,0.,0.695325210459682,                      7P     19
-6.12323399573677E-17,8.58915688636046E-31,1.,                         7P     20
-0.695325210459682,1.,-1.40271576953299E-14,                           7P     21
6.12323399573677E-17,-9.75343637665641E-15;                            7P     22
100,0.,0.,-0.69532521,0.42,-0.69532521,-0.42,-0.69532521;              9P     23
126,1,1,1,0,1,0,0.,0.,1.,1.,1.,1.,0.877545604,1.,0.,                  11P     24
0.122454396,1.,0.,0.,1.,0.,0.,1.;                                     11P     25
124,4.3287819095808E-17,4.33077842262017E-17,1.,                      13P     26
0.349305626526761,-0.707269790054639,0.706943734731461,0.,            13P     27
-0.183042425003279,-0.706943734731461,-0.707269790054639,             13P     28
6.12323399573677E-17,-0.791065086555818;                              13P     29
100,-0.349305627,0.,-0.624598231,0.1,-0.624598231,0.080648966,        15P     30
-0.565473412;                                                         15P     31
126,1,1,1,0,1,0,0.,0.,1.,1.,1.,1.,0.122454396,1.,0.,                  17P     32
0.122454396,0.,0.,0.,1.,0.,0.,1.;                                     17P     33
124,1.40271576953299E-14,1.,0.,0.639840888270949,                     19P     34
-6.12323399573677E-17,8.58915688636046E-31,-1.,                       19P     35
-0.639840888270949,-1.,1.40271576953299E-14,                          19P     36
6.12323399573677E-17,8.97514903969656E-15;                            19P     37
100,0.,0.,-0.639840888,0.448137106,-0.639840888,-0.448137106,         21P     38
-0.639840888;                                                         21P     39
126,1,1,1,0,1,0,0.,0.,1.,1.,1.,1.,0.122454396,0.,0.,                  23P     40
0.877545604,0.,0.,0.,1.,0.,0.,1.;                                     23P     41
124,-6.05168277384938E-17,9.33343544061417E-18,1.,                    25P     42
-0.349305626526761,-0.152426568168267,-0.988314798693435,0.,          25P     43
-1.24189790683798,0.988314798693435,-0.152426568168267,               25P     44
6.12323399573677E-17,0.254100261622241;                               25P     45
100,0.349305627,0.,-0.624598231,0.1,-0.624598231,0.080648966,         27P     46
-0.565473412;                                                         27P     47
102,4,5,11,17,23;                                                     29P     48
102,4,9,15,21,27;                                                     31P     49
142,1,3,29,31,1;                                                      33P     50
144,3,1,0,33;                                                         35P     51
128,3,3,3,3,0,0,0,0,0,0.,0.,0.,0.,1.,1.,1.,1.,0.,0.,0.,0.,1.,         37P     52
1.,1.,1.,1.,0.628579287963263,0.628579287963263,1.,                   37P     53
0.333333333333333,0.209526429321088,0.209526429321088,                37P     54
0.333333333333333,0.333333333333333,0.209526429321088,                37P     55
0.209526429321088,0.333333333333333,1.,0.628579287963263,             37P     56
0.628579287963263,1.,0.,0.584175206,0.686248755,0.,0.593668496,       37P     57
0.780864999,0.,0.513041145,0.831279148,0.,0.432133158,                37P     58
0.781316625,1.372497511,0.584175206,0.686248755,1.561729998,          37P     59
0.593668496,0.780864999,1.662558296,0.513041145,0.831279148,          37P     60
1.56263325,0.432133158,0.781316625,1.372497511,0.584175206,           37P     61
-0.686248755,1.561729998,0.593668496,-0.780864999,1.662558296,        37P     62
0.513041145,-0.831279148,1.56263325,0.432133158,-0.781316625,         37P     63
0.,0.584175206,-0.686248755,0.,0.593668496,-0.780864999,0.,           37P     64
0.513041145,-0.831279148,0.,0.432133158,-0.781316625,0.,1.,0.,        37P     65
1.;                                                                   37P     66
126,1,1,1,0,1,0,0.,0.,1.,1.,1.,1.,0.945869616,0.,0.,                  39P     67
0.945869616,1.,0.,0.,1.,0.,0.,1.;                                     39P     68
124,1.40271576953299E-14,1.,0.,-0.440889925987132,                    41P     69
-6.12323399573677E-17,8.58915688636046E-31,1.,                        41P     70
0.440889925987132,1.,-1.40271576953299E-14,                           41P     71
6.12323399573677E-17,6.18443251810383E-15;                            41P     72
100,0.,0.,0.440889926,0.786136967,0.440889926,-0.786136967,           43P     73
0.440889926;                                                          43P     74
126,1,1,1,0,1,0,0.,0.,1.,1.,1.,1.,0.945869616,1.,0.,                  45P     75
0.054130384,1.,0.,0.,1.,0.,0.,1.;                                     45P     76
124,5.50508558883295E-17,2.68104965007554E-17,1.,                     47P     77
0.696232096946346,-0.437848635531843,0.899048704110575,0.,            47P     78
0.0489285480890296,-0.899048704110575,-0.437848635531843,             47P     79
6.12323399573677E-17,-0.484017901669435;                              47P     80
100,-0.696232097,0.,0.48467479,0.1,0.48467479,-0.043784864,           49P     81
0.57457966;                                                           49P     82
126,1,1,1,0,1,0,0.,0.,1.,1.,1.,1.,0.054130384,1.,0.,                  51P     83
0.054130384,0.,0.,0.,1.,0.,0.,1.;                                     51P     84
124,1.40271576953299E-14,1.,0.,-0.584674789540318,                    53P     85
-6.12323399573677E-17,8.58915688636046E-31,-1.,                       53P     86
0.584674789540318,-1.,1.40271576953299E-14,                           53P     87
6.12323399573677E-17,-8.20132547336586E-15;                           53P     88
100,0.,0.,0.58467479,0.696232097,0.58467479,-0.696232097,             55P     89
0.58467479;                                                           55P     90
126,1,1,1,0,1,0,0.,0.,1.,1.,1.,1.,0.054130384,0.,0.,                  57P     91
0.945869616,0.,0.,0.,1.,0.,0.,1.;                                     57P     92
124,3.74939945665464E-33,-6.12323399573677E-17,1.,                    59P     93
-0.696232096946346,1.,6.12323399573677E-17,0.,                        59P     94
0.484674789540318,-6.12323399573677E-17,1.,                           59P     95
6.12323399573677E-17,0.211557307406028;                               59P     96
100,0.696232097,0.,0.48467479,0.1,0.48467479,-0.043784864,            61P     97
0.57457966;                                                           61P     98
102,4,39,45,51,57;                                                    63P     99
102,4,43,49,55,61;                                                    65P    100
142,1,37,63,65,1;                                                     67P    101
144,37,1,0,67;                                                        69P    102
128,3,3,3,3,0,0,0,0,0,0.,0.,0.,0.,1.,1.,1.,1.,0.,0.,0.,0.,1.,         71P    103
1.,1.,1.,1.,0.979259996022378,0.979259996022378,1.,                   71P    104
0.333333333333333,0.326419998674126,0.326419998674126,                71P    105
0.333333333333333,0.333333333333333,0.326419998674126,                71P    106
0.326419998674126,0.333333333333333,1.,0.979259996022378,             71P    107
0.979259996022378,1.,0.,-1.016319389,-0.409213329,0.,                 71P    108
-0.379244182,-0.443024704,0.,0.229643573,-0.633455081,0.,             71P    109
0.772458875,-0.968655881,-0.818426658,-1.016319389,                   71P    110
-0.409213329,-0.886049408,-0.379244182,-0.443024704,                  71P    111
-1.266910163,0.229643573,-0.633455081,-1.937311762,0.772458875,       71P    112
-0.968655881,-0.818426658,-1.016319389,0.409213329,                   71P    113
-0.886049408,-0.379244182,0.443024704,-1.266910163,0.229643573,       71P    114
0.633455081,-1.937311762,0.772458875,0.968655881,0.,                  71P    115
-1.016319389,0.409213329,0.,-0.379244182,0.443024704,0.,              71P    116
0.229643573,0.633455081,0.,0.772458875,0.968655881,0.,1.,0.,1.;       71P    117
126,1,1,1,0,1,0,0.,0.,1.,1.,1.,1.,0.799068481,1.,0.,                  73P    118
0.200931519,1.,0.,0.,1.,0.,0.,1.;                                     73P    119
124,-5.50508558883291E-17,-2.68104965007562E-17,-1.,                  75P    120
4.19032237959925,0.437848635531857,-0.899048704110568,0.,             75P    121
-2.31112991249909,-0.899048704110568,-0.437848635531857,              75P    122
6.12323399573677E-17,3.65746343999742;                                75P    123
100,4.19032238,0.,-1.216993491,3.786430476,-1.216993491,              77P    124
3.6171123,-0.097371075;                                               77P    125
126,1,1,1,0,1,0,0.,0.,1.,1.,1.,1.,0.200931519,1.,0.,                  79P    126
0.200931519,0.,0.,0.,1.,0.,0.,1.;                                     79P    127
124,6.12323399573677E-17,-1.,0.,-0.639840888270949,                   81P    128
6.12323399573677E-17,3.74939945665464E-33,-1.,                        81P    129
-0.639840888270949,1.,6.12323399573677E-17,                           81P    130
6.12323399573677E-17,3.91789547892308E-17;                            81P    131
100,0.,0.,-0.639840888,0.448137106,-0.639840888,-0.448137106,         83P    132
-0.639840888;                                                         83P    133
126,1,1,1,0,1,0,0.,0.,1.,1.,1.,1.,0.200931519,0.,0.,                  85P    134
0.799068481,0.,0.,0.,1.,0.,0.,1.;                                     85P    135
124,-6.96188218081978E-15,1.07372247204733E-15,-1.,                   87P    136
-4.19032237959925,0.152426568168254,0.988314798693437,0.,             87P    137
-0.0142208139342167,0.988314798693437,-0.152426568168254,             87P    138
-7.04419501764363E-15,-4.37582452095601;                              87P    139
100,-4.19032238,0.,-1.216993491,3.786430476,-1.216993491,             89P    140
3.6171123,-0.097371075;                                               89P    141
126,1,1,1,0,1,0,0.,0.,1.,1.,1.,1.,0.799068481,0.,0.,                  91P    142
0.799068481,1.,0.,0.,1.,0.,0.,1.;                                     91P    143
124,6.12323399573677E-17,-1.,0.,0.440889925987132,                    93P    144
6.12323399573677E-17,3.74939945665464E-33,1.,0.440889925987132,       93P    145
-1.,-6.12323399573677E-17,6.12323399573677E-17,                       93P    146
2.69967218318228E-17;                                                 93P    147
100,0.,0.,0.440889926,0.786136967,0.440889926,-0.786136967,           95P    148
0.440889926;                                                          95P    149
102,4,73,79,85,91;                                                    97P    150
102,4,77,83,89,95;                                                    99P    151
142,1,71,97,99,1;                                                    101P    152
144,71,1,0,101;                                                      103P    153
110,0.,0.643566682,0.,0.,40.013645422,0.;                            105P    154
110,0.,-0.95532521,0.42,0.,-0.69532521,0.42;                         107P    155
120,105,107,0.,6.28318530717959;                                     109P    156
126,1,1,1,0,1,0,0.,0.,1.,1.,1.,1.,0.,0.,0.,0.,3.141592654,0.,        111P    157
0.,1.,0.,0.,1.;                                                      111P    158
124,1.40271576953299E-14,1.,0.,0.955325210459682,                    113P    159
-6.12323399573677E-17,8.58915688636046E-31,1.,                       113P    160
-0.955325210459682,1.,-1.40271576953299E-14,                         113P    161
6.12323399573677E-17,-1.34004973774422E-14;                          113P    162
100,0.,0.,-0.95532521,0.42,-0.95532521,-0.42,-0.95532521;            115P    163
126,1,1,1,0,1,0,0.,0.,1.,1.,1.,1.,0.,3.141592654,0.,1.,              117P    164
3.141592654,0.,0.,1.,0.,0.,1.;                                       117P    165
110,0.,-0.95532521,-0.42,0.,-0.69532521,-0.42;                       119P    166
126,1,1,1,0,1,0,0.,0.,1.,1.,1.,1.,1.,3.141592654,0.,1.,0.,0.,        121P    167
0.,1.,0.,0.,1.;                                                      121P    168
124,1.40271576953299E-14,1.,0.,0.695325210459682,                    123P    169
-6.12323399573677E-17,8.58915688636046E-31,-1.,                      123P    170
-0.695325210459682,-1.,1.40271576953299E-14,                         123P    171
6.12323399573677E-17,9.75343637665641E-15;                           123P    172
100,0.,0.,-0.69532521,0.42,-0.69532521,-0.42,-0.69532521;            125P    173
126,1,1,1,0,1,0,0.,0.,1.,1.,1.,1.,1.,0.,0.,0.,0.,0.,0.,1.,0.,        127P    174
0.,1.;                                                               127P    175
110,0.,-0.69532521,0.42,0.,-0.95532521,0.42;                         129P    176
102,4,111,117,121,127;                                               131P    177
102,4,115,119,125,129;                                               133P    178
142,1,109,131,133,1;                                                 135P    179
144,109,1,0,135;                                                     137P    180
110,0.,0.643566682,0.,0.,40.013645422,0.;                            139P    181
110,0.,-0.95532521,0.38,0.,-0.915596023,0.38;                        141P    182
120,139,141,0.,6.28318530717959;                                     143P    183
126,1,1,1,0,1,0,0.,0.,1.,1.,1.,1.,0.,6.283185307,0.,                 145P    184
0.994035785,6.283185307,0.,0.,1.,0.,0.,1.;                           145P    185
110,0.,-0.95532521,0.38,0.,-0.915832976,0.38;                        147P    186
126,40,2,1,0,1,0,0.,0.,0.,0.03125,0.03125,0.0625,0.0625,0.125,       149P    187
0.125,0.1875,0.1875,0.25,0.25,0.3125,0.3125,0.375,0.375,0.4375,      149P    188
0.4375,0.46875,0.46875,0.5,0.5,0.5625,0.5625,0.625,0.625,            149P    189
0.65625,0.65625,0.6875,0.6875,0.75,0.75,0.8125,0.8125,0.84375,       149P    190
0.84375,0.875,0.875,0.9375,0.9375,1.,1.,1.,1.,1.,1.,1.,1.,1.,        149P    191
1.,1.,1.,1.,1.,1.,1.,1.,1.,1.,1.,1.,1.,1.,1.,1.,1.,1.,1.,1.,1.,      149P    192
1.,1.,1.,1.,1.,1.,1.,1.,1.,1.,1.,1.,1.,1.,0.994035785,               149P    193
6.283185307,0.,0.977334762,6.230442042,0.,0.963326458,               149P    194
6.185279395,0.,0.948293797,6.136814229,0.,0.933536051,               149P    195
6.088349064,0.,0.915810346,6.030136975,0.,0.871670444,               149P    196
5.892068759,0.,0.840052741,5.793169584,0.,0.808356762,               149P    197
5.694270408,0.,0.77751269,5.59802939,0.,0.747234525,                 149P    198
5.498775476,0.,0.72185009,5.415563546,0.,0.686083197,                149P    199
5.303249732,0.,0.654587805,5.204349119,0.,0.622766759,               149P    200
5.105448506,0.,0.591348889,5.007800974,0.,0.560925325,               149P    201
4.909193675,0.,0.545971662,4.860726627,0.,0.531131381,               149P    202
4.812259579,0.,0.522690885,4.784693664,0.,0.500408002,               149P    203
4.714338838,0.,0.486725427,4.671138178,0.,0.437236677,               149P    204
4.516689039,0.,0.398281606,4.395114392,0.,0.374812561,               149P    205
4.319821399,0.,0.368124413,4.298364596,0.,0.34493072,                149P    206
4.222793736,0.,0.330941476,4.177213278,0.,0.314616419,               149P    207
4.125305929,0.,0.293979125,4.059687339,0.,0.251736953,               149P    208
3.927961152,0.,0.209656045,3.796737843,0.,0.188871161,               149P    209
3.730630681,0.,0.172560065,3.67875258,0.,0.158573343,                149P    210
3.633160371,0.,0.13629781,3.56054931,0.,0.128680897,                 149P    211
3.536121418,0.,0.105279913,3.461073074,0.,0.066237785,               149P    212
3.339233843,0.,0.0171868,3.186159855,0.,0.003074707,                 149P    213
3.141592654,0.,0.,1.,0.,0.,1.;                                       149P    214
126,12,2,1,0,0,0,0.791705450027754,0.791705450027754,                151P    215
0.791705450027754,0.8,0.8,0.833333333333333,0.833333333333333,       151P    216
0.866666666666667,0.866666666666667,0.9,0.9,0.933333333333333,       151P    217
0.933333333333333,0.958372116694421,0.958372116694421,               151P    218
0.958372116694421,0.490851636050998,0.493910537526689,               151P    219
0.500000000098979,0.475528258241711,0.500000000098979,               151P    220
0.475528258241711,0.500000000098979,0.475528258241711,               151P    221
0.500000000098979,0.475528258241711,0.500000000098979,               151P    222
0.481617720814001,0.490851636050998,0.,-0.915832976,0.38,            151P    223
-0.029580244,-0.916812249,0.38,-0.058804165,-0.917755459,            151P    224
0.375422522,-0.180786337,-0.921692467,0.356315891,-0.268241391,      151P    225
-0.925629475,0.26915898,-0.355696445,-0.929566483,0.182002068,       151P    226
-0.375219522,-0.933503491,0.060085855,-0.3947426,-0.937440499,       151P    227
-0.061830358,-0.33887655,-0.941377507,-0.171938024,                  151P    228
-0.283010499,-0.945314515,-0.282045689,-0.173094253,                 151P    229
-0.949251522,-0.338287422,-0.091573114,-0.952171467,-0.38,0.,        151P    230
-0.955203055,-0.38,0.791705450027754,0.958372116694421,              151P    231
-0.033087061,0.999438429,0.005298403;                                151P    232
126,1,1,1,0,1,0,0.,0.,1.,1.,1.,1.,0.003074707,3.141592654,0.,        153P    233
0.,3.141592654,0.,0.,1.,0.,0.,1.;                                    153P    234
110,0.,-0.955203055,-0.38,0.,-0.95532521,-0.38;                      155P    235
126,1,1,1,0,1,0,0.,0.,1.,1.,1.,1.,0.,3.141592654,0.,0.,              157P    236
6.283185307,0.,0.,1.,0.,0.,1.;                                       157P    237
124,6.12323399573677E-17,-1.,0.,-0.955325210459682,                  159P    238
6.12323399573677E-17,3.74939945665464E-33,1.,                        159P    239
-0.955325210459682,-1.,-6.12323399573677E-17,                        159P    240
6.12323399573677E-17,-5.8496798056711E-17;                           159P    241
100,0.,0.,-0.95532521,0.38,-0.95532521,-0.38,-0.95532521;            161P    242
102,4,145,149,153,157;                                               163P    243
102,4,147,151,155,161;                                               165P    244
142,1,143,163,165,1;                                                 167P    245
144,143,1,0,167;                                                     169P    246
110,0.,0.643566682,0.,0.,40.013645422,0.;                            171P    247
110,0.,-0.916283708,0.38,0.,-0.836620507,0.38;                       173P    248
120,171,173,0.,6.28318530717959;                                     175P    249
126,1,1,1,0,1,0,0.,0.,1.,1.,1.,1.,0.500135445,6.283185307,0.,        177P    250
0.994071146,6.283185307,0.,0.,1.,0.,0.,1.;                           177P    251
110,0.,-0.876441317,0.38,0.,-0.837092819,0.38;                       179P    252
126,40,2,1,0,1,0,0.,0.,0.,0.03125,0.03125,0.0625,0.0625,0.125,       181P    253
0.125,0.1875,0.1875,0.25,0.25,0.3125,0.3125,0.375,0.375,0.4375,      181P    254
0.4375,0.46875,0.46875,0.5,0.5,0.5625,0.5625,0.625,0.625,            181P    255
0.65625,0.65625,0.6875,0.6875,0.75,0.75,0.8125,0.8125,0.84375,       181P    256
0.84375,0.875,0.875,0.9375,0.9375,1.,1.,1.,1.,1.,1.,1.,1.,1.,        181P    257
1.,1.,1.,1.,1.,1.,1.,1.,1.,1.,1.,1.,1.,1.,1.,1.,1.,1.,1.,1.,1.,      181P    258
1.,1.,1.,1.,1.,1.,1.,1.,1.,1.,1.,1.,1.,1.,0.994071146,               181P    259
6.283185307,0.,0.985742105,6.230442042,0.,0.978755962,               181P    260
6.185279395,0.,0.971258956,6.136814229,0.,0.963899055,               181P    261
6.088349064,0.,0.955058991,6.030136975,0.,0.933045785,               181P    262
5.892068759,0.,0.91727758,5.793169584,0.,0.901470338,                181P    263
5.694270408,0.,0.886087954,5.59802939,0.,0.870987796,                181P    264
5.498775476,0.,0.858328212,5.415563546,0.,0.840490746,               181P    265
5.303249732,0.,0.82478354,5.204349119,0.,0.808913925,                181P    266
5.105448506,0.,0.79324538,5.007800974,0.,0.778072709,                181P    267
4.909193675,0.,0.770615102,4.860726627,0.,0.763214039,               181P    268
4.812259579,0.,0.759004642,4.784693664,0.,0.747891847,               181P    269
4.714338838,0.,0.741068149,4.671138178,0.,0.716387396,               181P    270
4.516689039,0.,0.69695994,4.395114392,0.,0.685255588,                181P    271
4.319821399,0.,0.681920112,4.298364596,0.,0.670353082,               181P    272
4.222793736,0.,0.663376445,4.177213278,0.,0.655234903,               181P    273
4.125305929,0.,0.644942787,4.059687339,0.,0.623876006,               181P    274
3.927961152,0.,0.60288965,3.796737843,0.,0.592523928,                181P    275
3.730630681,0.,0.584389349,3.67875258,0.,0.577413969,                181P    276
3.633160371,0.,0.566304839,3.56054931,0.,0.562506175,                181P    277
3.536121418,0.,0.550835767,3.461073074,0.,0.531364894,               181P    278
3.339233843,0.,0.506902459,3.186159855,0.,0.499864555,               181P    279
3.141592654,0.,0.,1.,0.,0.,1.;                                       181P    280
126,12,2,1,0,0,0,0.458372116694421,0.458372116694421,                183P    281
0.458372116694421,0.466666666666667,0.466666666666667,0.5,0.5,       183P    282
0.533333333333333,0.533333333333333,0.566666666666667,               183P    283
0.566666666666667,0.6,0.6,0.625038783361088,0.625038783361088,       183P    284
0.625038783361088,0.490851636050998,0.493910537526689,               183P    285
0.500000000098979,0.475528258241711,0.500000000098979,               183P    286
0.475528258241711,0.500000000098979,0.475528258241711,               183P    287
0.500000000098979,0.475528258241711,0.500000000098979,               183P    288
0.481617720814001,0.490851636050998,0.,-0.837092819,0.38,            183P    289
-0.029580244,-0.838072092,0.38,-0.058804165,-0.839015302,            183P    290
0.375422522,-0.180786337,-0.84295231,0.356315891,-0.268241391,       183P    291
-0.846889318,0.26915898,-0.355696445,-0.850826326,0.182002068,       183P    292
-0.375219522,-0.854763333,0.060085855,-0.3947426,-0.858700341,       183P    293
-0.061830358,-0.33887655,-0.862637349,-0.171938024,                  183P    294
-0.283010499,-0.866574357,-0.282045689,-0.173094253,                 183P    295
-0.870511365,-0.338287422,-0.091573114,-0.87343131,-0.38,0.,         183P    296
-0.876462897,-0.38,0.458372116694421,0.625038783361088,              183P    297
-0.033087061,0.999438429,0.005298403;                                183P    298
126,1,1,1,0,1,0,0.,0.,1.,1.,1.,1.,0.499864555,3.141592654,0.,        185P    299
0.005928854,3.141592654,0.,0.,1.,0.,0.,1.;                           185P    300
110,0.,-0.876462897,-0.38,0.,-0.915811396,-0.38;                     187P    301
126,40,2,1,0,1,0,0.,0.,0.,0.0625,0.0625,0.125,0.125,0.15625,         189P    302
0.15625,0.1875,0.1875,0.25,0.25,0.3125,0.3125,0.34375,0.34375,       189P    303
0.375,0.375,0.4375,0.4375,0.5,0.5,0.53125,0.53125,0.5625,            189P    304
0.5625,0.625,0.625,0.6875,0.6875,0.75,0.75,0.8125,0.8125,0.875,      189P    305
0.875,0.9375,0.9375,0.96875,0.96875,1.,1.,1.,1.,1.,1.,1.,1.,1.,      189P    306
1.,1.,1.,1.,1.,1.,1.,1.,1.,1.,1.,1.,1.,1.,1.,1.,1.,1.,1.,1.,1.,      189P    307
1.,1.,1.,1.,1.,1.,1.,1.,1.,1.,1.,1.,1.,1.,0.005928854,               189P    308
3.141592654,0.,0.012449874,3.182864379,0.,0.037438621,               189P    309
3.339253581,0.,0.056809516,3.460484103,0.,0.068557671,               189P    310
3.53609437,0.,0.071221622,3.553239367,0.,0.083453545,                189P    311
3.633107877,0.,0.090431764,3.678672252,0.,0.098582594,               189P    312
3.730618815,0.,0.108772966,3.79556371,0.,0.129950411,                189P    313
3.927982303,0.,0.150833186,4.058558384,0.,0.161293259,               189P    314
4.12529341,0.,0.169418595,4.177132873,0.,0.176392212,                189P    315
4.222740284,0.,0.186938331,4.291711841,0.,0.19130745,                189P    316
4.319795129,0.,0.20293127,4.394509296,0.,0.222461187,                189P    317
4.51670891,0.,0.24664904,4.668053461,0.,0.253955895,                 189P    318
4.714338311,0.,0.262274812,4.767034014,0.,0.269261682,               189P    319
4.812224334,0.,0.276754557,4.86068743,0.,0.284116649,                189P    320
4.909150525,0.,0.292875508,4.966808245,0.,0.314985815,               189P    321
5.105464411,0.,0.330756086,5.204361508,0.,0.346559275,               189P    322
5.303258605,0.,0.361545155,5.397040948,0.,0.37702279,                189P    323
5.498713131,0.,0.389671695,5.581803462,0.,0.407539056,               189P    324
5.694279679,0.,0.423250148,5.793182039,0.,0.439117548,               189P    325
5.892084398,0.,0.454779736,5.98970766,0.,0.469942574,                189P    326
6.088305015,0.,0.477396553,6.136775003,0.,0.484803999,               189P    327
6.18524499,0.,0.48903539,6.212932737,0.,0.500135445,                 189P    328
6.283185307,0.,0.,1.,0.,0.,-1.;                                      189P    329
126,12,2,1,0,0,0,0.0418086705250002,0.0418086705250002,              191P    330
0.0418086705250002,0.0666666666666667,0.0666666666666667,0.1,        191P    331
0.1,0.133333333333333,0.133333333333333,0.166666666666667,           191P    332
0.166666666666667,0.2,0.2,0.208475337191667,0.208475337191667,       191P    333
0.208475337191667,0.490719732704621,0.481750446158944,               191P    334
0.500000000098979,0.475528258241711,0.500000000098979,               191P    335
0.475528258241711,0.500000000098979,0.475528258241711,               191P    336
0.500000000098979,0.475528258241711,0.500000000098979,               191P    337
0.493777812181746,0.490719732704621,0.,-0.915811396,-0.38,           191P    338
-0.090886883,-0.912800899,-0.38,-0.171938024,-0.909902836,           191P    339
-0.33887655,-0.282045689,-0.905965828,-0.283010499,                  191P    340
-0.338287422,-0.90202882,-0.173094253,-0.394529154,                  191P    341
-0.898091812,-0.063178007,-0.375422522,-0.894154804,                 191P    342
0.058804165,-0.356315891,-0.890217796,0.180786337,-0.26915898,       191P    343
-0.886280788,0.268241391,-0.182002068,-0.88234378,0.355696445,       191P    344
-0.060085855,-0.878406773,0.375219522,-0.030233097,                  191P    345
-0.877442745,0.38,0.,-0.876441317,0.38,0.0418086705250002,           191P    346
0.208475337191667,-0.033104962,-0.999438429,0.005185383;             191P    347
102,4,177,181,185,189;                                               193P    348
102,4,179,183,187,191;                                               195P    349
142,1,175,193,195,1;                                                 197P    350
144,175,1,0,197;                                                     199P    351
110,0.,0.643566682,0.,0.,40.013645422,0.;                            201P    352
110,0.,-0.83754355,0.38,0.,-0.75788035,0.38;                         203P    353
120,201,203,0.,6.28318530717959;                                     205P    354
126,1,1,1,0,1,0,0.,0.,1.,1.,1.,1.,0.500135445,6.283185307,0.,        207P    355
0.994071146,6.283185307,0.,0.,1.,0.,0.,1.;                           207P    356
110,0.,-0.79770116,0.38,0.,-0.758352661,0.38;                        209P    357
126,40,2,1,0,1,0,0.,0.,0.,0.03125,0.03125,0.0625,0.0625,0.125,       211P    358
0.125,0.1875,0.1875,0.25,0.25,0.3125,0.3125,0.375,0.375,0.4375,      211P    359
0.4375,0.46875,0.46875,0.5,0.5,0.5625,0.5625,0.625,0.625,            211P    360
0.65625,0.65625,0.6875,0.6875,0.75,0.75,0.8125,0.8125,0.84375,       211P    361
0.84375,0.875,0.875,0.9375,0.9375,1.,1.,1.,1.,1.,1.,1.,1.,1.,        211P    362
1.,1.,1.,1.,1.,1.,1.,1.,1.,1.,1.,1.,1.,1.,1.,1.,1.,1.,1.,1.,1.,      211P    363
1.,1.,1.,1.,1.,1.,1.,1.,1.,1.,1.,1.,1.,1.,0.994071146,               211P    364
6.283185307,0.,0.985742105,6.230442042,0.,0.978755962,               211P    365
6.185279395,0.,0.971258956,6.136814229,0.,0.963899055,               211P    366
6.088349064,0.,0.955058991,6.030136975,0.,0.933045785,               211P    367
5.892068759,0.,0.91727758,5.793169584,0.,0.901470338,                211P    368
5.694270408,0.,0.886087954,5.59802939,0.,0.870987796,                211P    369
5.498775476,0.,0.858328212,5.415563546,0.,0.840490746,               211P    370
5.303249732,0.,0.82478354,5.204349119,0.,0.808913925,                211P    371
5.105448506,0.,0.79324538,5.007800974,0.,0.778072709,                211P    372
4.909193675,0.,0.770615102,4.860726627,0.,0.763214039,               211P    373
4.812259579,0.,0.759004642,4.784693664,0.,0.747891847,               211P    374
4.714338838,0.,0.741068149,4.671138178,0.,0.716387396,               211P    375
4.516689039,0.,0.69695994,4.395114392,0.,0.685255588,                211P    376
4.319821399,0.,0.681920112,4.298364596,0.,0.670353082,               211P    377
4.222793736,0.,0.663376445,4.177213278,0.,0.655234903,               211P    378
4.125305929,0.,0.644942787,4.059687339,0.,0.623876006,               211P    379
3.927961152,0.,0.60288965,3.796737843,0.,0.592523928,                211P    380
3.730630681,0.,0.584389349,3.67875258,0.,0.577413969,                211P    381
3.633160371,0.,0.566304839,3.56054931,0.,0.562506175,                211P    382
3.536121418,0.,0.550835767,3.461073074,0.,0.531364894,               211P    383
3.339233843,0.,0.506902459,3.186159855,0.,0.499864555,               211P    384
3.141592654,0.,0.,1.,0.,0.,1.;                                       211P    385
126,12,2,1,0,0,0,0.125038783361088,0.125038783361088,                213P    386
0.125038783361088,0.133333333333333,0.133333333333333,               213P    387
0.166666666666667,0.166666666666667,0.2,0.2,0.233333333333333,       213P    388
0.233333333333333,0.266666666666667,0.266666666666667,               213P    389
0.291705450027755,0.291705450027755,0.291705450027755,               213P    390
0.490851636050998,0.493910537526689,0.500000000098979,               213P    391
0.475528258241711,0.500000000098979,0.475528258241711,               213P    392
0.500000000098979,0.475528258241711,0.500000000098979,               213P    393
0.475528258241711,0.500000000098979,0.481617720814001,               213P    394
0.490851636050998,0.,-0.758352661,0.38,-0.029580244,                 213P    395
-0.759331934,0.38,-0.058804165,-0.760275144,0.375422522,             213P    396
-0.180786337,-0.764212152,0.356315891,-0.268241391,-0.76814916,      213P    397
0.26915898,-0.355696445,-0.772086168,0.182002068,-0.375219522,       213P    398
-0.776023176,0.060085855,-0.3947426,-0.779960184,-0.061830358,       213P    399
-0.33887655,-0.783897192,-0.171938024,-0.283010499,-0.7878342,       213P    400
-0.282045689,-0.173094253,-0.791771207,-0.338287422,                 213P    401
-0.091573114,-0.794691152,-0.38,0.,-0.79772274,-0.38,                213P    402
0.125038783361088,0.291705450027755,-0.033087061,0.999438429,        213P    403
0.005298403;                                                         213P    404
126,1,1,1,0,1,0,0.,0.,1.,1.,1.,1.,0.499864555,3.141592654,0.,        215P    405
0.005928854,3.141592654,0.,0.,1.,0.,0.,1.;                           215P    406
110,0.,-0.79772274,-0.38,0.,-0.837071239,-0.38;                      217P    407
126,40,2,1,0,1,0,0.,0.,0.,0.0625,0.0625,0.125,0.125,0.15625,         219P    408
0.15625,0.1875,0.1875,0.25,0.25,0.3125,0.3125,0.34375,0.34375,       219P    409
0.375,0.375,0.4375,0.4375,0.5,0.5,0.53125,0.53125,0.5625,            219P    410
0.5625,0.625,0.625,0.6875,0.6875,0.75,0.75,0.8125,0.8125,0.875,      219P    411
0.875,0.9375,0.9375,0.96875,0.96875,1.,1.,1.,1.,1.,1.,1.,1.,1.,      219P    412
1.,1.,1.,1.,1.,1.,1.,1.,1.,1.,1.,1.,1.,1.,1.,1.,1.,1.,1.,1.,1.,      219P    413
1.,1.,1.,1.,1.,1.,1.,1.,1.,1.,1.,1.,1.,1.,0.005928854,               219P    414
3.141592654,0.,0.012449874,3.182864379,0.,0.037438621,               219P    415
3.339253581,0.,0.056809516,3.460484103,0.,0.068557671,               219P    416
3.53609437,0.,0.071221622,3.553239367,0.,0.083453545,                219P    417
3.633107877,0.,0.090431764,3.678672252,0.,0.098582594,               219P    418
3.730618815,0.,0.108772966,3.79556371,0.,0.129950411,                219P    419
3.927982303,0.,0.150833186,4.058558384,0.,0.161293259,               219P    420
4.12529341,0.,0.169418595,4.177132873,0.,0.176392212,                219P    421
4.222740284,0.,0.186938331,4.291711841,0.,0.19130745,                219P    422
4.319795129,0.,0.20293127,4.394509296,0.,0.222461187,                219P    423
4.51670891,0.,0.24664904,4.668053461,0.,0.253955895,                 219P    424
4.714338311,0.,0.262274812,4.767034014,0.,0.269261682,               219P    425
4.812224334,0.,0.276754557,4.86068743,0.,0.284116649,                219P    426
4.909150525,0.,0.292875508,4.966808245,0.,0.314985815,               219P    427
5.105464411,0.,0.330756086,5.204361508,0.,0.346559275,               219P    428
5.303258605,0.,0.361545155,5.397040948,0.,0.37702279,                219P    429
5.498713131,0.,0.389671695,5.581803462,0.,0.407539056,               219P    430
5.694279679,0.,0.423250148,5.793182039,0.,0.439117548,               219P    431
5.892084398,0.,0.454779736,5.98970766,0.,0.469942574,                219P    432
6.088305015,0.,0.477396553,6.136775003,0.,0.484803999,               219P    433
6.18524499,0.,0.48903539,6.212932737,0.,0.500135445,                 219P    434
6.283185307,0.,0.,1.,0.,0.,-1.;                                      219P    435
126,12,2,1,0,0,0,0.375142003858334,0.375142003858334,                221P    436
0.375142003858334,0.4,0.4,0.433333333333333,0.433333333333333,       221P    437
0.466666666666667,0.466666666666667,0.5,0.5,0.533333333333333,       221P    438
0.533333333333333,0.541808670525,0.541808670525,0.541808670525,      221P    439
0.490719732704621,0.481750446158944,0.500000000098979,               221P    440
0.475528258241711,0.500000000098979,0.475528258241711,               221P    441
0.500000000098979,0.475528258241711,0.500000000098979,               221P    442
0.475528258241711,0.500000000098979,0.493777812181746,               221P    443
0.490719732704621,0.,-0.837071239,-0.38,-0.090886883,                221P    444
-0.834060741,-0.38,-0.171938024,-0.831162678,-0.33887655,            221P    445
-0.282045689,-0.82722567,-0.283010499,-0.338287422,                  221P    446
-0.823288662,-0.173094253,-0.394529154,-0.819351654,                 221P    447
-0.063178007,-0.375422522,-0.815414647,0.058804165,                  221P    448
-0.356315891,-0.811477639,0.180786337,-0.26915898,-0.807540631,      221P    449
0.268241391,-0.182002068,-0.803603623,0.355696445,-0.060085855,      221P    450
-0.799666615,0.375219522,-0.030233097,-0.798702588,0.38,0.,          221P    451
-0.79770116,0.38,0.375142003858334,0.541808670525,-0.033104962,      221P    452
-0.999438429,0.005185383;                                            221P    453
102,4,207,211,215,219;                                               223P    454
102,4,209,213,217,221;                                               225P    455
142,1,205,223,225,1;                                                 227P    456
144,205,1,0,227;                                                     229P    457
110,0.,0.643566682,0.,0.,40.013645422,0.;                            231P    458
110,0.,-0.758709116,0.38,0.,-0.69532521,0.38;                        233P    459
120,231,233,0.,6.28318530717959;                                     235P    460
126,1,1,1,0,1,0,0.,0.,1.,1.,1.,1.,0.62710105,6.283185307,0.,1.,      237P    461
6.283185307,0.,0.,1.,0.,0.,1.;                                       237P    462
110,0.,-0.718961002,0.38,0.,-0.69532521,0.38;                        239P    463
126,1,1,1,0,1,0,0.,0.,1.,1.,1.,1.,1.,6.283185307,0.,1.,              241P    464
3.141592654,0.,0.,1.,0.,0.,1.;                                       241P    465
124,6.12323399573677E-17,-1.,0.,-0.695325210459682,                  243P    466
6.12323399573677E-17,3.74939945665464E-33,-1.,                       243P    467
-0.695325210459682,1.,6.12323399573677E-17,                          243P    468
6.12323399573677E-17,4.25763896677954E-17;                           243P    469
100,0.,0.,-0.69532521,0.38,-0.69532521,-0.38,-0.69532521;            245P    470
126,1,1,1,0,1,0,0.,0.,1.,1.,1.,1.,1.,3.141592654,0.,                 247P    471
0.005964215,3.141592654,0.,0.,1.,0.,0.,1.;                           247P    472
110,0.,-0.69532521,-0.38,0.,-0.758331081,-0.38;                      249P    473
126,40,2,1,0,1,0,0.,0.,0.,0.0625,0.0625,0.125,0.125,0.15625,         251P    474
0.15625,0.1875,0.1875,0.25,0.25,0.3125,0.3125,0.34375,0.34375,       251P    475
0.375,0.375,0.4375,0.4375,0.5,0.5,0.53125,0.53125,0.5625,            251P    476
0.5625,0.625,0.625,0.6875,0.6875,0.75,0.75,0.8125,0.8125,0.875,      251P    477
0.875,0.9375,0.9375,0.96875,0.96875,1.,1.,1.,1.,1.,1.,1.,1.,1.,      251P    478
1.,1.,1.,1.,1.,1.,1.,1.,1.,1.,1.,1.,1.,1.,1.,1.,1.,1.,1.,1.,1.,      251P    479
1.,1.,1.,1.,1.,1.,1.,1.,1.,1.,1.,1.,1.,1.,0.005964215,               251P    480
3.141592654,0.,0.01416007,3.182864379,0.,0.045566837,                251P    481
3.339253581,0.,0.069912884,3.460484103,0.,0.084678392,               251P    482
3.53609437,0.,0.088026543,3.553239367,0.,0.103400069,                251P    483
3.633107877,0.,0.112170548,3.678672252,0.,0.122414809,               251P    484
3.730618815,0.,0.135222439,3.79556371,0.,0.161839023,                251P    485
3.927982303,0.,0.188085255,4.058558384,0.,0.201231855,               251P    486
4.12529341,0.,0.211444074,4.177132873,0.,0.220208769,                251P    487
4.222740284,0.,0.233463515,4.291711841,0.,0.238954783,               251P    488
4.319795129,0.,0.253564024,4.394509296,0.,0.278109933,               251P    489
4.51670891,0.,0.308510108,4.668053461,0.,0.317693629,                251P    490
4.714338311,0.,0.328149147,4.767034014,0.,0.3369305,                 251P    491
4.812224334,0.,0.346347817,4.86068743,0.,0.355600763,                251P    492
4.909150525,0.,0.366609216,4.966808245,0.,0.394398255,               251P    493
5.105464411,0.,0.414218905,5.204361508,0.,0.434080928,               251P    494
5.303258605,0.,0.452915728,5.397040948,0.,0.472368583,               251P    495
5.498713131,0.,0.488266187,5.581803462,0.,0.510722537,               251P    496
5.694279679,0.,0.530468809,5.793182039,0.,0.550411535,               251P    497
5.892084398,0.,0.570096343,5.98970766,0.,0.589153551,                251P    498
6.088305015,0.,0.598521983,6.136775003,0.,0.60783193,                251P    499
6.18524499,0.,0.613150097,6.212932737,0.,0.62710105,                 251P    500
6.283185307,0.,0.,1.,0.,0.,-1.;                                      251P    501
126,12,2,1,0,0,0,0.708475337191667,0.708475337191667,                253P    502
0.708475337191667,0.733333333333333,0.733333333333333,               253P    503
0.766666666666667,0.766666666666667,0.8,0.8,0.833333333333333,       253P    504
0.833333333333333,0.866666666666667,0.866666666666667,               253P    505
0.875142003858334,0.875142003858334,0.875142003858334,               253P    506
0.490719732704621,0.481750446158945,0.500000000098979,               253P    507
0.475528258241711,0.500000000098979,0.475528258241711,               253P    508
0.500000000098979,0.475528258241711,0.500000000098979,               253P    509
0.475528258241711,0.500000000098979,0.493777812181746,               253P    510
0.490719732704621,0.,-0.758331081,-0.38,-0.090886883,                253P    511
-0.755320584,-0.38,-0.171938024,-0.752422521,-0.33887655,            253P    512
-0.282045689,-0.748485513,-0.283010499,-0.338287422,                 253P    513
-0.744548505,-0.173094253,-0.394529154,-0.740611497,                 253P    514
-0.063178007,-0.375422522,-0.736674489,0.058804165,                  253P    515
-0.356315891,-0.732737481,0.180786337,-0.26915898,-0.728800473,      253P    516
0.268241391,-0.182002068,-0.724863465,0.355696445,-0.060085855,      253P    517
-0.720926458,0.375219522,-0.030233097,-0.71996243,0.38,0.,           253P    518
-0.718961002,0.38,0.708475337191667,0.875142003858334,               253P    519
-0.033104962,-0.999438429,0.005185383;                               253P    520
102,4,237,241,247,251;                                               255P    521
102,4,239,245,249,253;                                               257P    522
142,1,235,255,257,1;                                                 259P    523
144,235,1,0,259;                                                     261P    524
110,0.,0.643566682,0.,0.,40.013645422,0.;                            263P    525
110,0.,-0.95532521,0.38,0.,-0.875989723,0.38;                        265P    526
120,263,265,0.,6.28318530717959;                                     267P    527
126,40,2,1,0,1,0,0.,0.,0.,0.03125,0.03125,0.0625,0.0625,0.125,       269P    528
0.125,0.1875,0.1875,0.25,0.25,0.3125,0.3125,0.375,0.375,0.4375,      269P    529
0.4375,0.46875,0.46875,0.5,0.5,0.5625,0.5625,0.625,0.625,            269P    530
0.65625,0.65625,0.6875,0.6875,0.75,0.75,0.8125,0.8125,0.84375,       269P    531
0.84375,0.875,0.875,0.9375,0.9375,1.,1.,1.,1.,1.,1.,1.,1.,1.,        269P    532
1.,1.,1.,1.,1.,1.,1.,1.,1.,1.,1.,1.,1.,1.,1.,1.,1.,1.,1.,1.,1.,      269P    533
1.,1.,1.,1.,1.,1.,1.,1.,1.,1.,1.,1.,1.,1.,0.994035785,               269P    534
3.141592654,0.,0.985672339,3.088849389,0.,0.978657338,               269P    535
3.043686742,0.,0.971129365,2.995221576,0.,0.963739062,               269P    536
2.94675641,0.,0.954862481,2.888544322,0.,0.932758344,                269P    537
2.750476105,0.,0.916925005,2.65157693,0.,0.901052468,                269P    538
2.552677754,0.,0.885606544,2.456436736,0.,0.870444011,               269P    539
2.357182823,0.,0.857732133,2.273970893,0.,0.839820986,               269P    540
2.161657078,0.,0.824048897,2.062756465,0.,0.808113729,               269P    541
1.963855853,0.,0.792380461,1.866208321,0.,0.777145117,               269P    542
1.767601021,0.,0.769656704,1.719133973,0.,0.76222507,                269P    543
1.670666925,0.,0.757998285,1.643101011,0.,0.746839586,               269P    544
1.572746185,0.,0.739987701,1.529545524,0.,0.715204998,               269P    545
1.375096385,0.,0.695697292,1.253521739,0.,0.683944593,               269P    546
1.178228745,0.,0.680595339,1.156771943,0.,0.668980529,               269P    547
1.081201082,0.,0.661975073,1.035620624,0.,0.653799901,               269P    548
0.983713276,0.,0.643465271,0.918094686,0.,0.622311469,               269P    549
0.786368498,0.,0.601238424,0.655145189,0.,0.590829884,               269P    550
0.589038027,0.,0.582661703,0.537159926,0.,0.575657509,               269P    551
0.491567717,0.,0.564502491,0.418956657,0.,0.560688135,               269P    552
0.394528765,0.,0.54896952,0.319480421,0.,0.529418218,                269P    553
0.197641189,0.,0.504854736,0.044567201,0.,0.49778776,0.,0.,0.,       269P    554
1.,0.,0.,1.;                                                         269P    555
126,12,2,1,0,0,0,0.625038783361088,0.625038783361088,                271P    556
0.625038783361088,0.633333333333333,0.633333333333333,               271P    557
0.666666666666667,0.666666666666667,0.7,0.7,0.733333333333333,       271P    558
0.733333333333333,0.766666666666667,0.766666666666667,               271P    559
0.791705450027754,0.791705450027754,0.791705450027754,               271P    560
0.490851636050998,0.493910537526689,0.500000000098979,               271P    561
0.475528258241711,0.500000000098979,0.475528258241711,               271P    562
0.500000000098979,0.475528258241711,0.500000000098979,               271P    563
0.475528258241711,0.500000000098979,0.481617720814001,               271P    564
0.490851636050998,0.,-0.876462897,-0.38,0.029580244,                 271P    565
-0.877442171,-0.38,0.058804165,-0.878385381,-0.375422522,            271P    566
0.180786337,-0.882322389,-0.356315891,0.268241391,-0.886259396,      271P    567
-0.26915898,0.355696445,-0.890196404,-0.182002068,0.375219522,       271P    568
-0.894133412,-0.060085855,0.3947426,-0.89807042,0.061830358,         271P    569
0.33887655,-0.902007428,0.171938024,0.283010499,-0.905944436,        271P    570
0.282045689,0.173094253,-0.909881444,0.338287422,0.091573114,        271P    571
-0.912801388,0.38,0.,-0.915832976,0.38,0.625038783361088,            271P    572
0.791705450027754,0.033087061,0.999438429,-0.005298403;              271P    573
126,1,1,1,0,1,0,0.,0.,1.,1.,1.,1.,0.49778776,0.,0.,0.,0.,0.,0.,      273P    574
1.,0.,0.,1.;                                                         273P    575
110,0.,-0.915832976,0.38,0.,-0.95532521,0.38;                        275P    576
126,1,1,1,0,1,0,0.,0.,1.,1.,1.,1.,0.,0.,0.,0.,2.357062349,0.,        277P    577
0.,1.,0.,0.,1.;                                                      277P    578
124,1.40271576953299E-14,1.,0.,0.955325210459682,                    279P    579
-6.12323399573677E-17,8.58915688636046E-31,1.,                       279P    580
-0.955325210459682,1.,-1.40271576953299E-14,                         279P    581
6.12323399573677E-17,-1.34004973774422E-14;                          279P    582
100,0.,0.,-0.95532521,0.38,-0.95532521,-0.26893367,                  281P    583
-0.686857929;                                                        281P    584
126,1,1,1,0,1,0,0.,0.,1.,1.,1.,1.,0.,2.357062349,0.,                 283P    585
0.374036192,2.354487034,0.,0.,1.,0.,0.,1.;                           283P    586
126,3,3,1,0,0,0,0.,0.,0.,0.,1.,1.,1.,1.,1.,0.999999447312448,        285P    587
0.999999447312448,1.,0.268467281,-0.95532521,-0.26893367,            285P    588
0.268698145,-0.94543376,-0.268703207,0.268928711,-0.935542307,       285P    589
-0.268472447,0.26915898,-0.925650867,-0.268241391,0.,1.,0.,0.,       285P    590
0.;                                                                  285P    591
126,10,2,1,0,1,0,0.,0.,0.,0.25,0.25,0.5,0.5,0.75,0.75,0.875,         287P    592
0.875,1.,1.,1.,1.,1.,1.,1.,1.,1.,1.,1.,1.,1.,1.,0.374036192,         287P    593
2.354487034,0.,0.386784476,2.437956759,0.,0.404759147,               287P    594
2.550669733,0.,0.420584825,2.649907114,0.,0.436574182,               287P    595
2.749144494,0.,0.452358854,2.847111511,0.,0.467639973,               287P    596
2.946050554,0.,0.475151626,2.994685456,0.,0.482613384,               287P    597
3.043320359,0.,0.48686588,3.071037648,0.,0.498059769,                287P    598
3.141592654,0.,0.,1.,0.,0.,-1.;                                      287P    599
126,4,2,1,0,0,0,0.,0.,0.,0.0333333333333333,0.0333333333333333,      289P    600
0.0418086705250002,0.0418086705250002,0.0418086705250002,            289P    601
0.500000000098979,0.475528258241711,0.500000000098979,               289P    602
0.493777812181746,0.490719732704621,0.26915898,-0.925650867,         289P    603
-0.268241391,0.182002068,-0.921713859,-0.355696445,0.060085855,      289P    604
-0.917776851,-0.375219522,0.030233097,-0.916812824,-0.38,0.,         289P    605
-0.915811396,-0.38,0.,0.0418086705250002,-0.029830369,               289P    606
-0.999438429,-0.015263545;                                           289P    607
126,1,1,1,0,1,0,0.,0.,1.,1.,1.,1.,0.498059769,3.141592654,0.,        291P    608
0.994035785,3.141592654,0.,0.,1.,0.,0.,1.;                           291P    609
110,0.,-0.915811396,-0.38,0.,-0.876462897,-0.38;                     293P    610
102,6,269,273,277,283,287,291;                                       295P    611
102,6,271,275,281,285,289,293;                                       297P    612
142,1,267,295,297,1;                                                 299P    613
144,267,1,0,299;                                                     301P    614
110,0.,0.643566682,0.,0.,40.013645422,0.;                            303P    615
110,0.,-0.876913629,0.38,0.,-0.797250428,0.38;                       305P    616
120,303,305,0.,6.28318530717959;                                     307P    617
126,40,2,1,0,1,0,0.,0.,0.,0.03125,0.03125,0.0625,0.0625,0.125,       309P    618
0.125,0.1875,0.1875,0.25,0.25,0.3125,0.3125,0.375,0.375,0.4375,      309P    619
0.4375,0.46875,0.46875,0.5,0.5,0.5625,0.5625,0.625,0.625,            309P    620
0.65625,0.65625,0.6875,0.6875,0.75,0.75,0.8125,0.8125,0.84375,       309P    621
0.84375,0.875,0.875,0.9375,0.9375,1.,1.,1.,1.,1.,1.,1.,1.,1.,        309P    622
1.,1.,1.,1.,1.,1.,1.,1.,1.,1.,1.,1.,1.,1.,1.,1.,1.,1.,1.,1.,1.,      309P    623
1.,1.,1.,1.,1.,1.,1.,1.,1.,1.,1.,1.,1.,1.,0.994071146,               309P    624
3.141592654,0.,0.985742105,3.088849389,0.,0.978755962,               309P    625
3.043686742,0.,0.971258956,2.995221576,0.,0.963899055,               309P    626
2.94675641,0.,0.955058991,2.888544322,0.,0.933045785,                309P    627
2.750476105,0.,0.91727758,2.65157693,0.,0.901470338,                 309P    628
2.552677754,0.,0.886087954,2.456436736,0.,0.870987796,               309P    629
2.357182823,0.,0.858328212,2.273970893,0.,0.840490746,               309P    630
2.161657078,0.,0.82478354,2.062756465,0.,0.808913925,                309P    631
1.963855853,0.,0.79324538,1.866208321,0.,0.778072709,                309P    632
1.767601021,0.,0.770615102,1.719133973,0.,0.763214039,               309P    633
1.670666925,0.,0.759004642,1.643101011,0.,0.747891847,               309P    634
1.572746185,0.,0.741068149,1.529545524,0.,0.716387396,               309P    635
1.375096385,0.,0.69695994,1.253521739,0.,0.685255588,                309P    636
1.178228745,0.,0.681920112,1.156771943,0.,0.670353082,               309P    637
1.081201082,0.,0.663376445,1.035620624,0.,0.655234903,               309P    638
0.983713276,0.,0.644942787,0.918094686,0.,0.623876006,               309P    639
0.786368498,0.,0.60288965,0.655145189,0.,0.592523928,                309P    640
0.589038027,0.,0.584389349,0.537159926,0.,0.577413969,               309P    641
0.491567717,0.,0.566304839,0.418956657,0.,0.562506175,               309P    642
0.394528765,0.,0.550835767,0.319480421,0.,0.531364894,               309P    643
0.197641189,0.,0.506902459,0.044567201,0.,0.499864555,0.,0.,0.,      309P    644
1.,0.,0.,1.;                                                         309P    645
126,12,2,1,0,0,0,0.291705450027755,0.291705450027755,                311P    646
0.291705450027755,0.3,0.3,0.333333333333333,0.333333333333333,       311P    647
0.366666666666667,0.366666666666667,0.4,0.4,0.433333333333333,       311P    648
0.433333333333333,0.458372116694421,0.458372116694421,               311P    649
0.458372116694421,0.490851636050998,0.493910537526689,               311P    650
0.500000000098979,0.475528258241711,0.500000000098979,               311P    651
0.475528258241711,0.500000000098979,0.475528258241711,               311P    652
0.500000000098979,0.475528258241711,0.500000000098979,               311P    653
0.481617720814001,0.490851636050998,0.,-0.79772274,-0.38,            311P    654
0.029580244,-0.798702013,-0.38,0.058804165,-0.799645223,             311P    655
-0.375422522,0.180786337,-0.803582231,-0.356315891,0.268241391,      311P    656
-0.807519239,-0.26915898,0.355696445,-0.811456247,-0.182002068,      311P    657
0.375219522,-0.815393255,-0.060085855,0.3947426,-0.819330263,        311P    658
0.061830358,0.33887655,-0.82326727,0.171938024,0.283010499,          311P    659
-0.827204278,0.282045689,0.173094253,-0.831141286,0.338287422,       311P    660
0.091573114,-0.834061231,0.38,0.,-0.837092819,0.38,                  311P    661
0.291705450027755,0.458372116694421,0.033087061,0.999438429,         311P    662
-0.005298403;                                                        311P    663
126,1,1,1,0,1,0,0.,0.,1.,1.,1.,1.,0.499864555,0.,0.,                 313P    664
0.005928854,0.,0.,0.,1.,0.,0.,1.;                                    313P    665
110,0.,-0.837092819,0.38,0.,-0.876441317,0.38;                       315P    666
126,40,2,1,0,1,0,0.,0.,0.,0.0625,0.0625,0.125,0.125,0.15625,         317P    667
0.15625,0.1875,0.1875,0.25,0.25,0.3125,0.3125,0.34375,0.34375,       317P    668
0.375,0.375,0.4375,0.4375,0.5,0.5,0.53125,0.53125,0.5625,            317P    669
0.5625,0.625,0.625,0.6875,0.6875,0.75,0.75,0.8125,0.8125,0.875,      317P    670
0.875,0.9375,0.9375,0.96875,0.96875,1.,1.,1.,1.,1.,1.,1.,1.,1.,      317P    671
1.,1.,1.,1.,1.,1.,1.,1.,1.,1.,1.,1.,1.,1.,1.,1.,1.,1.,1.,1.,1.,      317P    672
1.,1.,1.,1.,1.,1.,1.,1.,1.,1.,1.,1.,1.,1.,0.005928854,0.,0.,         317P    673
0.012449874,0.041271725,0.,0.037438621,0.197660927,0.,               317P    674
0.056809516,0.31889145,0.,0.068557671,0.394501716,0.,                317P    675
0.071221622,0.411646713,0.,0.083453545,0.491515224,0.,               317P    676
0.090431764,0.537079599,0.,0.098582594,0.589026162,0.,               317P    677
0.108772966,0.653971056,0.,0.129950411,0.786389649,0.,               317P    678
0.150833186,0.91696573,0.,0.161293259,0.983700756,0.,                317P    679
0.169418595,1.03554022,0.,0.176392212,1.081147631,0.,                317P    680
0.186938331,1.150119187,0.,0.19130745,1.178202475,0.,                317P    681
0.20293127,1.252916642,0.,0.222461187,1.375116257,0.,                317P    682
0.24664904,1.526460807,0.,0.253955895,1.572745657,0.,                317P    683
0.262274812,1.625441361,0.,0.269261682,1.670631681,0.,               317P    684
0.276754557,1.719094776,0.,0.284116649,1.767557872,0.,               317P    685
0.292875508,1.825215592,0.,0.314985815,1.963871758,0.,               317P    686
0.330756086,2.062768855,0.,0.346559275,2.161665952,0.,               317P    687
0.361545155,2.255448294,0.,0.37702279,2.357120477,0.,                317P    688
0.389671695,2.440210809,0.,0.407539056,2.552687026,0.,               317P    689
0.423250148,2.651589385,0.,0.439117548,2.750491745,0.,               317P    690
0.454779736,2.848115006,0.,0.469942574,2.946712362,0.,               317P    691
0.477396553,2.995182349,0.,0.484803999,3.043652337,0.,               317P    692
0.48903539,3.071340083,0.,0.500135445,3.141592654,0.,0.,1.,0.,       317P    693
0.,-1.;                                                              317P    694
126,12,2,1,0,0,0,0.208475337191667,0.208475337191667,                319P    695
0.208475337191667,0.233333333333333,0.233333333333333,               319P    696
0.266666666666667,0.266666666666667,0.3,0.3,0.333333333333333,       319P    697
0.333333333333333,0.366666666666667,0.366666666666667,               319P    698
0.375142003858334,0.375142003858334,0.375142003858334,               319P    699
0.490719732704621,0.481750446158944,0.500000000098979,               319P    700
0.475528258241711,0.500000000098979,0.475528258241711,               319P    701
0.500000000098979,0.475528258241711,0.500000000098979,               319P    702
0.475528258241711,0.500000000098979,0.493777812181746,               319P    703
0.490719732704621,0.,-0.876441317,0.38,0.090886883,-0.87343082,      319P    704
0.38,0.171938024,-0.870532757,0.33887655,0.282045689,                319P    705
-0.866595749,0.283010499,0.338287422,-0.862658741,0.173094253,       319P    706
0.394529154,-0.858721733,0.063178007,0.375422522,-0.854784725,       319P    707
-0.058804165,0.356315891,-0.850847717,-0.180786337,0.26915898,       319P    708
-0.84691071,-0.268241391,0.182002068,-0.842973702,-0.355696445,      319P    709
0.060085855,-0.839036694,-0.375219522,0.030233097,-0.838072667,      319P    710
-0.38,0.,-0.837071239,-0.38,0.208475337191667,                       319P    711
0.375142003858334,0.033104962,-0.999438429,-0.005185383;             319P    712
126,1,1,1,0,1,0,0.,0.,1.,1.,1.,1.,0.500135445,3.141592654,0.,        321P    713
0.994071146,3.141592654,0.,0.,1.,0.,0.,1.;                           321P    714
110,0.,-0.837071239,-0.38,0.,-0.79772274,-0.38;                      323P    715
102,4,309,313,317,321;                                               325P    716
102,4,311,315,319,323;                                               327P    717
142,1,307,325,327,1;                                                 329P    718
144,307,1,0,329;                                                     331P    719
110,0.,0.643566682,0.,0.,40.013645422,0.;                            333P    720
110,0.,-0.798315416,0.38,0.,-0.69532521,0.38;                        335P    721
120,333,335,0.,6.28318530717959;                                     337P    722
126,1,1,1,0,1,0,0.,0.,1.,1.,1.,1.,1.,3.141592654,0.,1.,              339P    723
2.354998621,0.,0.,1.,0.,0.,1.;                                       339P    724
124,1.40271576953299E-14,1.,0.,0.695325210459682,                    341P    725
-6.12323399573677E-17,8.58915688636046E-31,-1.,                      341P    726
-0.695325210459682,-1.,1.40271576953299E-14,                         341P    727
6.12323399573677E-17,9.75343637665641E-15;                           341P    728
100,0.,0.,-0.69532521,0.38,-0.69532521,0.268379054,                  343P    729
-0.426303495;                                                        343P    730
126,1,1,1,0,1,0,0.,0.,1.,1.,1.,1.,1.,2.354998621,0.,                 345P    731
0.675174246,2.357901947,0.,0.,1.,0.,0.,1.;                           345P    732
126,3,3,1,0,0,0,0.,0.,0.,0.,1.,1.,1.,1.,1.,0.999999297558434,        347P    733
0.999999297558434,1.,0.269021715,-0.69532521,-0.268379054,           347P    734
0.268761985,-0.706476501,-0.268639407,0.268501876,-0.717627799,      347P    735
-0.268899382,0.268241391,-0.728779081,-0.26915898,0.,1.,0.,0.,       347P    736
0.;                                                                  347P    737
126,26,2,1,0,1,0,0.,0.,0.,0.125,0.125,0.25,0.25,0.3125,0.3125,       349P    738
0.375,0.375,0.5,0.5,0.5625,0.5625,0.625,0.625,0.6875,0.6875,         349P    739
0.75,0.75,0.8125,0.8125,0.875,0.875,0.9375,0.9375,1.,1.,1.,1.,       349P    740
1.,1.,1.,1.,1.,1.,1.,1.,1.,1.,1.,1.,1.,1.,1.,1.,1.,1.,1.,1.,1.,      349P    741
1.,1.,1.,1.,1.,0.675174246,2.357901947,0.,0.662905038,               349P    742
2.253616852,0.,0.639384722,2.063447959,0.,0.614126333,               349P    743
1.859226224,0.,0.603284121,1.76814341,0.,0.58713751,                 349P    744
1.632499618,0.,0.585906556,1.622332045,0.,0.578607281,               349P    745
1.562040685,0.,0.567799998,1.474524687,0.,0.539398249,               349P    746
1.244530957,0.,0.531468968,1.178592154,0.,0.522710357,               349P    747
1.105756757,0.,0.514142553,1.032921359,0.,0.509900812,               349P    748
0.996862082,0.,0.496198295,0.885555599,0.,0.487061262,               349P    749
0.811334862,0.,0.47785755,0.737114125,0.,0.468710338,                349P    750
0.663349012,0.,0.459719214,0.589220508,0.,0.455647966,               349P    751
0.555654564,0.,0.44231089,0.443324588,0.,0.434590591,                349P    752
0.378301254,0.,0.42456844,0.296510388,0.,0.419011778,                349P    753
0.251162418,0.,0.406275147,0.148197109,0.,0.394441465,               349P    754
0.052531412,0.,0.388024807,0.,0.,0.,1.,0.,0.,-1.;                    349P    755
126,8,2,1,0,0,0,0.,0.,0.,0.0333333333333333,0.0333333333333333,      351P    756
0.0666666666666667,0.0666666666666667,0.1,0.1,                       351P    757
0.125038783361088,0.125038783361088,0.125038783361088,               351P    758
0.500000000098979,0.475528258241711,0.500000000098979,               351P    759
0.475528258241711,0.500000000098979,0.475528258241711,               351P    760
0.500000000098979,0.481617720814001,0.490851636050998,               351P    761
0.268241391,-0.728779081,-0.26915898,0.355696445,-0.732716089,       351P    762
-0.182002068,0.375219522,-0.736653097,-0.060085855,0.3947426,        351P    763
-0.740590105,0.061830358,0.33887655,-0.744527113,0.171938024,        351P    764
0.283010499,-0.748464121,0.282045689,0.173094253,-0.752401129,       351P    765
0.338287422,0.091573114,-0.755321073,0.38,0.,-0.758352661,0.38,      351P    766
0.,0.125038783361088,0.015263545,0.999438429,0.029830369;            351P    767
126,1,1,1,0,1,0,0.,0.,1.,1.,1.,1.,0.388024807,0.,0.,                 353P    768
0.005964215,0.,0.,0.,1.,0.,0.,1.;                                    353P    769
110,0.,-0.758352661,0.38,0.,-0.79770116,0.38;                        355P    770
126,40,2,1,0,1,0,0.,0.,0.,0.0625,0.0625,0.125,0.125,0.15625,         357P    771
0.15625,0.1875,0.1875,0.25,0.25,0.3125,0.3125,0.34375,0.34375,       357P    772
0.375,0.375,0.4375,0.4375,0.5,0.5,0.53125,0.53125,0.5625,            357P    773
0.5625,0.625,0.625,0.6875,0.6875,0.75,0.75,0.8125,0.8125,0.875,      357P    774
0.875,0.9375,0.9375,0.96875,0.96875,1.,1.,1.,1.,1.,1.,1.,1.,1.,      357P    775
1.,1.,1.,1.,1.,1.,1.,1.,1.,1.,1.,1.,1.,1.,1.,1.,1.,1.,1.,1.,1.,      357P    776
1.,1.,1.,1.,1.,1.,1.,1.,1.,1.,1.,1.,1.,1.,0.005964215,0.,0.,         357P    777
0.011008241,0.041271725,0.,0.030337104,0.197660927,0.,               357P    778
0.045320544,0.31889145,0.,0.054407773,0.394501716,0.,                357P    779
0.056468346,0.411646713,0.,0.065929772,0.491515224,0.,               357P    780
0.071327443,0.537079599,0.,0.077632132,0.589026162,0.,               357P    781
0.085514412,0.653971056,0.,0.101895222,0.786389649,0.,               357P    782
0.118048105,0.91696573,0.,0.126139,0.983700756,0.,0.132423969,       357P    783
1.03554022,0.,0.13781808,1.081147631,0.,0.145975532,                 357P    784
1.150119187,0.,0.149355057,1.178202475,0.,0.158346113,               357P    785
1.252916642,0.,0.173452556,1.375116257,0.,0.192161926,               357P    786
1.526460807,0.,0.197813797,1.572745657,0.,0.204248502,               357P    787
1.625441361,0.,0.209652865,1.670631681,0.,0.215448624,               357P    788
1.719094776,0.,0.221143222,1.767557872,0.,0.227918223,               357P    789
1.825215592,0.,0.245020605,1.963871758,0.,0.257218951,               357P    790
2.062768855,0.,0.269442761,2.161665952,0.,0.281034379,               357P    791
2.255448294,0.,0.293006371,2.357120477,0.,0.302790333,               357P    792
2.440210809,0.,0.316610785,2.552687026,0.,0.328763357,               357P    793
2.651589385,0.,0.341036834,2.750491745,0.,0.353151578,               357P    794
2.848115006,0.,0.364880074,2.946712362,0.,0.370645747,               357P    795
2.995182349,0.,0.376375426,3.043652337,0.,0.379648419,               357P    796
3.071340083,0.,0.388234341,3.141592654,0.,0.,1.,0.,0.,-1.;           357P    797
126,12,2,1,0,0,0,0.541808670525,0.541808670525,0.541808670525,       359P    798
0.566666666666667,0.566666666666667,0.6,0.6,0.633333333333333,       359P    799
0.633333333333333,0.666666666666667,0.666666666666667,0.7,0.7,       359P    800
0.708475337191667,0.708475337191667,0.708475337191667,               359P    801
0.490719732704621,0.481750446158945,0.500000000098979,               359P    802
0.475528258241711,0.500000000098979,0.475528258241711,               359P    803
0.500000000098979,0.475528258241711,0.500000000098979,               359P    804
0.475528258241711,0.500000000098979,0.493777812181746,               359P    805
0.490719732704621,0.,-0.79770116,0.38,0.090886883,-0.794690663,      359P    806
0.38,0.171938024,-0.791792599,0.33887655,0.282045689,                359P    807
-0.787855591,0.283010499,0.338287422,-0.783918584,0.173094253,       359P    808
0.394529154,-0.779981576,0.063178007,0.375422522,-0.776044568,       359P    809
-0.058804165,0.356315891,-0.77210756,-0.180786337,0.26915898,        359P    810
-0.768170552,-0.268241391,0.182002068,-0.764233544,                  359P    811
-0.355696445,0.060085855,-0.760296536,-0.375219522,0.030233097,      359P    812
-0.759332509,-0.38,0.,-0.758331081,-0.38,0.541808670525,             359P    813
0.708475337191667,0.033104962,-0.999438429,-0.005185383;             359P    814
126,1,1,1,0,1,0,0.,0.,1.,1.,1.,1.,0.388234341,3.141592654,0.,        361P    815
1.,3.141592654,0.,0.,1.,0.,0.,1.;                                    361P    816
110,0.,-0.758331081,-0.38,0.,-0.69532521,-0.38;                      363P    817
102,6,339,345,349,353,357,361;                                       365P    818
102,6,343,347,351,355,359,363;                                       367P    819
142,1,337,365,367,1;                                                 369P    820
144,337,1,0,369;                                                     371P    821
110,0.,0.643566682,0.,0.,40.013645422,0.;                            373P    822
110,0.,-0.719102817,0.38,0.,-0.69532521,0.38;                        375P    823
120,373,375,0.,6.28318530717959;                                     377P    824
126,1,1,1,0,1,0,0.,0.,1.,1.,1.,1.,1.,1.886047485,0.,1.,0.,0.,        379P    825
0.,1.,0.,0.,1.;                                                      379P    826
124,0.950718536014911,0.310055261651314,0.,0.215589240061832,        381P    827
-1.89854091870038E-17,5.82147206010359E-17,-1.,                      381P    828
-0.695325210459682,-0.310055261651314,0.950718536014911,             381P    829
6.12323399573677E-17,0.661058566142488;                              381P    830
100,0.,0.,-0.69532521,0.38,-0.69532521,-0.117820999,                 383P    831
-0.334052167;                                                        383P    832
126,1,1,1,0,1,0,0.,0.,1.,1.,1.,1.,1.,0.,0.,0.005964215,0.,0.,        385P    833
0.,1.,0.,0.,1.;                                                      385P    834
110,0.,-0.69532521,0.38,0.,-0.718961002,0.38;                        387P    835
126,22,2,1,0,1,0,0.,0.,0.,0.142857142857143,0.142857142857143,       389P    836
0.214285714285714,0.214285714285714,0.285714285714286,               389P    837
0.285714285714286,0.392857142857143,0.392857142857143,0.5,0.5,       389P    838
0.5625,0.5625,0.625,0.625,0.75,0.75,0.875,0.875,0.9375,0.9375,       389P    839
1.,1.,1.,1.,1.,1.,1.,1.,1.,1.,1.,1.,1.,1.,1.,1.,1.,1.,1.,1.,1.,      389P    840
1.,1.,1.,1.,1.,0.005964215,0.,0.,0.077753604,0.135615008,0.,         389P    841
0.150820294,0.271230015,0.,0.177945933,0.321576401,0.,               389P    842
0.221706232,0.405878063,0.,0.256268194,0.472459665,0.,               389P    843
0.290249804,0.539041268,0.,0.31479911,0.587141757,0.,                389P    844
0.397473405,0.741574719,0.,0.482877395,0.901106665,0.,               389P    845
0.506076548,0.944972806,0.,0.539834932,1.008804879,0.,               389P    846
0.567425018,1.062362762,0.,0.597436588,1.120621231,0.,               389P    847
0.627399605,1.178879701,0.,0.654373418,1.231326122,0.,               389P    848
0.753073298,1.415532025,0.,0.836879002,1.571940576,0.,               389P    849
0.878590693,1.652086203,0.,0.908902281,1.710327458,0.,               389P    850
0.938511147,1.768568714,0.,0.955655349,1.802291718,0.,1.,            389P    851
1.886047485,0.,0.,1.,0.,0.,-1.;                                      389P    852
126,8,2,1,0,0,0,0.875142003858334,0.875142003858334,                 391P    853
0.875142003858334,0.9,0.9,0.933333333333333,0.933333333333333,       391P    854
0.966666666666667,0.966666666666667,0.975199799017348,               391P    855
0.975199799017348,0.975199799017348,0.490719732704621,               391P    856
0.481750446158945,0.500000000098979,0.475528258241711,               391P    857
0.500000000098979,0.475528258241711,0.500000000098979,               391P    858
0.493735381735386,0.490678172429175,0.,-0.718961002,0.38,            391P    859
0.090886883,-0.715950505,0.38,0.171938024,-0.713052442,              391P    860
0.33887655,0.282045689,-0.709115434,0.283010499,0.338287422,         391P    861
-0.705178426,0.173094253,0.394529154,-0.701241418,0.063178007,       391P    862
0.375422522,-0.69730441,-0.058804165,0.370711708,-0.696333726,       391P    863
-0.088879341,0.361273044,-0.69532521,-0.117820999,                   391P    864
0.875142003858334,0.975199799017348,0.033104962,-0.999438429,        391P    865
-0.005185383;                                                        391P    866
102,3,379,385,389;                                                   393P    867
102,3,383,387,391;                                                   395P    868
142,1,377,393,395,1;                                                 397P    869
144,377,1,0,397;                                                     399P    870
128,3,3,3,3,0,0,0,0,0,0.,0.,0.,0.,1.,1.,1.,1.,0.,0.,0.,0.,1.,        401P    871
1.,1.,1.,1.,0.977549702653072,0.977549702653072,1.,                  401P    872
0.333333333333333,0.325849900884358,0.325849900884358,               401P    873
0.333333333333333,0.333333333333333,0.325849900884358,               401P    874
0.325849900884358,0.333333333333333,1.,0.977549702653072,            401P    875
0.977549702653072,1.,0.,-1.087489495,0.323238195,0.,                 401P    876
-0.39662547,0.353287386,0.,0.263240951,0.560102182,0.,               401P    877
0.847667178,0.929753423,0.646476391,-1.087489495,0.323238195,        401P    878
0.706574771,-0.39662547,0.353287386,1.120204364,0.263240951,         401P    879
0.560102182,1.859506846,0.847667178,0.929753423,0.646476391,         401P    880
-1.087489495,-0.323238195,0.706574771,-0.39662547,-0.353287386,      401P    881
1.120204364,0.263240951,-0.560102182,1.859506846,0.847667178,        401P    882
-0.929753423,0.,-1.087489495,-0.323238195,0.,-0.39662547,            401P    883
-0.353287386,0.,0.263240951,-0.560102182,0.,0.847667178,             401P    884
-0.929753423,0.,1.,0.,1.;                                            401P    885
126,1,1,1,0,1,0,0.,0.,1.,1.,1.,1.,0.806797378,0.,0.,                 403P    886
0.806797378,1.,0.,0.,1.,0.,0.,1.;                                    403P    887
124,1.40271576953299E-14,1.,0.,-0.504674789540318,                   405P    888
-6.12323399573677E-17,8.58915688636046E-31,1.,                       405P    889
0.504674789540318,1.,-1.40271576953299E-14,                          405P    890
6.12323399573677E-17,7.07915285773947E-15;                           405P    891
100,0.,0.,0.50467479,0.736103022,0.50467479,-0.736103022,            407P    892
0.50467479;                                                          407P    893
126,1,1,1,0,1,0,0.,0.,1.,1.,1.,1.,0.806797378,1.,0.,                 409P    894
0.193202622,1.,0.,0.,1.,0.,0.,1.;                                    409P    895
124,-5.47588626285257E-17,-2.74019419071878E-17,1.,                  411P    896
4.25999335766776,0.447507672028638,-0.894280092295199,0.,            411P    897
-2.38436634268764,0.894280092295199,0.447507672028638,               411P    898
6.12323399573677E-17,-3.69670694842997;                              411P    899
100,-4.259993358,0.,-1.258719,3.940477224,-1.258719,                 413P    900
3.739809463,-0.017273901;                                            413P    901
126,1,1,1,0,1,0,0.,0.,1.,1.,1.,1.,0.193202622,1.,0.,                 415P    902
0.193202622,0.,0.,0.,1.,0.,0.,1.;                                    415P    903
124,1.40271576953299E-14,1.,0.,0.695325210459682,                    417P    904
-6.12323399573677E-17,8.58915688636046E-31,-1.,                      417P    905
-0.695325210459682,-1.,1.40271576953299E-14,                         417P    906
6.12323399573677E-17,9.75343637665641E-15;                           417P    907
100,0.,0.,-0.69532521,0.36,-0.69532521,-0.36,-0.69532521;            419P    908
126,1,1,1,0,1,0,0.,0.,1.,1.,1.,1.,0.193202622,0.,0.,                 421P    909
0.806797378,0.,0.,0.,1.,0.,0.,1.;                                    421P    910
124,6.0603248171174E-17,-8.7547568645705E-18,1.,                     423P    911
-4.25999335766776,0.142976029834331,0.989726151464541,0.,            423P    912
-0.0129318883503321,-0.989726151464541,0.142976029834331,            423P    913
6.12323399573677E-17,4.43996000290396;                               423P    914
100,4.259993358,0.,-1.258719,3.940477224,-1.258719,3.739809463,      425P    915
-0.017273901;                                                        425P    916
102,4,403,409,415,421;                                               427P    917
102,4,407,413,419,425;                                               429P    918
142,1,401,427,429,1;                                                 431P    919
144,401,1,0,431;                                                     433P    920
128,1,1,1,1,0,0,1,0,0,0.,0.,1.,1.,0.,0.,1.,1.,1.,1.,1.,1.,           435P    921
-0.38456,-0.69532521,-0.38456,-0.38456,-0.69532521,0.38456,          435P    922
0.38456,-0.69532521,-0.38456,0.38456,-0.69532521,0.38456,0.,1.,      435P    923
0.,1.;                                                               435P    924
126,8,2,1,0,1,0,0.,0.,0.,0.25,0.25,0.5,0.5,0.75,0.75,1.,1.,1.,       437P    925
1.,1.,1.,1.,1.,1.,1.,1.,1.,0.151056982,0.849778598,0.,               437P    926
0.116554003,0.815358043,0.,0.089441212,0.774859563,0.,               437P    927
0.062328422,0.734361084,0.,0.043650915,0.689345743,0.,               437P    928
0.024973408,0.644330402,0.,0.015451131,0.596533368,0.,               437P    929
0.005928854,0.548736334,0.,0.005928854,0.5,0.,0.,1.,0.,0.,-1.;       437P    930
124,0.707951882525863,-0.706260668611871,0.,-0.491080848041944,      439P    931
4.32459933589598E-17,4.33495503442821E-17,1.,                        439P    932
-0.695325210459682,-0.706260668611871,-0.707951882525863,            439P    933
6.12323399573677E-17,-0.492256791712624;                             439P    934
100,0.,0.,-0.69532521,0.38,-0.69532521,0.268379054,                  441P    935
-0.426303495;                                                        441P    936
126,32,2,1,0,1,0,0.,0.,0.,0.0625,0.0625,0.125,0.125,0.1875,          443P    937
0.1875,0.25,0.25,0.3125,0.3125,0.375,0.375,0.4375,0.4375,0.5,        443P    938
0.5,0.5625,0.5625,0.625,0.625,0.6875,0.6875,0.75,0.75,0.8125,        443P    939
0.8125,0.875,0.875,0.9375,0.9375,1.,1.,1.,1.,1.,1.,1.,1.,1.,1.,      443P    940
1.,1.,1.,1.,1.,1.,1.,1.,1.,1.,1.,1.,1.,1.,1.,1.,1.,1.,1.,1.,1.,      443P    941
1.,1.,1.,1.,1.,0.005928854,0.5,0.,0.005928854,0.451338239,0.,        443P    942
0.015422292,0.403611501,0.,0.024915731,0.355884763,0.,               443P    943
0.04353778,0.310927158,0.,0.06215983,0.265969553,0.,                 443P    944
0.089194856,0.225508778,0.,0.116229881,0.185048003,0.,               443P    945
0.150638942,0.150638942,0.,0.185048003,0.116229881,0.,               443P    946
0.225508778,0.089194856,0.,0.265969553,0.06215983,0.,                443P    947
0.310927158,0.04353778,0.,0.355884763,0.024915731,0.,                443P    948
0.403611501,0.015422292,0.,0.451338239,0.005928854,0.,0.5,           443P    949
0.005928854,0.,0.548661761,0.005928854,0.,0.596388499,               443P    950
0.015422292,0.,0.644115237,0.024915731,0.,0.689072842,               443P    951
0.04353778,0.,0.734030447,0.06215983,0.,0.774491222,                 443P    952
0.089194856,0.,0.814951997,0.116229881,0.,0.849361058,               443P    953
0.150638942,0.,0.883770119,0.185048003,0.,0.910805144,               443P    954
0.225508778,0.,0.93784017,0.265969553,0.,0.95646222,                 443P    955
0.310927158,0.,0.975084269,0.355884763,0.,0.984577708,               443P    956
0.403611501,0.,0.994071146,0.451338239,0.,0.994071146,0.5,0.,        443P    957
0.,1.,0.,0.,-1.;                                                     443P    958
124,6.12323399573677E-17,-1.,0.,-0.695325210459682,                  445P    959
6.12323399573677E-17,3.74939945665464E-33,1.,                        445P    960
-0.695325210459682,-1.,-6.12323399573677E-17,                        445P    961
6.12323399573677E-17,-4.25763896677954E-17;                          445P    962
100,0.,0.,-0.69532521,0.38,-0.69532521,-0.38,-0.69532521;            447P    963
126,32,2,1,0,1,0,0.,0.,0.,0.0625,0.0625,0.125,0.125,0.1875,          449P    964
0.1875,0.25,0.25,0.3125,0.3125,0.375,0.375,0.4375,0.4375,0.5,        449P    965
0.5,0.5625,0.5625,0.625,0.625,0.6875,0.6875,0.75,0.75,0.8125,        449P    966
0.8125,0.875,0.875,0.9375,0.9375,1.,1.,1.,1.,1.,1.,1.,1.,1.,1.,      449P    967
1.,1.,1.,1.,1.,1.,1.,1.,1.,1.,1.,1.,1.,1.,1.,1.,1.,1.,1.,1.,1.,      449P    968
1.,1.,1.,1.,1.,0.994071146,0.5,0.,0.994071146,0.529153817,0.,        449P    969
0.990642507,0.55810532,0.,0.987213867,0.587056822,0.,                449P    970
0.980404174,0.615404188,0.,0.973594482,0.643751554,0.,               449P    971
0.963498249,0.671101347,0.,0.953402016,0.698451139,0.,               449P    972
0.940159369,0.724423767,0.,0.926916723,0.750396394,0.,               449P    973
0.91071146,0.774631379,0.,0.894506196,0.798866364,0.,                449P    974
0.875563231,0.821027347,0.,0.856620265,0.843188329,0.,               449P    975
0.83520251,0.862967733,0.,0.813784754,0.882747137,0.,                449P    976
0.790189469,0.899870441,0.,0.766594183,0.916993746,0.,               449P    977
0.741148849,0.931223295,0.,0.715703516,0.945452844,0.,               449P    978
0.688761293,0.956591143,0.,0.661819071,0.967729442,0.,               449P    979
0.633753894,0.975621902,0.,0.605688717,0.983514361,0.,               449P    980
0.576890106,0.988051441,0.,0.548091496,0.992588521,0.,               449P    981
0.518959151,0.993707249,0.,0.489826806,0.994825978,0.,               449P    982
0.460765059,0.992510829,0.,0.431703312,0.99019568,0.,                449P    983
0.403115514,0.984478786,0.,0.374527716,0.978761891,0.,               449P    984
0.346810641,0.969722597,0.,0.,1.,0.,0.,-1.;                          449P    985
124,1.40271576953299E-14,1.,0.,0.695325210459682,                    451P    986
-6.12323399573677E-17,8.58915688636046E-31,1.,                       451P    987
-0.695325210459682,1.,-1.40271576953299E-14,                         451P    988
6.12323399573677E-17,-9.75343637665641E-15;                          451P    989
100,0.,0.,-0.69532521,0.38,-0.69532521,-0.117820999,                 453P    990
-0.334052167;                                                        453P    991
126,18,2,1,0,1,0,0.,0.,0.,0.0178571428571429,                        455P    992
0.0178571428571429,0.03125,0.03125,0.0625,0.0625,0.125,0.125,        455P    993
0.1875,0.1875,0.25,0.25,0.375,0.375,0.5,0.5,1.,1.,1.,1.,1.,1.,       455P    994
1.,1.,1.,1.,1.,1.,1.,1.,1.,1.,1.,1.,1.,1.,1.,1.,0.346810641,         455P    995
0.969722597,0.,0.347165909,0.968636406,0.,0.344553871,               455P    996
0.966549086,0.,0.343550404,0.9657472,0.,0.34207765,0.964769132,      455P    997
0.,0.339760228,0.963230113,0.,0.335995885,0.961076424,0.,            455P    998
0.332101812,0.958848514,0.,0.323517956,0.954232073,0.,               455P    999
0.314091012,0.949162214,0.,0.31099135,0.947475644,0.,                455P   1000
0.304300524,0.943835069,0.,0.298537681,0.940588883,0.,               455P   1001
0.285614951,0.93330956,0.,0.274021864,0.92613644,0.,                 455P   1002
0.261750013,0.918543341,0.,0.250219678,0.910620058,0.,               455P   1003
0.202388397,0.87775191,0.,0.163974434,0.836861146,0.,0.,1.,0.,       455P   1004
0.,1.;                                                               455P   1005
126,15,3,1,0,1,0,0.,0.,0.,0.,0.0156250000000004,                     457P   1006
0.0156250000000004,0.0312500000000007,0.0312500000000007,            457P   1007
0.0625000000000006,0.0625000000000006,0.125,0.125,0.25,0.25,         457P   1008
0.5,0.5,1.,1.,1.,1.,1.,1.,1.,1.,1.,1.,1.,1.,1.,1.,1.,1.,1.,1.,       457P   1009
1.,1.,0.361273044,-0.69532521,-0.117820999,0.360388739,              457P   1010
-0.69532521,-0.117531764,0.359669113,-0.69532521,-0.118556301,       457P   1011
0.358491712,-0.69532521,-0.119952041,0.357967897,-0.69532521,        457P   1012
-0.120701328,0.356453909,-0.69532521,-0.122981059,0.355528923,       457P   1013
-0.69532521,-0.124555593,0.352811452,-0.69532521,-0.129305348,       457P   1014
0.351087256,-0.69532521,-0.132522281,0.345902403,-0.69532521,        457P   1015
-0.142163047,0.342446593,-0.69532521,-0.148591701,0.331703979,       457P   1016
-0.69532521,-0.167662694,0.324058789,-0.69532521,-0.180115889,       457P   1017
0.299330719,-0.69532521,-0.216101345,0.280373529,-0.69532521,        457P   1018
-0.23844647,0.259086645,-0.69532521,-0.258443984,0.,1.,0.,1.,        457P   1019
0.;                                                                  457P   1020
126,1,1,1,0,1,0,0.,0.,1.,1.,1.,1.,0.163974434,0.836861146,0.,        459P   1021
0.151056982,0.849778598,0.,0.,1.,0.,0.,1.;                           459P   1022
110,0.259086645,-0.69532521,-0.258443984,0.269021715,                461P   1023
-0.69532521,-0.268379054;                                            461P   1024
102,5,437,443,449,455,459;                                           463P   1025
102,5,441,447,453,457,461;                                           465P   1026
142,1,435,463,465,1;                                                 467P   1027
126,32,2,1,0,1,0,0.,0.,0.,0.0625,0.0625,0.125,0.125,0.1875,          469P   1028
0.1875,0.25,0.25,0.3125,0.3125,0.375,0.375,0.4375,0.4375,0.5,        469P   1029
0.5,0.5625,0.5625,0.625,0.625,0.6875,0.6875,0.75,0.75,0.8125,        469P   1030
0.8125,0.875,0.875,0.9375,0.9375,1.,1.,1.,1.,1.,1.,1.,1.,1.,1.,      469P   1031
1.,1.,1.,1.,1.,1.,1.,1.,1.,1.,1.,1.,1.,1.,1.,1.,1.,1.,1.,1.,1.,      469P   1032
1.,1.,1.,1.,1.,0.968067402,0.5,0.,0.968067402,0.453899385,0.,        469P   1033
0.959073618,0.40868458,0.,0.950079834,0.363469775,0.,                469P   1034
0.932437892,0.32087836,0.,0.914795951,0.278286945,0.,                469P   1035
0.889183821,0.239955685,0.,0.863571691,0.201624424,0.,               469P   1036
0.830973634,0.169026366,0.,0.798375576,0.136428309,0.,               469P   1037
0.760044315,0.110816179,0.,0.721713055,0.085204049,0.,               469P   1038
0.67912164,0.067562108,0.,0.636530225,0.049920166,0.,                469P   1039
0.59131542,0.040926382,0.,0.546100615,0.031932598,0.,0.5,            469P   1040
0.031932598,0.,0.453899385,0.031932598,0.,0.40868458,                469P   1041
0.040926382,0.,0.363469775,0.049920166,0.,0.32087836,                469P   1042
0.067562108,0.,0.278286945,0.085204049,0.,0.239955685,               469P   1043
0.110816179,0.,0.201624424,0.136428309,0.,0.169026366,               469P   1044
0.169026366,0.,0.136428309,0.201624424,0.,0.110816179,               469P   1045
0.239955685,0.,0.085204049,0.278286945,0.,0.067562108,               469P   1046
0.32087836,0.,0.049920166,0.363469775,0.,0.040926382,                469P   1047
0.40868458,0.,0.031932598,0.453899385,0.,0.031932598,0.5,0.,0.,      469P   1048
1.,0.,0.,1.;                                                         469P   1049
124,6.12323399573677E-17,-1.,0.,-0.695325210459682,                  471P   1050
6.12323399573677E-17,3.74939945665464E-33,-1.,                       471P   1051
-0.695325210459682,1.,6.12323399573677E-17,                          471P   1052
6.12323399573677E-17,4.25763896677954E-17;                           471P   1053
100,0.,0.,-0.69532521,0.36,-0.69532521,-0.36,-0.69532521;            473P   1054
126,32,2,1,0,1,0,0.,0.,0.,0.0625,0.0625,0.125,0.125,0.1875,          475P   1055
0.1875,0.25,0.25,0.3125,0.3125,0.375,0.375,0.4375,0.4375,0.5,        475P   1056
0.5,0.5625,0.5625,0.625,0.625,0.6875,0.6875,0.75,0.75,0.8125,        475P   1057
0.8125,0.875,0.875,0.9375,0.9375,1.,1.,1.,1.,1.,1.,1.,1.,1.,1.,      475P   1058
1.,1.,1.,1.,1.,1.,1.,1.,1.,1.,1.,1.,1.,1.,1.,1.,1.,1.,1.,1.,1.,      475P   1059
1.,1.,1.,1.,1.,0.031932598,0.5,0.,0.031932598,0.546100615,0.,        475P   1060
0.040926382,0.59131542,0.,0.049920166,0.636530225,0.,                475P   1061
0.067562108,0.67912164,0.,0.085204049,0.721713055,0.,                475P   1062
0.110816179,0.760044315,0.,0.136428309,0.798375576,0.,               475P   1063
0.169026366,0.830973634,0.,0.201624424,0.863571691,0.,               475P   1064
0.239955685,0.889183821,0.,0.278286945,0.914795951,0.,               475P   1065
0.32087836,0.932437892,0.,0.363469775,0.950079834,0.,                475P   1066
0.40868458,0.959073618,0.,0.453899385,0.968067402,0.,0.5,            475P   1067
0.968067402,0.,0.546100615,0.968067402,0.,0.59131542,                475P   1068
0.959073618,0.,0.636530225,0.950079834,0.,0.67912164,                475P   1069
0.932437892,0.,0.721713055,0.914795951,0.,0.760044315,               475P   1070
0.889183821,0.,0.798375576,0.863571691,0.,0.830973634,               475P   1071
0.830973634,0.,0.863571691,0.798375576,0.,0.889183821,               475P   1072
0.760044315,0.,0.914795951,0.721713055,0.,0.932437892,               475P   1073
0.67912164,0.,0.950079834,0.636530225,0.,0.959073618,                475P   1074
0.59131542,0.,0.968067402,0.546100615,0.,0.968067402,0.5,0.,0.,      475P   1075
1.,0.,0.,1.;                                                         475P   1076
124,1.40271576953299E-14,1.,0.,0.695325210459682,                    477P   1077
-6.12323399573677E-17,8.58915688636046E-31,-1.,                      477P   1078
-0.695325210459682,-1.,1.40271576953299E-14,                         477P   1079
6.12323399573677E-17,9.75343637665641E-15;                           477P   1080
100,0.,0.,-0.69532521,0.36,-0.69532521,-0.36,-0.69532521;            479P   1081
102,2,469,475;                                                       481P   1082
102,2,473,479;                                                       483P   1083
142,1,435,481,483,1;                                                 485P   1084
144,435,1,1,467,485;                                                 487P   1085
128,1,1,1,1,0,0,1,0,0,0.,0.,1.,1.,0.,0.,1.,1.,1.,1.,1.,1.,           489P   1086
-0.744936259,0.50467479,-0.744936259,-0.744936259,0.50467479,        489P   1087
0.744936259,0.744936259,0.50467479,-0.744936259,0.744936259,         489P   1088
0.50467479,0.744936259,0.,1.,0.,1.;                                  489P   1089
126,64,2,1,0,1,0,0.,0.,0.,0.03125,0.03125,0.0625,0.0625,             491P   1090
0.09375,0.09375,0.125,0.125,0.15625,0.15625,0.1875,0.1875,           491P   1091
0.21875,0.21875,0.25,0.25,0.28125,0.28125,0.3125,0.3125,             491P   1092
0.34375,0.34375,0.375,0.375,0.40625,0.40625,0.4375,0.4375,           491P   1093
0.46875,0.46875,0.5,0.5,0.53125,0.53125,0.5625,0.5625,0.59375,       491P   1094
0.59375,0.625,0.625,0.65625,0.65625,0.6875,0.6875,0.71875,           491P   1095
0.71875,0.75,0.75,0.78125,0.78125,0.8125,0.8125,0.84375,             491P   1096
0.84375,0.875,0.875,0.90625,0.90625,0.9375,0.9375,0.96875,           491P   1097
0.96875,1.,1.,1.,1.,1.,1.,1.,1.,1.,1.,1.,1.,1.,1.,1.,1.,1.,1.,       491P   1098
1.,1.,1.,1.,1.,1.,1.,1.,1.,1.,1.,1.,1.,1.,1.,1.,1.,1.,1.,1.,1.,      491P   1099
1.,1.,1.,1.,1.,1.,1.,1.,1.,1.,1.,1.,1.,1.,1.,1.,1.,1.,1.,1.,1.,      491P   1100
1.,1.,1.,1.,1.,1.,1.,1.,0.005928854,0.5,0.,0.005928854,              491P   1101
0.475727841,0.,0.008307941,0.451572559,0.,0.010687029,               491P   1102
0.427417277,0.,0.015422292,0.403611501,0.,0.020157556,               491P   1103
0.379805725,0.,0.027203391,0.356578717,0.,0.034249227,               491P   1104
0.333351709,0.,0.04353778,0.310927158,0.,0.052826333,                491P   1105
0.288502607,0.,0.06426815,0.267096474,0.,0.075709967,                491P   1106
0.245690341,0.,0.089194856,0.225508778,0.,0.102679745,               491P   1107
0.205327216,0.,0.118077839,0.186564583,0.,0.133475934,               491P   1108
0.16780195,0.,0.150638942,0.150638942,0.,0.16780195,                 491P   1109
0.133475934,0.,0.186564583,0.118077839,0.,0.205327216,               491P   1110
0.102679745,0.,0.225508778,0.089194856,0.,0.245690341,               491P   1111
0.075709967,0.,0.267096474,0.06426815,0.,0.288502607,                491P   1112
0.052826333,0.,0.310927158,0.04353778,0.,0.333351709,                491P   1113
0.034249227,0.,0.356578717,0.027203391,0.,0.379805725,               491P   1114
0.020157556,0.,0.403611501,0.015422292,0.,0.427417277,               491P   1115
0.010687029,0.,0.451572559,0.008307941,0.,0.475727841,               491P   1116
0.005928854,0.,0.5,0.005928854,0.,0.524272159,0.005928854,0.,        491P   1117
0.548427441,0.008307941,0.,0.572582723,0.010687029,0.,               491P   1118
0.596388499,0.015422292,0.,0.620194275,0.020157556,0.,               491P   1119
0.643421283,0.027203391,0.,0.666648291,0.034249227,0.,               491P   1120
0.689072842,0.04353778,0.,0.711497393,0.052826333,0.,                491P   1121
0.732903526,0.06426815,0.,0.754309659,0.075709967,0.,                491P   1122
0.774491222,0.089194856,0.,0.794672784,0.102679745,0.,               491P   1123
0.813435417,0.118077839,0.,0.83219805,0.133475934,0.,                491P   1124
0.849361058,0.150638942,0.,0.866524066,0.16780195,0.,                491P   1125
0.881922161,0.186564583,0.,0.897320255,0.205327216,0.,               491P   1126
0.910805144,0.225508778,0.,0.924290033,0.245690341,0.,               491P   1127
0.93573185,0.267096474,0.,0.947173667,0.288502607,0.,                491P   1128
0.95646222,0.310927158,0.,0.965750773,0.333351709,0.,                491P   1129
0.972796609,0.356578717,0.,0.979842444,0.379805725,0.,               491P   1130
0.984577708,0.403611501,0.,0.989312971,0.427417277,0.,               491P   1131
0.991692059,0.451572559,0.,0.994071146,0.475727841,0.,               491P   1132
0.994071146,0.5,0.,0.,1.,0.,0.,-1.;                                  491P   1133
124,6.12323399573677E-17,-1.,0.,0.504674789540318,                   493P   1134
6.12323399573677E-17,3.74939945665464E-33,1.,0.504674789540318,      493P   1135
-1.,-6.12323399573677E-17,6.12323399573677E-17,                      493P   1136
3.09024182810457E-17;                                                493P   1137
100,0.,0.,0.50467479,0.736103022,0.50467479,-0.736103022,            495P   1138
0.50467479;                                                          495P   1139
126,64,2,1,0,1,0,0.,0.,0.,0.03125,0.03125,0.0625,0.0625,             497P   1140
0.09375,0.09375,0.125,0.125,0.15625,0.15625,0.1875,0.1875,           497P   1141
0.21875,0.21875,0.25,0.25,0.28125,0.28125,0.3125,0.3125,             497P   1142
0.34375,0.34375,0.375,0.375,0.40625,0.40625,0.4375,0.4375,           497P   1143
0.46875,0.46875,0.5,0.5,0.53125,0.53125,0.5625,0.5625,0.59375,       497P   1144
0.59375,0.625,0.625,0.65625,0.65625,0.6875,0.6875,0.71875,           497P   1145
0.71875,0.75,0.75,0.78125,0.78125,0.8125,0.8125,0.84375,             497P   1146
0.84375,0.875,0.875,0.90625,0.90625,0.9375,0.9375,0.96875,           497P   1147
0.96875,1.,1.,1.,1.,1.,1.,1.,1.,1.,1.,1.,1.,1.,1.,1.,1.,1.,1.,       497P   1148
1.,1.,1.,1.,1.,1.,1.,1.,1.,1.,1.,1.,1.,1.,1.,1.,1.,1.,1.,1.,1.,      497P   1149
1.,1.,1.,1.,1.,1.,1.,1.,1.,1.,1.,1.,1.,1.,1.,1.,1.,1.,1.,1.,1.,      497P   1150
1.,1.,1.,1.,1.,1.,1.,1.,0.994071146,0.5,0.,0.994071146,              497P   1151
0.524272159,0.,0.991692059,0.548427441,0.,0.989312971,               497P   1152
0.572582723,0.,0.984577708,0.596388499,0.,0.979842444,               497P   1153
0.620194275,0.,0.972796609,0.643421283,0.,0.965750773,               497P   1154
0.666648291,0.,0.95646222,0.689072842,0.,0.947173667,                497P   1155
0.711497393,0.,0.93573185,0.732903526,0.,0.924290033,                497P   1156
0.754309659,0.,0.910805144,0.774491222,0.,0.897320255,               497P   1157
0.794672784,0.,0.881922161,0.813435417,0.,0.866524066,               497P   1158
0.83219805,0.,0.849361058,0.849361058,0.,0.83219805,                 497P   1159
0.866524066,0.,0.813435417,0.881922161,0.,0.794672784,               497P   1160
0.897320255,0.,0.774491222,0.910805144,0.,0.754309659,               497P   1161
0.924290033,0.,0.732903526,0.93573185,0.,0.711497393,                497P   1162
0.947173667,0.,0.689072842,0.95646222,0.,0.666648291,                497P   1163
0.965750773,0.,0.643421283,0.972796609,0.,0.620194275,               497P   1164
0.979842444,0.,0.596388499,0.984577708,0.,0.572582723,               497P   1165
0.989312971,0.,0.548427441,0.991692059,0.,0.524272159,               497P   1166
0.994071146,0.,0.5,0.994071146,0.,0.475727841,0.994071146,0.,        497P   1167
0.451572559,0.991692059,0.,0.427417277,0.989312971,0.,               497P   1168
0.403611501,0.984577708,0.,0.379805725,0.979842444,0.,               497P   1169
0.356578717,0.972796609,0.,0.333351709,0.965750773,0.,               497P   1170
0.310927158,0.95646222,0.,0.288502607,0.947173667,0.,                497P   1171
0.267096474,0.93573185,0.,0.245690341,0.924290033,0.,                497P   1172
0.225508778,0.910805144,0.,0.205327216,0.897320255,0.,               497P   1173
0.186564583,0.881922161,0.,0.16780195,0.866524066,0.,                497P   1174
0.150638942,0.849361058,0.,0.133475934,0.83219805,0.,                497P   1175
0.118077839,0.813435417,0.,0.102679745,0.794672784,0.,               497P   1176
0.089194856,0.774491222,0.,0.075709967,0.754309659,0.,               497P   1177
0.06426815,0.732903526,0.,0.052826333,0.711497393,0.,                497P   1178
0.04353778,0.689072842,0.,0.034249227,0.666648291,0.,                497P   1179
0.027203391,0.643421283,0.,0.020157556,0.620194275,0.,               497P   1180
0.015422292,0.596388499,0.,0.010687029,0.572582723,0.,               497P   1181
0.008307941,0.548427441,0.,0.005928854,0.524272159,0.,               497P   1182
0.005928854,0.5,0.,0.,1.,0.,0.,-1.;                                  497P   1183
124,1.40271576953299E-14,1.,0.,-0.504674789540318,                   499P   1184
-6.12323399573677E-17,8.58915688636046E-31,1.,                       499P   1185
0.504674789540318,1.,-1.40271576953299E-14,                          499P   1186
6.12323399573677E-17,7.07915285773947E-15;                           499P   1187
100,0.,0.,0.50467479,0.736103022,0.50467479,-0.736103022,            501P   1188
0.50467479;                                                          501P   1189
102,2,491,497;                                                       503P   1190
102,2,495,501;                                                       505P   1191
142,1,489,503,505,1;                                                 507P   1192
144,489,1,0,507;                                                     509P   1193
128,3,3,3,3,0,0,0,0,0,0.,0.,0.,0.,1.,1.,1.,1.,0.,0.,0.,0.,1.,        511P   1194
1.,1.,1.,1.,0.977549702653072,0.977549702653072,1.,                  511P   1195
0.333333333333333,0.325849900884358,0.325849900884358,               511P   1196
0.333333333333333,0.333333333333333,0.325849900884358,               511P   1197
0.325849900884358,0.333333333333333,1.,0.977549702653072,            511P   1198
0.977549702653072,1.,0.,-1.087489495,-0.323238195,0.,                511P   1199
-0.39662547,-0.353287386,0.,0.263240951,-0.560102182,0.,             511P   1200
0.847667178,-0.929753423,-0.646476391,-1.087489495,                  511P   1201
-0.323238195,-0.706574771,-0.39662547,-0.353287386,                  511P   1202
-1.120204364,0.263240951,-0.560102182,-1.859506846,0.847667178,      511P   1203
-0.929753423,-0.646476391,-1.087489495,0.323238195,                  511P   1204
-0.706574771,-0.39662547,0.353287386,-1.120204364,0.263240951,       511P   1205
0.560102182,-1.859506846,0.847667178,0.929753423,0.,                 511P   1206
-1.087489495,0.323238195,0.,-0.39662547,0.353287386,0.,              511P   1207
0.263240951,0.560102182,0.,0.847667178,0.929753423,0.,1.,0.,1.;      511P   1208
126,1,1,1,0,1,0,0.,0.,1.,1.,1.,1.,0.193202622,0.,0.,                 513P   1209
0.806797378,0.,0.,0.,1.,0.,0.,1.;                                    513P   1210
124,-6.97182402497813E-15,1.00715103700146E-15,-1.,                  515P   1211
-4.25999335766776,0.142976029834331,0.989726151464541,0.,            515P   1212
-0.0129318883503321,0.989726151464541,-0.142976029834331,            515P   1213
-7.04419501764363E-15,-4.43996000290399;                             515P   1214
100,-4.259993358,0.,-1.258719,3.940477224,-1.258719,                 517P   1215
3.739809463,-0.017273901;                                            517P   1216
126,1,1,1,0,1,0,0.,0.,1.,1.,1.,1.,0.806797378,0.,0.,                 519P   1217
0.806797378,1.,0.,0.,1.,0.,0.,1.;                                    519P   1218
124,6.12323399573677E-17,-1.,0.,0.504674789540318,                   521P   1219
6.12323399573677E-17,3.74939945665464E-33,1.,0.504674789540318,      521P   1220
-1.,-6.12323399573677E-17,6.12323399573677E-17,                      521P   1221
3.09024182810457E-17;                                                521P   1222
100,0.,0.,0.50467479,0.736103022,0.50467479,-0.736103022,            523P   1223
0.50467479;                                                          523P   1224
126,1,1,1,0,1,0,0.,0.,1.,1.,1.,1.,0.806797378,1.,0.,                 525P   1225
0.193202622,1.,0.,0.,1.,0.,0.,1.;                                    525P   1226
124,-5.47588626285257E-17,-2.74019419071878E-17,-1.,                 527P   1227
4.25999335766776,0.447507672028638,-0.894280092295199,0.,            527P   1228
-2.38436634268764,-0.894280092295199,-0.447507672028638,             527P   1229
6.12323399573677E-17,3.69670694842997;                               527P   1230
100,4.259993358,0.,-1.258719,3.940477224,-1.258719,3.739809463,      529P   1231
-0.017273901;                                                        529P   1232
126,1,1,1,0,1,0,0.,0.,1.,1.,1.,1.,0.193202622,1.,0.,                 531P   1233
0.193202622,0.,0.,0.,1.,0.,0.,1.;                                    531P   1234
124,6.12323399573677E-17,-1.,0.,-0.695325210459682,                  533P   1235
6.12323399573677E-17,3.74939945665464E-33,-1.,                       533P   1236
-0.695325210459682,1.,6.12323399573677E-17,                          533P   1237
6.12323399573677E-17,4.25763896677954E-17;                           533P   1238
100,0.,0.,-0.69532521,0.36,-0.69532521,-0.36,-0.69532521;            535P   1239
102,4,513,519,525,531;                                               537P   1240
102,4,517,523,529,535;                                               539P   1241
142,1,511,537,539,1;                                                 541P   1242
144,511,1,0,541;                                                     543P   1243
110,0.,0.643566682,0.,0.,40.013645422,0.;                            545P   1244
110,0.,-0.95532521,0.38,0.,-0.955202322,0.38;                        547P   1245
120,545,547,0.,6.28318530717959;                                     549P   1246
126,1,1,1,0,1,0,0.,0.,1.,1.,1.,1.,0.994035785,3.141592654,0.,        551P   1247
0.,3.131874751,0.,0.,1.,0.,0.,1.;                                    551P   1248
126,2,2,1,0,0,0,0.958372116694428,0.958372116694428,                 553P   1249
0.958372116694428,0.958886859753459,0.958886859753459,               553P   1250
0.958886859753459,0.490851636051003,0.491041465313367,               553P   1251
0.491242965852992,0.,-0.955203055,-0.38,0.001846416,                 553P   1252
-0.955264182,-0.38,0.003692745,-0.95532521,-0.379982057,             553P   1253
0.958372116694428,0.958886859753459,0.,0.,0.;                        553P   1254
126,1,1,1,0,1,0,0.,0.,1.,1.,1.,1.,0.,3.131874751,0.,0.,              555P   1255
3.141592654,0.,0.,1.,0.,0.,1.;                                       555P   1256
124,0.00971774944860222,-0.999952781558036,0.,                       557P   1257
-0.955280101491675,6.12294486616771E-17,5.95040537857333E-19,        557P   1258
1.,-0.955325210459682,-0.999952781558036,-0.00971774944860222,       557P   1259
6.12323399573677E-17,-0.00928361103718037;                           557P   1260
100,0.,0.,-0.95532521,0.38,-0.95532521,0.379982057,                  559P   1261
-0.951632466;                                                        559P   1262
126,1,1,1,0,1,0,0.,0.,1.,1.,1.,1.,0.,3.141592654,0.,                 561P   1263
0.994035785,3.141592654,0.,0.,1.,0.,0.,1.;                           561P   1264
110,0.,-0.95532521,-0.38,0.,-0.955203055,-0.38;                      563P   1265
102,3,551,555,561;                                                   565P   1266
102,3,553,559,563;                                                   567P   1267
142,1,549,565,567,1;                                                 569P   1268
144,549,1,0,569;                                                     571P   1269
110,0.,0.643566682,0.,0.,40.013645422,0.;                            573P   1270
110,0.,-0.95532521,0.42,0.,-0.69532521,0.42;                         575P   1271
120,573,575,0.,6.28318530717959;                                     577P   1272
126,1,1,1,0,1,0,0.,0.,1.,1.,1.,1.,1.,3.141592654,0.,0.,              579P   1273
3.141592654,0.,0.,1.,0.,0.,1.;                                       579P   1274
110,0.,-0.69532521,-0.42,0.,-0.95532521,-0.42;                       581P   1275
126,1,1,1,0,1,0,0.,0.,1.,1.,1.,1.,0.,3.141592654,0.,0.,              583P   1276
6.283185307,0.,0.,1.,0.,0.,1.;                                       583P   1277
124,6.12323399573677E-17,-1.,0.,-0.955325210459682,                  585P   1278
6.12323399573677E-17,3.74939945665464E-33,1.,                        585P   1279
-0.955325210459682,-1.,-6.12323399573677E-17,                        585P   1280
6.12323399573677E-17,-5.8496798056711E-17;                           585P   1281
100,0.,0.,-0.95532521,0.42,-0.95532521,-0.42,-0.95532521;            587P   1282
126,1,1,1,0,1,0,0.,0.,1.,1.,1.,1.,0.,6.283185307,0.,1.,              589P   1283
6.283185307,0.,0.,1.,0.,0.,1.;                                       589P   1284
110,0.,-0.95532521,0.42,0.,-0.69532521,0.42;                         591P   1285
126,1,1,1,0,1,0,0.,0.,1.,1.,1.,1.,1.,6.283185307,0.,1.,              593P   1286
3.141592654,0.,0.,1.,0.,0.,1.;                                       593P   1287
124,6.12323399573677E-17,-1.,0.,-0.695325210459682,                  595P   1288
6.12323399573677E-17,3.74939945665464E-33,-1.,                       595P   1289
-0.695325210459682,1.,6.12323399573677E-17,                          595P   1290
6.12323399573677E-17,4.25763896677954E-17;                           595P   1291
100,0.,0.,-0.69532521,0.42,-0.69532521,-0.42,-0.69532521;            597P   1292
102,4,579,583,589,593;                                               599P   1293
102,4,581,587,591,597;                                               601P   1294
142,1,577,599,601,1;                                                 603P   1295
144,577,1,0,603;                                                     605P   1296
128,1,1,1,1,0,0,1,0,0,0.,0.,1.,1.,0.,0.,1.,1.,1.,1.,1.,1.,           607P   1297
-0.42504,-0.95532521,-0.42504,-0.42504,-0.95532521,0.42504,          607P   1298
0.42504,-0.95532521,-0.42504,0.42504,-0.95532521,0.42504,0.,1.,      607P   1299
0.,1.;                                                               607P   1300
126,32,2,1,0,1,0,0.,0.,0.,0.0625,0.0625,0.125,0.125,0.1875,          609P   1301
0.1875,0.25,0.25,0.3125,0.3125,0.375,0.375,0.4375,0.4375,0.5,        609P   1302
0.5,0.5625,0.5625,0.625,0.625,0.6875,0.6875,0.75,0.75,0.8125,        609P   1303
0.8125,0.875,0.875,0.9375,0.9375,1.,1.,1.,1.,1.,1.,1.,1.,1.,1.,      609P   1304
1.,1.,1.,1.,1.,1.,1.,1.,1.,1.,1.,1.,1.,1.,1.,1.,1.,1.,1.,1.,1.,      609P   1305
1.,1.,1.,1.,1.,0.005928854,0.5,0.,0.005928854,0.451338239,0.,        609P   1306
0.015422292,0.403611501,0.,0.024915731,0.355884763,0.,               609P   1307
0.04353778,0.310927158,0.,0.06215983,0.265969553,0.,                 609P   1308
0.089194856,0.225508778,0.,0.116229881,0.185048003,0.,               609P   1309
0.150638942,0.150638942,0.,0.185048003,0.116229881,0.,               609P   1310
0.225508778,0.089194856,0.,0.265969553,0.06215983,0.,                609P   1311
0.310927158,0.04353778,0.,0.355884763,0.024915731,0.,                609P   1312
0.403611501,0.015422292,0.,0.451338239,0.005928854,0.,0.5,           609P   1313
0.005928854,0.,0.548661761,0.005928854,0.,0.596388499,               609P   1314
0.015422292,0.,0.644115237,0.024915731,0.,0.689072842,               609P   1315
0.04353778,0.,0.734030447,0.06215983,0.,0.774491222,                 609P   1316
0.089194856,0.,0.814951997,0.116229881,0.,0.849361058,               609P   1317
0.150638942,0.,0.883770119,0.185048003,0.,0.910805144,               609P   1318
0.225508778,0.,0.93784017,0.265969553,0.,0.95646222,                 609P   1319
0.310927158,0.,0.975084269,0.355884763,0.,0.984577708,               609P   1320
0.403611501,0.,0.994071146,0.451338239,0.,0.994071146,0.5,0.,        609P   1321
0.,1.,0.,0.,-1.;                                                     609P   1322
124,6.12323399573677E-17,-1.,0.,-0.955325210459682,                  611P   1323
6.12323399573677E-17,3.74939945665464E-33,1.,                        611P   1324
-0.955325210459682,-1.,-6.12323399573677E-17,                        611P   1325
6.12323399573677E-17,-5.8496798056711E-17;                           611P   1326
100,0.,0.,-0.95532521,0.42,-0.95532521,-0.42,-0.95532521;            613P   1327
126,32,2,1,0,1,0,0.,0.,0.,0.0625,0.0625,0.125,0.125,0.1875,          615P   1328
0.1875,0.25,0.25,0.3125,0.3125,0.375,0.375,0.4375,0.4375,0.5,        615P   1329
0.5,0.5625,0.5625,0.625,0.625,0.6875,0.6875,0.75,0.75,0.8125,        615P   1330
0.8125,0.875,0.875,0.9375,0.9375,1.,1.,1.,1.,1.,1.,1.,1.,1.,1.,      615P   1331
1.,1.,1.,1.,1.,1.,1.,1.,1.,1.,1.,1.,1.,1.,1.,1.,1.,1.,1.,1.,1.,      615P   1332
1.,1.,1.,1.,1.,0.994071146,0.5,0.,0.994071146,0.548661761,0.,        615P   1333
0.984577708,0.596388499,0.,0.975084269,0.644115237,0.,               615P   1334
0.95646222,0.689072842,0.,0.93784017,0.734030447,0.,                 615P   1335
0.910805144,0.774491222,0.,0.883770119,0.814951997,0.,               615P   1336
0.849361058,0.849361058,0.,0.814951997,0.883770119,0.,               615P   1337
0.774491222,0.910805144,0.,0.734030447,0.93784017,0.,                615P   1338
0.689072842,0.95646222,0.,0.644115237,0.975084269,0.,                615P   1339
0.596388499,0.984577708,0.,0.548661761,0.994071146,0.,0.5,           615P   1340
0.994071146,0.,0.451338239,0.994071146,0.,0.403611501,               615P   1341
0.984577708,0.,0.355884763,0.975084269,0.,0.310927158,               615P   1342
0.95646222,0.,0.265969553,0.93784017,0.,0.225508778,                 615P   1343
0.910805144,0.,0.185048003,0.883770119,0.,0.150638942,               615P   1344
0.849361058,0.,0.116229881,0.814951997,0.,0.089194856,               615P   1345
0.774491222,0.,0.06215983,0.734030447,0.,0.04353778,                 615P   1346
0.689072842,0.,0.024915731,0.644115237,0.,0.015422292,               615P   1347
0.596388499,0.,0.005928854,0.548661761,0.,0.005928854,0.5,0.,        615P   1348
0.,1.,0.,0.,-1.;                                                     615P   1349
124,1.40271576953299E-14,1.,0.,0.955325210459682,                    617P   1350
-6.12323399573677E-17,8.58915688636046E-31,1.,                       617P   1351
-0.955325210459682,1.,-1.40271576953299E-14,                         617P   1352
6.12323399573677E-17,-1.34004973774422E-14;                          617P   1353
100,0.,0.,-0.95532521,0.42,-0.95532521,-0.42,-0.95532521;            619P   1354
102,2,609,615;                                                       621P   1355
102,2,613,619;                                                       623P   1356
142,1,607,621,623,1;                                                 625P   1357
126,20,2,1,0,1,0,0.,0.,0.,0.00892857142857143,                       627P   1358
0.00892857142857143,0.015625,0.015625,0.03125,0.03125,0.0625,        627P   1359
0.0625,0.125,0.125,0.25,0.25,0.375,0.375,0.5,0.5,0.75,0.75,1.,       627P   1360
1.,1.,1.,1.,1.,1.,1.,1.,1.,1.,1.,1.,1.,1.,1.,1.,1.,1.,1.,1.,1.,      627P   1361
1.,1.,0.053004356,0.504343997,0.,0.052024981,0.504354353,0.,         627P   1362
0.051098384,0.506832383,0.,0.050730586,0.507815998,0.,               627P   1363
0.050383041,0.509163377,0.,0.04978751,0.511472155,0.,                627P   1364
0.04928627,0.514696697,0.,0.048524892,0.519594736,0.,                627P   1365
0.048077967,0.525923505,0.,0.047346009,0.536288526,0.,               627P   1366
0.047591454,0.548417945,0.,0.048026095,0.569897045,0.,               627P   1367
0.051470731,0.593163084,0.,0.054720205,0.615110941,0.,               627P   1368
0.060473701,0.637015644,0.,0.066097148,0.65842522,0.,                627P   1369
0.073998029,0.67933386,0.,0.08980824,0.721173497,0.,                 627P   1370
0.114006903,0.759295956,0.,0.138138735,0.797313131,0.,               627P   1371
0.169535693,0.829915666,0.,0.,1.,0.,0.,1.;                           627P   1372
126,15,3,1,0,1,0,0.,0.,0.,0.,0.015625,0.015625,                      629P   1373
0.0312499999999999,0.0312499999999999,0.0624999999999999,            629P   1374
0.0624999999999999,0.125,0.125,0.25,0.25,0.5,0.5,1.,1.,1.,1.,        629P   1375
1.,1.,1.,1.,1.,1.,1.,1.,1.,1.,1.,1.,1.,1.,1.,1.,0.003692745,         629P   1376
-0.95532521,-0.379982057,0.003710331,-0.95532521,-0.381645208,       629P   1377
0.00623642,-0.95532521,-0.381809754,0.009342786,-0.95532521,         629P   1378
-0.382611015,0.01091472,-0.95532521,-0.382897334,0.015650664,        629P   1379
-0.95532521,-0.383633515,0.01884217,-0.95532521,-0.383944266,        629P   1380
0.028426819,-0.95532521,-0.384621115,0.034798493,-0.95532521,        629P   1381
-0.384712167,0.053880395,-0.95532521,-0.384326035,0.066555881,       629P   1382
-0.95532521,-0.383157195,0.10447646,-0.95532521,-0.377542892,        629P   1383
0.12888632,-0.95532521,-0.371039206,0.199571743,-0.95532521,         629P   1384
-0.344328854,0.243660644,-0.95532521,-0.316354592,0.28045471,        629P   1385
-0.95532521,-0.280921098,0.,1.,0.,1.,0.;                             629P   1386
126,1,1,1,0,1,0,0.,0.,1.,1.,1.,1.,0.169535693,0.829915666,0.,        631P   1387
0.183637222,0.815814137,0.,0.,1.,0.,0.,1.;                           631P   1388
110,0.28045471,-0.95532521,-0.280921098,0.268467281,                 633P   1389
-0.95532521,-0.26893367;                                             633P   1390
126,32,2,1,0,1,0,0.,0.,0.,0.0625,0.0625,0.125,0.125,0.1875,          635P   1391
0.1875,0.25,0.25,0.3125,0.3125,0.375,0.375,0.4375,0.4375,0.5,        635P   1392
0.5,0.5625,0.5625,0.625,0.625,0.6875,0.6875,0.75,0.75,0.8125,        635P   1393
0.8125,0.875,0.875,0.9375,0.9375,1.,1.,1.,1.,1.,1.,1.,1.,1.,1.,      635P   1394
1.,1.,1.,1.,1.,1.,1.,1.,1.,1.,1.,1.,1.,1.,1.,1.,1.,1.,1.,1.,1.,      635P   1395
1.,1.,1.,1.,1.,0.183637222,0.815814137,0.,0.206941684,               635P   1396
0.839159084,0.,0.233420393,0.858830446,0.,0.259899102,               635P   1397
0.878501809,0.,0.288978451,0.894073447,0.,0.318057801,               635P   1398
0.909645086,0.,0.349107848,0.920779674,0.,0.380157895,               635P   1399
0.931914263,0.,0.412506007,0.938370593,0.,0.444854118,               635P   1400
0.944826924,0.,0.477799539,0.946465134,0.,0.51074496,                635P   1401
0.948103343,0.,0.543573998,0.944887944,0.,0.576403035,               635P   1402
0.941672545,0.,0.608404517,0.933673191,0.,0.640405999,               635P   1403
0.925673838,0.,0.67088668,0.913063819,0.,0.701367362,0.9004538,      635P   1404
0.,0.729666942,0.883506286,0.,0.757966523,0.866558772,0.,            635P   1405
0.783471952,0.845640895,0.,0.808977381,0.824723018,0.,               635P   1406
0.831136137,0.800287919,0.,0.853294893,0.775852821,0.,               635P   1407
0.871626953,0.748429837,0.,0.889959013,0.721006852,0.,               635P   1408
0.904067251,0.691190043,0.,0.91817549,0.661373233,0.,                635P   1409
0.927754281,0.629808518,0.,0.937333072,0.598243803,0.,               635P   1410
0.942174912,0.565614964,0.,0.947016751,0.532986126,0.,               635P   1411
0.947016751,0.5,0.,0.,1.,0.,0.,1.;                                   635P   1412
124,0.706492845848586,0.707720183946146,0.,0.676102933674916,        637P   1413
-4.33353628980812E-17,4.32602101144488E-17,-1.,                      637P   1414
-0.955325210459682,-0.707720183946146,0.706492845848586,             637P   1415
6.12323399573677E-17,0.67493042664856;                               637P   1416
100,0.,0.,-0.95532521,0.38,-0.95532521,-0.26893367,                  639P   1417
-0.686857929;                                                        639P   1418
126,32,2,1,0,1,0,0.,0.,0.,0.0625,0.0625,0.125,0.125,0.1875,          641P   1419
0.1875,0.25,0.25,0.3125,0.3125,0.375,0.375,0.4375,0.4375,0.5,        641P   1420
0.5,0.5625,0.5625,0.625,0.625,0.6875,0.6875,0.75,0.75,0.8125,        641P   1421
0.8125,0.875,0.875,0.9375,0.9375,1.,1.,1.,1.,1.,1.,1.,1.,1.,1.,      641P   1422
1.,1.,1.,1.,1.,1.,1.,1.,1.,1.,1.,1.,1.,1.,1.,1.,1.,1.,1.,1.,1.,      641P   1423
1.,1.,1.,1.,1.,0.947016751,0.5,0.,0.947016751,0.455972693,0.,        641P   1424
0.93842745,0.412791358,0.,0.929838148,0.369610023,0.,                641P   1425
0.912989627,0.328934095,0.,0.896141106,0.288258167,0.,               641P   1426
0.871680845,0.251650799,0.,0.847220584,0.215043431,0.,               641P   1427
0.816088576,0.183911424,0.,0.784956569,0.152779416,0.,               641P   1428
0.748349201,0.128319155,0.,0.711741833,0.103858894,0.,               641P   1429
0.671065905,0.087010373,0.,0.630389977,0.070161852,0.,               641P   1430
0.587208642,0.06157255,0.,0.544027307,0.052983249,0.,0.5,            641P   1431
0.052983249,0.,0.455972693,0.052983249,0.,0.412791358,               641P   1432
0.06157255,0.,0.369610023,0.070161852,0.,0.328934095,                641P   1433
0.087010373,0.,0.288258167,0.103858894,0.,0.251650799,               641P   1434
0.128319155,0.,0.215043431,0.152779416,0.,0.183911424,               641P   1435
0.183911424,0.,0.152779416,0.215043431,0.,0.128319155,               641P   1436
0.251650799,0.,0.103858894,0.288258167,0.,0.087010373,               641P   1437
0.328934095,0.,0.070161852,0.369610023,0.,0.06157255,                641P   1438
0.412791358,0.,0.052983249,0.455972693,0.,0.052983249,0.5,0.,        641P   1439
0.,1.,0.,0.,1.;                                                      641P   1440
124,6.12323399573677E-17,-1.,0.,-0.955325210459682,                  643P   1441
6.12323399573677E-17,3.74939945665464E-33,-1.,                       643P   1442
-0.955325210459682,1.,6.12323399573677E-17,                          643P   1443
6.12323399573677E-17,5.8496798056711E-17;                            643P   1444
100,0.,0.,-0.95532521,0.38,-0.95532521,-0.38,-0.95532521;            645P   1445
126,1,1,1,0,1,0,0.,0.,1.,1.,1.,1.,0.052983249,0.5,0.,                647P   1446
0.053004356,0.504343997,0.,0.,1.,0.,0.,1.;                           647P   1447
124,1.40271576953299E-14,1.,0.,0.955325210459682,                    649P   1448
-6.12323399573677E-17,8.58915688636046E-31,-1.,                      649P   1449
-0.955325210459682,-1.,1.40271576953299E-14,                         649P   1450
6.12323399573677E-17,1.34004973774422E-14;                           649P   1451
100,0.,0.,-0.95532521,0.38,-0.95532521,0.379982057,                  651P   1452
-0.951632466;                                                        651P   1453
102,5,627,631,635,641,647;                                           653P   1454
102,5,629,633,639,645,651;                                           655P   1455
142,1,607,653,655,1;                                                 657P   1456
144,607,1,1,625,657;                                                 659P   1457
128,1,1,1,1,0,0,1,0,0,0.,0.,1.,1.,0.,0.,1.,1.,1.,1.,1.,1.,           661P   1458
-0.704586882,0.58467479,0.704586882,-0.704586882,0.58467479,         661P   1459
-0.704586882,0.704586882,0.58467479,0.704586882,0.704586882,         661P   1460
0.58467479,-0.704586882,0.,1.,0.,1.;                                 661P   1461
126,64,2,1,0,1,0,0.,0.,0.,0.03125,0.03125,0.0625,0.0625,             663P   1462
0.09375,0.09375,0.125,0.125,0.15625,0.15625,0.1875,0.1875,           663P   1463
0.21875,0.21875,0.25,0.25,0.28125,0.28125,0.3125,0.3125,             663P   1464
0.34375,0.34375,0.375,0.375,0.40625,0.40625,0.4375,0.4375,           663P   1465
0.46875,0.46875,0.5,0.5,0.53125,0.53125,0.5625,0.5625,0.59375,       663P   1466
0.59375,0.625,0.625,0.65625,0.65625,0.6875,0.6875,0.71875,           663P   1467
0.71875,0.75,0.75,0.78125,0.78125,0.8125,0.8125,0.84375,             663P   1468
0.84375,0.875,0.875,0.90625,0.90625,0.9375,0.9375,0.96875,           663P   1469
0.96875,1.,1.,1.,1.,1.,1.,1.,1.,1.,1.,1.,1.,1.,1.,1.,1.,1.,1.,       663P   1470
1.,1.,1.,1.,1.,1.,1.,1.,1.,1.,1.,1.,1.,1.,1.,1.,1.,1.,1.,1.,1.,      663P   1471
1.,1.,1.,1.,1.,1.,1.,1.,1.,1.,1.,1.,1.,1.,1.,1.,1.,1.,1.,1.,1.,      663P   1472
1.,1.,1.,1.,1.,1.,1.,1.,0.005928854,0.5,0.,0.005928854,              663P   1473
0.475727841,0.,0.008307941,0.451572559,0.,0.010687029,               663P   1474
0.427417277,0.,0.015422292,0.403611501,0.,0.020157556,               663P   1475
0.379805725,0.,0.027203391,0.356578717,0.,0.034249227,               663P   1476
0.333351709,0.,0.04353778,0.310927158,0.,0.052826333,                663P   1477
0.288502607,0.,0.06426815,0.267096474,0.,0.075709967,                663P   1478
0.245690341,0.,0.089194856,0.225508778,0.,0.102679745,               663P   1479
0.205327216,0.,0.118077839,0.186564583,0.,0.133475934,               663P   1480
0.16780195,0.,0.150638942,0.150638942,0.,0.16780195,                 663P   1481
0.133475934,0.,0.186564583,0.118077839,0.,0.205327216,               663P   1482
0.102679745,0.,0.225508778,0.089194856,0.,0.245690341,               663P   1483
0.075709967,0.,0.267096474,0.06426815,0.,0.288502607,                663P   1484
0.052826333,0.,0.310927158,0.04353778,0.,0.333351709,                663P   1485
0.034249227,0.,0.356578717,0.027203391,0.,0.379805725,               663P   1486
0.020157556,0.,0.403611501,0.015422292,0.,0.427417277,               663P   1487
0.010687029,0.,0.451572559,0.008307941,0.,0.475727841,               663P   1488
0.005928854,0.,0.5,0.005928854,0.,0.524272159,0.005928854,0.,        663P   1489
0.548427441,0.008307941,0.,0.572582723,0.010687029,0.,               663P   1490
0.596388499,0.015422292,0.,0.620194275,0.020157556,0.,               663P   1491
0.643421283,0.027203391,0.,0.666648291,0.034249227,0.,               663P   1492
0.689072842,0.04353778,0.,0.711497393,0.052826333,0.,                663P   1493
0.732903526,0.06426815,0.,0.754309659,0.075709967,0.,                663P   1494
0.774491222,0.089194856,0.,0.794672784,0.102679745,0.,               663P   1495
0.813435417,0.118077839,0.,0.83219805,0.133475934,0.,                663P   1496
0.849361058,0.150638942,0.,0.866524066,0.16780195,0.,                663P   1497
0.881922161,0.186564583,0.,0.897320255,0.205327216,0.,               663P   1498
0.910805144,0.225508778,0.,0.924290033,0.245690341,0.,               663P   1499
0.93573185,0.267096474,0.,0.947173667,0.288502607,0.,                663P   1500
0.95646222,0.310927158,0.,0.965750773,0.333351709,0.,                663P   1501
0.972796609,0.356578717,0.,0.979842444,0.379805725,0.,               663P   1502
0.984577708,0.403611501,0.,0.989312971,0.427417277,0.,               663P   1503
0.991692059,0.451572559,0.,0.994071146,0.475727841,0.,               663P   1504
0.994071146,0.5,0.,0.,1.,0.,0.,-1.;                                  663P   1505
124,6.12323399573677E-17,-1.,0.,0.584674789540318,                   665P   1506
6.12323399573677E-17,3.74939945665464E-33,-1.,                       665P   1507
0.584674789540318,1.,6.12323399573677E-17,6.12323399573677E-17,      665P   1508
-3.58010054776351E-17;                                               665P   1509
100,0.,0.,0.58467479,0.696232097,0.58467479,-0.696232097,            667P   1510
0.58467479;                                                          667P   1511
126,64,2,1,0,1,0,0.,0.,0.,0.03125,0.03125,0.0625,0.0625,             669P   1512
0.09375,0.09375,0.125,0.125,0.15625,0.15625,0.1875,0.1875,           669P   1513
0.21875,0.21875,0.25,0.25,0.28125,0.28125,0.3125,0.3125,             669P   1514
0.34375,0.34375,0.375,0.375,0.40625,0.40625,0.4375,0.4375,           669P   1515
0.46875,0.46875,0.5,0.5,0.53125,0.53125,0.5625,0.5625,0.59375,       669P   1516
0.59375,0.625,0.625,0.65625,0.65625,0.6875,0.6875,0.71875,           669P   1517
0.71875,0.75,0.75,0.78125,0.78125,0.8125,0.8125,0.84375,             669P   1518
0.84375,0.875,0.875,0.90625,0.90625,0.9375,0.9375,0.96875,           669P   1519
0.96875,1.,1.,1.,1.,1.,1.,1.,1.,1.,1.,1.,1.,1.,1.,1.,1.,1.,1.,       669P   1520
1.,1.,1.,1.,1.,1.,1.,1.,1.,1.,1.,1.,1.,1.,1.,1.,1.,1.,1.,1.,1.,      669P   1521
1.,1.,1.,1.,1.,1.,1.,1.,1.,1.,1.,1.,1.,1.,1.,1.,1.,1.,1.,1.,1.,      669P   1522
1.,1.,1.,1.,1.,1.,1.,1.,0.994071146,0.5,0.,0.994071146,              669P   1523
0.524272159,0.,0.991692059,0.548427441,0.,0.989312971,               669P   1524
0.572582723,0.,0.984577708,0.596388499,0.,0.979842444,               669P   1525
0.620194275,0.,0.972796609,0.643421283,0.,0.965750773,               669P   1526
0.666648291,0.,0.95646222,0.689072842,0.,0.947173667,                669P   1527
0.711497393,0.,0.93573185,0.732903526,0.,0.924290033,                669P   1528
0.754309659,0.,0.910805144,0.774491222,0.,0.897320255,               669P   1529
0.794672784,0.,0.881922161,0.813435417,0.,0.866524066,               669P   1530
0.83219805,0.,0.849361058,0.849361058,0.,0.83219805,                 669P   1531
0.866524066,0.,0.813435417,0.881922161,0.,0.794672784,               669P   1532
0.897320255,0.,0.774491222,0.910805144,0.,0.754309659,               669P   1533
0.924290033,0.,0.732903526,0.93573185,0.,0.711497393,                669P   1534
0.947173667,0.,0.689072842,0.95646222,0.,0.666648291,                669P   1535
0.965750773,0.,0.643421283,0.972796609,0.,0.620194275,               669P   1536
0.979842444,0.,0.596388499,0.984577708,0.,0.572582723,               669P   1537
0.989312971,0.,0.548427441,0.991692059,0.,0.524272159,               669P   1538
0.994071146,0.,0.5,0.994071146,0.,0.475727841,0.994071146,0.,        669P   1539
0.451572559,0.991692059,0.,0.427417277,0.989312971,0.,               669P   1540
0.403611501,0.984577708,0.,0.379805725,0.979842444,0.,               669P   1541
0.356578717,0.972796609,0.,0.333351709,0.965750773,0.,               669P   1542
0.310927158,0.95646222,0.,0.288502607,0.947173667,0.,                669P   1543
0.267096474,0.93573185,0.,0.245690341,0.924290033,0.,                669P   1544
0.225508778,0.910805144,0.,0.205327216,0.897320255,0.,               669P   1545
0.186564583,0.881922161,0.,0.16780195,0.866524066,0.,                669P   1546
0.150638942,0.849361058,0.,0.133475934,0.83219805,0.,                669P   1547
0.118077839,0.813435417,0.,0.102679745,0.794672784,0.,               669P   1548
0.089194856,0.774491222,0.,0.075709967,0.754309659,0.,               669P   1549
0.06426815,0.732903526,0.,0.052826333,0.711497393,0.,                669P   1550
0.04353778,0.689072842,0.,0.034249227,0.666648291,0.,                669P   1551
0.027203391,0.643421283,0.,0.020157556,0.620194275,0.,               669P   1552
0.015422292,0.596388499,0.,0.010687029,0.572582723,0.,               669P   1553
0.008307941,0.548427441,0.,0.005928854,0.524272159,0.,               669P   1554
0.005928854,0.5,0.,0.,1.,0.,0.,-1.;                                  669P   1555
124,1.40271576953299E-14,1.,0.,-0.584674789540318,                   671P   1556
-6.12323399573677E-17,8.58915688636046E-31,-1.,                      671P   1557
0.584674789540318,-1.,1.40271576953299E-14,                          671P   1558
6.12323399573677E-17,-8.20132547336586E-15;                          671P   1559
100,0.,0.,0.58467479,0.696232097,0.58467479,-0.696232097,            673P   1560
0.58467479;                                                          673P   1561
102,2,663,669;                                                       675P   1562
102,2,667,673;                                                       677P   1563
142,1,661,675,677,1;                                                 679P   1564
144,661,1,0,679;                                                     681P   1565
128,3,3,3,3,0,0,0,0,0,0.,0.,0.,0.,1.,1.,1.,1.,0.,0.,0.,0.,1.,        683P   1566
1.,1.,1.,1.,0.979259996022378,0.979259996022378,1.,                  683P   1567
0.333333333333333,0.326419998674126,0.326419998674126,               683P   1568
0.333333333333333,0.333333333333333,0.326419998674126,               683P   1569
0.326419998674126,0.333333333333333,1.,0.979259996022378,            683P   1570
0.979259996022378,1.,0.,-1.016319389,0.409213329,0.,                 683P   1571
-0.379244182,0.443024704,0.,0.229643573,0.633455081,0.,              683P   1572
0.772458875,0.968655881,0.818426658,-1.016319389,0.409213329,        683P   1573
0.886049408,-0.379244182,0.443024704,1.266910163,0.229643573,        683P   1574
0.633455081,1.937311762,0.772458875,0.968655881,0.818426658,         683P   1575
-1.016319389,-0.409213329,0.886049408,-0.379244182,                  683P   1576
-0.443024704,1.266910163,0.229643573,-0.633455081,1.937311762,       683P   1577
0.772458875,-0.968655881,0.,-1.016319389,-0.409213329,0.,            683P   1578
-0.379244182,-0.443024704,0.,0.229643573,-0.633455081,0.,            683P   1579
0.772458875,-0.968655881,0.,1.,0.,1.;                                683P   1580
126,1,1,1,0,1,0,0.,0.,1.,1.,1.,1.,0.200931519,1.,0.,                 685P   1581
0.200931519,0.,0.,0.,1.,0.,0.,1.;                                    685P   1582
124,1.40271576953299E-14,1.,0.,0.639840888270949,                    687P   1583
-6.12323399573677E-17,8.58915688636046E-31,-1.,                      687P   1584
-0.639840888270949,-1.,1.40271576953299E-14,                         687P   1585
6.12323399573677E-17,8.97514903969656E-15;                           687P   1586
100,0.,0.,-0.639840888,0.448137106,-0.639840888,-0.448137106,        689P   1587
-0.639840888;                                                        689P   1588
126,1,1,1,0,1,0,0.,0.,1.,1.,1.,1.,0.200931519,0.,0.,                 691P   1589
0.799068481,0.,0.,0.,1.,0.,0.,1.;                                    691P   1590
124,6.05168277384939E-17,-9.3334354406134E-18,1.,                    693P   1591
-4.19032237959925,0.152426568168254,0.988314798693437,0.,            693P   1592
-0.0142208139342167,-0.988314798693437,0.152426568168254,            693P   1593
6.12323399573677E-17,4.37582452095598;                               693P   1594
100,4.19032238,0.,-1.216993491,3.786430476,-1.216993491,             695P   1595
3.6171123,-0.097371075;                                              695P   1596
126,1,1,1,0,1,0,0.,0.,1.,1.,1.,1.,0.799068481,0.,0.,                 697P   1597
0.799068481,1.,0.,0.,1.,0.,0.,1.;                                    697P   1598
124,1.40271576953299E-14,1.,0.,-0.440889925987132,                   699P   1599
-6.12323399573677E-17,8.58915688636046E-31,1.,                       699P   1600
0.440889925987132,1.,-1.40271576953299E-14,                          699P   1601
6.12323399573677E-17,6.18443251810383E-15;                           699P   1602
100,0.,0.,0.440889926,0.786136967,0.440889926,-0.786136967,          701P   1603
0.440889926;                                                         701P   1604
126,1,1,1,0,1,0,0.,0.,1.,1.,1.,1.,0.799068481,1.,0.,                 703P   1605
0.200931519,1.,0.,0.,1.,0.,0.,1.;                                    703P   1606
124,-5.50508558883291E-17,-2.68104965007562E-17,1.,                  705P   1607
4.19032237959925,0.437848635531857,-0.899048704110568,0.,            705P   1608
-2.3111299124991,0.899048704110568,0.437848635531857,                705P   1609
6.12323399573677E-17,-3.65746343999742;                              705P   1610
100,-4.19032238,0.,-1.216993491,3.786430476,-1.216993491,            707P   1611
3.6171123,-0.097371075;                                              707P   1612
102,4,685,691,697,703;                                               709P   1613
102,4,689,695,701,707;                                               711P   1614
142,1,683,709,711,1;                                                 713P   1615
144,683,1,0,713;                                                     715P   1616
128,3,3,3,3,0,0,0,0,0,0.,0.,0.,0.,1.,1.,1.,1.,0.,0.,0.,0.,1.,        717P   1617
1.,1.,1.,1.,0.628579287963263,0.628579287963263,1.,                  717P   1618
0.333333333333333,0.209526429321088,0.209526429321088,               717P   1619
0.333333333333333,0.333333333333333,0.209526429321088,               717P   1620
0.209526429321088,0.333333333333333,1.,0.628579287963263,            717P   1621
0.628579287963263,1.,0.,0.584175206,-0.686248755,0.,                 717P   1622
0.593668496,-0.780864999,0.,0.513041145,-0.831279148,0.,             717P   1623
0.432133158,-0.781316625,-1.372497511,0.584175206,-0.686248755,      717P   1624
-1.561729998,0.593668496,-0.780864999,-1.662558296,0.513041145,      717P   1625
-0.831279148,-1.56263325,0.432133158,-0.781316625,-1.372497511,      717P   1626
0.584175206,0.686248755,-1.561729998,0.593668496,0.780864999,        717P   1627
-1.662558296,0.513041145,0.831279148,-1.56263325,0.432133158,        717P   1628
0.781316625,0.,0.584175206,0.686248755,0.,0.593668496,               717P   1629
0.780864999,0.,0.513041145,0.831279148,0.,0.432133158,               717P   1630
0.781316625,0.,1.,0.,1.;                                             717P   1631
126,1,1,1,0,1,0,0.,0.,1.,1.,1.,1.,0.054130384,0.,0.,                 719P   1632
0.945869616,0.,0.,0.,1.,0.,0.,1.;                                    719P   1633
124,-4.3133254404635E-31,7.04419501764363E-15,-1.,                   721P   1634
-0.69623209694635,1.,6.12323399573677E-17,0.,0.484674789540318,      721P   1635
6.12323399573677E-17,-1.,-7.04419501764363E-15,                      721P   1636
-0.211557307406033;                                                  721P   1637
100,-0.696232097,0.,0.48467479,0.1,0.48467479,-0.043784864,          723P   1638
0.57457966;                                                          723P   1639
126,1,1,1,0,1,0,0.,0.,1.,1.,1.,1.,0.945869616,0.,0.,                 725P   1640
0.945869616,1.,0.,0.,1.,0.,0.,1.;                                    725P   1641
124,6.12323399573677E-17,-1.,0.,0.440889925987132,                   727P   1642
6.12323399573677E-17,3.74939945665464E-33,1.,0.440889925987132,      727P   1643
-1.,-6.12323399573677E-17,6.12323399573677E-17,                      727P   1644
2.69967218318228E-17;                                                727P   1645
100,0.,0.,0.440889926,0.786136967,0.440889926,-0.786136967,          729P   1646
0.440889926;                                                         729P   1647
126,1,1,1,0,1,0,0.,0.,1.,1.,1.,1.,0.945869616,1.,0.,                 731P   1648
0.054130384,1.,0.,0.,1.,0.,0.,1.;                                    731P   1649
124,5.50508558883295E-17,2.68104965007554E-17,-1.,                   733P   1650
0.696232096946346,-0.437848635531843,0.899048704110575,0.,           733P   1651
0.0489285480890296,0.899048704110575,0.437848635531843,              733P   1652
6.12323399573677E-17,0.484017901669435;                              733P   1653
100,0.696232097,0.,0.48467479,0.1,0.48467479,-0.043784864,           735P   1654
0.57457966;                                                          735P   1655
126,1,1,1,0,1,0,0.,0.,1.,1.,1.,1.,0.054130384,1.,0.,                 737P   1656
0.054130384,0.,0.,0.,1.,0.,0.,1.;                                    737P   1657
124,6.12323399573677E-17,-1.,0.,0.584674789540318,                   739P   1658
6.12323399573677E-17,3.74939945665464E-33,-1.,                       739P   1659
0.584674789540318,1.,6.12323399573677E-17,6.12323399573677E-17,      739P   1660
-3.58010054776351E-17;                                               739P   1661
100,0.,0.,0.58467479,0.696232097,0.58467479,-0.696232097,            741P   1662
0.58467479;                                                          741P   1663
102,4,719,725,731,737;                                               743P   1664
102,4,723,729,735,741;                                               745P   1665
142,1,717,743,745,1;                                                 747P   1666
144,717,1,0,747;                                                     749P   1667
128,3,3,3,3,0,0,0,0,0,0.,0.,0.,0.,1.,1.,1.,1.,0.,0.,0.,0.,1.,        751P   1668
1.,1.,1.,1.,0.943060171999245,0.943060171999245,1.,                  751P   1669
0.333333333333333,0.314353390666415,0.314353390666415,               751P   1670
0.333333333333333,0.333333333333333,0.314353390666415,               751P   1671
0.314353390666415,0.333333333333333,1.,0.943060171999245,            751P   1672
0.943060171999245,1.,0.,-0.629898054,-0.449165087,0.,                751P   1673
-0.658444377,-0.447650053,0.,-0.683939915,-0.434720804,0.,           751P   1674
-0.702029531,-0.412585907,-0.898330174,-0.629898054,                 751P   1675
-0.449165087,-0.895300107,-0.658444377,-0.447650053,                 751P   1676
-0.869441608,-0.683939915,-0.434720804,-0.825171813,                 751P   1677
-0.702029531,-0.412585907,-0.898330174,-0.629898054,                 751P   1678
0.449165087,-0.895300107,-0.658444377,0.447650053,-0.869441608,      751P   1679
-0.683939915,0.434720804,-0.825171813,-0.702029531,0.412585907,      751P   1680
0.,-0.629898054,0.449165087,0.,-0.658444377,0.447650053,0.,          751P   1681
-0.683939915,0.434720804,0.,-0.702029531,0.412585907,0.,1.,0.,       751P   1682
1.;                                                                  751P   1683
126,1,1,1,0,1,0,0.,0.,1.,1.,1.,1.,0.122454396,0.,0.,                 753P   1684
0.877545604,0.,0.,0.,1.,0.,0.,1.;                                    753P   1685
124,6.96188218081977E-15,-1.07372247204742E-15,-1.,                  755P   1686
-0.349305626526762,-0.152426568168267,-0.988314798693435,0.,         755P   1687
-1.24189790683798,-0.988314798693435,0.152426568168267,              755P   1688
-7.04419501764363E-15,-0.254100261622243;                            755P   1689
100,-0.349305627,0.,-0.624598231,0.1,-0.624598231,0.080648966,       757P   1690
-0.565473412;                                                        757P   1691
126,1,1,1,0,1,0,0.,0.,1.,1.,1.,1.,0.877545604,0.,0.,                 759P   1692
0.877545604,1.,0.,0.,1.,0.,0.,1.;                                    759P   1693
124,6.12323399573677E-17,-1.,0.,-0.695325210459682,                  761P   1694
6.12323399573677E-17,3.74939945665464E-33,1.,                        761P   1695
-0.695325210459682,-1.,-6.12323399573677E-17,                        761P   1696
6.12323399573677E-17,-4.25763896677954E-17;                          761P   1697
100,0.,0.,-0.69532521,0.42,-0.69532521,-0.42,-0.69532521;            763P   1698
126,1,1,1,0,1,0,0.,0.,1.,1.,1.,1.,0.877545604,1.,0.,                 765P   1699
0.122454396,1.,0.,0.,1.,0.,0.,1.;                                    765P   1700
124,4.3287819095808E-17,4.33077842262017E-17,-1.,                    767P   1701
0.349305626526761,-0.707269790054639,0.706943734731461,0.,           767P   1702
-0.183042425003279,0.706943734731461,0.707269790054639,              767P   1703
6.12323399573677E-17,0.791065086555818;                              767P   1704
100,0.349305627,0.,-0.624598231,0.1,-0.624598231,0.080648966,        769P   1705
-0.565473412;                                                        769P   1706
126,1,1,1,0,1,0,0.,0.,1.,1.,1.,1.,0.122454396,1.,0.,                 771P   1707
0.122454396,0.,0.,0.,1.,0.,0.,1.;                                    771P   1708
124,6.12323399573677E-17,-1.,0.,-0.639840888270949,                  773P   1709
6.12323399573677E-17,3.74939945665464E-33,-1.,                       773P   1710
-0.639840888270949,1.,6.12323399573677E-17,                          773P   1711
6.12323399573677E-17,3.91789547892308E-17;                           773P   1712
100,0.,0.,-0.639840888,0.448137106,-0.639840888,-0.448137106,        775P   1713
-0.639840888;                                                        775P   1714
102,4,753,759,765,771;                                               777P   1715
102,4,757,763,769,775;                                               779P   1716
142,1,751,777,779,1;                                                 781P   1717
144,751,1,0,781;                                                     783P   1718
128,1,1,1,1,0,0,1,0,0,0.,0.,1.,1.,0.,0.,1.,1.,1.,1.,1.,1.,           785P   1719
0.258157886,-0.729015174,-0.259086486,0.28229883,-0.729015174,       785P   1720
-0.28322743,0.259086486,-0.689194302,-0.258157886,0.28322743,        785P   1721
-0.689194302,-0.28229883,0.,1.,0.,1.;                                785P   1722
126,1,1,1,0,1,0,0.,0.,1.,1.,1.,1.,0.005928854,0.846037823,0.,        787P   1723
0.417473267,0.846037823,0.,0.,1.,0.,0.,1.;                           787P   1724
110,0.259086645,-0.69532521,-0.258443984,0.269021715,                789P   1725
-0.69532521,-0.268379054;                                            789P   1726
126,1,1,1,0,1,0,0.,0.,1.,1.,1.,1.,0.417473267,0.846037823,0.,        791P   1727
0.417465001,0.005928854,0.,0.,1.,0.,0.,1.;                           791P   1728
126,3,3,1,0,0,0,0.,0.,0.,0.,1.,1.,1.,1.,1.,0.999999297558434,        793P   1729
0.999999297558434,1.,0.269021715,-0.69532521,-0.268379054,           793P   1730
0.268761985,-0.706476501,-0.268639407,0.268501876,-0.717627799,      793P   1731
-0.268899382,0.268241391,-0.728779081,-0.26915898,0.,1.,0.,0.,       793P   1732
0.;                                                                  793P   1733
126,32,2,1,0,1,0,0.,0.,0.,0.0625,0.0625,0.125,0.125,0.1875,          795P   1734
0.1875,0.25,0.25,0.3125,0.3125,0.375,0.375,0.4375,0.4375,0.5,        795P   1735
0.5,0.5625,0.5625,0.625,0.625,0.6875,0.6875,0.75,0.75,0.8125,        795P   1736
0.8125,0.875,0.875,0.9375,0.9375,1.,1.,1.,1.,1.,1.,1.,1.,1.,1.,      795P   1737
1.,1.,1.,1.,1.,1.,1.,1.,1.,1.,1.,1.,1.,1.,1.,1.,1.,1.,1.,1.,1.,      795P   1738
1.,1.,1.,1.,1.,0.417465001,0.005928854,0.,0.488754293,               795P   1739
0.005927135,0.,0.557897331,0.020803493,0.,0.627040368,               795P   1740
0.035679851,0.,0.689872925,0.064538339,0.,0.752705482,               795P   1741
0.093396827,0.,0.80544339,0.134499406,0.,0.858181298,                795P   1742
0.175601985,0.,0.897648351,0.226473202,0.,0.937115403,               795P   1743
0.277344419,0.,0.960934647,0.33492049,0.,0.984753892,                795P   1744
0.392496562,0.,0.991490785,0.453309898,0.,0.998227677,               795P   1745
0.514123233,0.,0.987476481,0.574511275,0.,0.976725284,               795P   1746
0.634899316,0.,0.949133502,0.691225117,0.,0.921541721,               795P   1747
0.747550919,0.,0.878771103,0.796422189,0.,0.836000486,               795P   1748
0.845293459,0.,0.780626946,0.883766865,0.,0.725253407,               795P   1749
0.92224027,0.,0.660611886,0.947998703,0.,0.595970365,                795P   1750
0.973757135,0.,0.525953978,0.985249261,0.,0.455937592,               795P   1751
0.996741387,0.,0.384763164,0.993275078,0.,0.313588736,               795P   1752
0.989808769,0.,0.245542836,0.971592788,0.,0.177496935,               795P   1753
0.953376807,0.,0.116677712,0.921508235,0.,0.055858488,               795P   1754
0.889639662,0.,0.005928854,0.846037823,0.,0.,1.,0.,0.,-1.;           795P   1755
124,-0.0233266508205796,0.707106125065933,0.706722573048106,         797P   1756
0.96627752800027,-0.999456647244143,-2.81242223199168E-05,           797P   1757
-0.0329607264562646,-0.449426669598303,-0.0232868555410846,          797P   1758
-0.707107436747252,0.706722573048109,-0.573959855968146;             797P   1759
100,-0.268700577,0.268700577,-0.709104738,0.288385616,               799P   1760
-0.709104738,0.254913953,-0.723155709;                               799P   1761
102,3,787,791,795;                                                   801P   1762
102,3,789,793,799;                                                   803P   1763
142,1,785,801,803,1;                                                 805P   1764
144,785,1,0,805;                                                     807P   1765
128,1,1,1,1,0,0,1,0,0,0.,0.,1.,1.,0.,0.,1.,1.,1.,1.,1.,1.,           809P   1766
0.268383472,-0.95532521,-0.268849861,0.282470326,-0.95532521,        809P   1767
-0.282936715,0.269079613,-0.925472821,-0.26815372,0.283166467,       809P   1768
-0.925472821,-0.282240574,0.,1.,0.,1.;                               809P   1769
126,1,1,1,0,1,0,0.,0.,1.,1.,1.,1.,0.005928854,0.994035785,0.,        811P   1770
0.005949476,0.,0.,0.,1.,0.,0.,1.;                                    811P   1771
126,3,3,1,0,0,0,0.,0.,0.,0.,1.,1.,1.,1.,1.,0.999999447312448,        813P   1772
0.999999447312448,1.,0.26915898,-0.925650867,-0.268241391,           813P   1773
0.268928711,-0.935542307,-0.268472447,0.268698145,-0.94543376,       813P   1774
-0.268703207,0.268467281,-0.95532521,-0.26893367,0.,1.,0.,0.,        813P   1775
0.;                                                                  813P   1776
126,1,1,1,0,1,0,0.,0.,1.,1.,1.,1.,0.005949476,0.,0.,                 815P   1777
0.856915057,0.,0.,0.,1.,0.,0.,1.;                                    815P   1778
110,0.268467281,-0.95532521,-0.26893367,0.28045471,-0.95532521,      817P   1779
-0.280921098;                                                        817P   1780
126,16,2,1,0,1,0,0.,0.,0.,0.125,0.125,0.25,0.25,0.375,0.375,         819P   1781
0.5,0.5,0.625,0.625,0.75,0.75,0.875,0.875,1.,1.,1.,1.,1.,1.,1.,      819P   1782
1.,1.,1.,1.,1.,1.,1.,1.,1.,1.,1.,1.,1.,0.856915057,0.,0.,            819P   1783
0.923342504,0.075069368,0.,0.958224888,0.15907603,0.,                819P   1784
0.993107273,0.243082691,0.,0.994045674,0.330249371,0.,               819P   1785
0.994984076,0.41741605,0.,0.96191396,0.501748152,0.,                 819P   1786
0.928843843,0.586080254,0.,0.864039495,0.661778122,0.,               819P   1787
0.799235147,0.737475989,0.,0.707153269,0.799333756,0.,               819P   1788
0.61507139,0.861191523,0.,0.502044602,0.90495513,0.,                 819P   1789
0.389017815,0.948718736,0.,0.262819155,0.971378487,0.,               819P   1790
0.136620496,0.994038238,0.,0.005928854,0.994035785,0.,0.,1.,0.,      819P   1791
0.,-1.;                                                              819P   1792
124,0.597109942889945,0.379477167753517,0.706722573048106,           821P   1793
0.656882887275767,-0.507999999999976,0.860726199503361,              821P   1794
-0.0329607264562648,-0.0040157079379828,-0.620802477525655,          821P   1795
-0.33933388961651,0.706722573048109,-0.232774710595543;              821P   1796
100,-0.268700577,0.268700577,-0.94532521,0.288385616,                823P   1797
-0.94532521,0.258694663,-0.928372852;                                823P   1798
102,3,811,815,819;                                                   825P   1799
102,3,813,817,823;                                                   827P   1800
142,1,809,825,827,1;                                                 829P   1801
144,809,1,0,829;                                                     831P   1802
128,6,60,3,2,0,0,0,0,0,0.141427693432635,0.141427693432635,          833P   1803
0.141427693432635,0.141427693432635,0.5,0.5,0.5,                     833P   1804
0.750003517439002,0.750003517439002,0.750003517439002,               833P   1805
0.750003517439002,0.,0.,0.,0.0333333333333333,                       833P   1806
0.0333333333333333,0.0666666666666667,0.0666666666666667,0.1,        833P   1807
0.1,0.133333333333333,0.133333333333333,0.166666666666667,           833P   1808
0.166666666666667,0.2,0.2,0.233333333333333,0.233333333333333,       833P   1809
0.266666666666667,0.266666666666667,0.3,0.3,0.333333333333333,       833P   1810
0.333333333333333,0.366666666666667,0.366666666666667,0.4,0.4,       833P   1811
0.433333333333333,0.433333333333333,0.466666666666667,               833P   1812
0.466666666666667,0.5,0.5,0.533333333333333,0.533333333333333,       833P   1813
0.566666666666667,0.566666666666667,0.6,0.6,0.633333333333333,       833P   1814
0.633333333333333,0.666666666666667,0.666666666666667,0.7,0.7,       833P   1815
0.733333333333333,0.733333333333333,0.766666666666667,               833P   1816
0.766666666666667,0.8,0.8,0.833333333333333,0.833333333333333,       833P   1817
0.866666666666667,0.866666666666667,0.9,0.9,0.933333333333333,       833P   1818
0.933333333333333,0.966666666666667,0.966666666666667,1.,1.,1.,      833P   1819
0.594303566026863,0.386671446585801,0.521903591243514,1.,            833P   1820
0.666661976747997,0.499995310114323,0.500000000098979,               833P   1821
0.565216279127295,0.3677463989407,0.496359811329986,                 833P   1822
0.951056516295154,0.634033217152391,0.475523797801243,               833P   1823
0.475528258241711,0.594303566026863,0.386671446585801,               833P   1824
0.521903591243514,1.,0.666661976747997,0.499995310114323,            833P   1825
0.500000000098979,0.565216279127295,0.3677463989407,                 833P   1826
0.496359811329986,0.951056516295154,0.634033217152391,               833P   1827
0.475523797801243,0.475528258241711,0.594303566026863,               833P   1828
0.386671446585801,0.521903591243514,1.,0.666661976747997,            833P   1829
0.499995310114323,0.500000000098979,0.565216279127295,               833P   1830
0.3677463989407,0.496359811329986,0.951056516295154,                 833P   1831
0.634033217152391,0.475523797801243,0.475528258241711,               833P   1832
0.594303566026863,0.386671446585801,0.521903591243514,1.,            833P   1833
0.666661976747997,0.499995310114323,0.500000000098979,               833P   1834
0.565216279127295,0.3677463989407,0.496359811329986,                 833P   1835
0.951056516295154,0.634033217152391,0.475523797801243,               833P   1836
0.475528258241711,0.594303566026863,0.386671446585801,               833P   1837
0.521903591243514,1.,0.666661976747997,0.499995310114323,            833P   1838
0.500000000098979,0.565216279127295,0.3677463989407,                 833P   1839
0.496359811329986,0.951056516295154,0.634033217152391,               833P   1840
0.475523797801243,0.475528258241711,0.594303566026863,               833P   1841
0.386671446585801,0.521903591243514,1.,0.666661976747997,            833P   1842
0.499995310114323,0.500000000098979,0.565216279127295,               833P   1843
0.3677463989407,0.496359811329986,0.951056516295154,                 833P   1844
0.634033217152391,0.475523797801243,0.475528258241711,               833P   1845
0.594303566026863,0.386671446585801,0.521903591243514,1.,            833P   1846
0.666661976747997,0.499995310114323,0.500000000098979,               833P   1847
0.565216279127295,0.3677463989407,0.496359811329986,                 833P   1848
0.951056516295154,0.634033217152391,0.475523797801243,               833P   1849
0.475528258241711,0.594303566026863,0.386671446585801,               833P   1850
0.521903591243514,1.,0.666661976747997,0.499995310114323,            833P   1851
0.500000000098979,0.565216279127295,0.3677463989407,                 833P   1852
0.496359811329986,0.951056516295154,0.634033217152391,               833P   1853
0.475523797801243,0.475528258241711,0.594303566026863,               833P   1854
0.386671446585801,0.521903591243514,1.,0.666661976747997,            833P   1855
0.499995310114323,0.500000000098979,0.565216279127295,               833P   1856
0.3677463989407,0.496359811329986,0.951056516295154,                 833P   1857
0.634033217152391,0.475523797801243,0.475528258241711,               833P   1858
0.594303566026863,0.386671446585801,0.521903591243514,1.,            833P   1859
0.666661976747997,0.499995310114323,0.500000000098979,               833P   1860
0.565216279127295,0.3677463989407,0.496359811329986,                 833P   1861
0.951056516295154,0.634033217152391,0.475523797801243,               833P   1862
0.475528258241711,0.594303566026863,0.386671446585801,               833P   1863
0.521903591243514,1.,0.666661976747997,0.499995310114323,            833P   1864
0.500000000098979,0.565216279127295,0.3677463989407,                 833P   1865
0.496359811329986,0.951056516295154,0.634033217152391,               833P   1866
0.475523797801243,0.475528258241711,0.594303566026863,               833P   1867
0.386671446585801,0.521903591243514,1.,0.666661976747997,            833P   1868
0.499995310114323,0.500000000098979,0.565216279127295,               833P   1869
0.3677463989407,0.496359811329986,0.951056516295154,                 833P   1870
0.634033217152391,0.475523797801243,0.475528258241711,               833P   1871
0.594303566026863,0.386671446585801,0.521903591243514,1.,            833P   1872
0.666661976747997,0.499995310114323,0.500000000098979,               833P   1873
0.565216279127295,0.3677463989407,0.496359811329986,                 833P   1874
0.951056516295154,0.634033217152391,0.475523797801243,               833P   1875
0.475528258241711,0.594303566026863,0.386671446585801,               833P   1876
0.521903591243514,1.,0.666661976747997,0.499995310114323,            833P   1877
0.500000000098979,0.565216279127295,0.3677463989407,                 833P   1878
0.496359811329986,0.951056516295154,0.634033217152391,               833P   1879
0.475523797801243,0.475528258241711,0.594303566026863,               833P   1880
0.386671446585801,0.521903591243514,1.,0.666661976747997,            833P   1881
0.499995310114323,0.500000000098979,0.565216279127295,               833P   1882
0.3677463989407,0.496359811329986,0.951056516295154,                 833P   1883
0.634033217152391,0.475523797801243,0.475528258241711,               833P   1884
0.594303566026863,0.386671446585801,0.521903591243514,1.,            833P   1885
0.666661976747997,0.499995310114323,0.500000000098979,               833P   1886
0.565216279127295,0.3677463989407,0.496359811329986,                 833P   1887
0.951056516295154,0.634033217152391,0.475523797801243,               833P   1888
0.475528258241711,0.594303566026863,0.386671446585801,               833P   1889
0.521903591243514,1.,0.666661976747997,0.499995310114323,            833P   1890
0.500000000098979,0.565216279127295,0.3677463989407,                 833P   1891
0.496359811329986,0.951056516295154,0.634033217152391,               833P   1892
0.475523797801243,0.475528258241711,0.594303566026863,               833P   1893
0.386671446585801,0.521903591243514,1.,0.666661976747997,            833P   1894
0.499995310114323,0.500000000098979,0.565216279127295,               833P   1895
0.3677463989407,0.496359811329986,0.951056516295154,                 833P   1896
0.634033217152391,0.475523797801243,0.475528258241711,               833P   1897
0.594303566026863,0.386671446585801,0.521903591243514,1.,            833P   1898
0.666661976747997,0.499995310114323,0.500000000098979,               833P   1899
0.565216279127295,0.3677463989407,0.496359811329986,                 833P   1900
0.951056516295154,0.634033217152391,0.475523797801243,               833P   1901
0.475528258241711,0.594303566026863,0.386671446585801,               833P   1902
0.521903591243514,1.,0.666661976747997,0.499995310114323,            833P   1903
0.500000000098979,0.565216279127295,0.3677463989407,                 833P   1904
0.496359811329986,0.951056516295154,0.634033217152391,               833P   1905
0.475523797801243,0.475528258241711,0.594303566026863,               833P   1906
0.386671446585801,0.521903591243514,1.,0.666661976747997,            833P   1907
0.499995310114323,0.500000000098979,0.565216279127295,               833P   1908
0.3677463989407,0.496359811329986,0.951056516295154,                 833P   1909
0.634033217152391,0.475523797801243,0.475528258241711,               833P   1910
0.594303566026863,0.386671446585801,0.521903591243514,1.,            833P   1911
0.666661976747997,0.499995310114323,0.500000000098979,               833P   1912
0.565216279127295,0.3677463989407,0.496359811329986,                 833P   1913
0.951056516295154,0.634033217152391,0.475523797801243,               833P   1914
0.475528258241711,0.594303566026863,0.386671446585801,               833P   1915
0.521903591243514,1.,0.666661976747997,0.499995310114323,            833P   1916
0.500000000098979,0.565216279127295,0.3677463989407,                 833P   1917
0.496359811329986,0.951056516295154,0.634033217152391,               833P   1918
0.475523797801243,0.475528258241711,0.594303566026863,               833P   1919
0.386671446585801,0.521903591243514,1.,0.666661976747997,            833P   1920
0.499995310114323,0.500000000098979,0.565216279127295,               833P   1921
0.3677463989407,0.496359811329986,0.951056516295154,                 833P   1922
0.634033217152391,0.475523797801243,0.475528258241711,               833P   1923
0.594303566026863,0.386671446585801,0.521903591243514,1.,            833P   1924
0.666661976747997,0.499995310114323,0.500000000098979,               833P   1925
0.565216279127295,0.3677463989407,0.496359811329986,                 833P   1926
0.951056516295154,0.634033217152391,0.475523797801243,               833P   1927
0.475528258241711,0.594303566026863,0.386671446585801,               833P   1928
0.521903591243514,1.,0.666661976747997,0.499995310114323,            833P   1929
0.500000000098979,0.565216279127295,0.3677463989407,                 833P   1930
0.496359811329986,0.951056516295154,0.634033217152391,               833P   1931
0.475523797801243,0.475528258241711,0.594303566026863,               833P   1932
0.386671446585801,0.521903591243514,1.,0.666661976747997,            833P   1933
0.499995310114323,0.500000000098979,0.565216279127295,               833P   1934
0.3677463989407,0.496359811329986,0.951056516295154,                 833P   1935
0.634033217152391,0.475523797801243,0.475528258241711,               833P   1936
0.594303566026863,0.386671446585801,0.521903591243514,1.,            833P   1937
0.666661976747997,0.499995310114323,0.500000000098979,               833P   1938
0.565216279127295,0.3677463989407,0.496359811329986,                 833P   1939
0.951056516295154,0.634033217152391,0.475523797801243,               833P   1940
0.475528258241711,0.594303566026863,0.386671446585801,               833P   1941
0.521903591243514,1.,0.666661976747997,0.499995310114323,            833P   1942
0.500000000098979,0.565216279127295,0.3677463989407,                 833P   1943
0.496359811329986,0.951056516295154,0.634033217152391,               833P   1944
0.475523797801243,0.475528258241711,0.594303566026863,               833P   1945
0.386671446585801,0.521903591243514,1.,0.666661976747997,            833P   1946
0.499995310114323,0.500000000098979,0.565216279127295,               833P   1947
0.3677463989407,0.496359811329986,0.951056516295154,                 833P   1948
0.634033217152391,0.475523797801243,0.475528258241711,               833P   1949
0.594303566026863,0.386671446585801,0.521903591243514,1.,            833P   1950
0.666661976747997,0.499995310114323,0.500000000098979,               833P   1951
0.258842105,-0.931894682,-0.258215721,0.271005279,-0.91411826,       833P   1952
-0.269549823,0.283040286,-0.927302278,-0.282199717,0.282620002,      833P   1953
-0.94532521,-0.282620002,0.2823906,-0.95516259,-0.282849404,         833P   1954
0.277521216,-0.964999923,-0.278438822,0.268241391,-0.964999554,      833P   1955
-0.26915898,0.174942731,-0.927957674,-0.342318619,0.183423232,       833P   1956
-0.910181252,-0.357604776,0.19134804,-0.923365271,-0.374165081,      833P   1957
0.190791197,-0.941388203,-0.374448807,0.190487257,-0.951225582,      833P   1958
-0.374603672,0.187050959,-0.961062915,-0.368610932,0.180786337,      833P   1959
-0.961062546,-0.356315891,0.057632269,-0.924020666,                  833P   1960
-0.361044478,0.060810466,-0.906244244,-0.377363294,0.06311157,       833P   1961
-0.919428263,-0.394671273,0.062524515,-0.937451195,                  833P   1962
-0.394764253,0.062204086,-0.947288574,-0.394815004,0.060857147,      833P   1963
-0.957125907,-0.388384617,0.058804165,-0.957125538,                  833P   1964
-0.375422522,-0.059678193,-0.920083658,-0.379770338,                 833P   1965
-0.061802301,-0.902307237,-0.397121812,-0.065124901,                 833P   1966
-0.915491255,-0.415177465,-0.065742166,-0.933514187,-0.4150797,      833P   1967
-0.066079085,-0.943351566,-0.415026337,-0.065336665,                 833P   1968
-0.953188899,-0.408158303,-0.063178007,-0.95318853,                  833P   1969
-0.394529154,-0.165591134,-0.91614665,-0.325966516,                  833P   1970
-0.172611879,-0.898370229,-0.341036812,-0.180923622,                 833P   1971
-0.911554247,-0.356391817,-0.181453211,-0.929577179,                 833P   1972
-0.356121978,-0.181742274,-0.939414558,-0.355974693,                 833P   1973
-0.179052284,-0.949251892,-0.349980689,-0.173094253,                 833P   1974
-0.949251522,-0.338287422,-0.271504076,-0.912209643,                 833P   1975
-0.272162695,-0.283421456,-0.894433221,-0.284951813,                 833P   1976
-0.296722342,-0.907617239,-0.297606169,-0.297164256,                 833P   1977
-0.925640171,-0.297164256,-0.297405463,-0.93547755,                  833P   1978
-0.296923048,-0.292767903,-0.945314884,-0.291803075,                 833P   1979
-0.283010499,-0.945314515,-0.282045689,-0.325564353,                 833P   1980
-0.908272635,-0.166380425,-0.340102352,-0.890496213,                 833P   1981
-0.17444586,-0.355852139,-0.903680231,-0.1819828,-0.356121978,       833P   1982
-0.921703163,-0.181453211,-0.356269263,-0.931540543,                 833P   1983
-0.181164147,-0.350569828,-0.941377876,-0.177896033,                 833P   1984
-0.33887655,-0.941377507,-0.171938024,-0.37962463,-0.904335627,      833P   1985
-0.060598154,-0.396783248,-0.886559205,-0.063939907,                 833P   1986
-0.414981935,-0.899743223,-0.066359431,-0.4150797,-0.917766155,      833P   1987
-0.065742166,-0.415133063,-0.927603535,-0.065405247,                 833P   1988
-0.408371754,-0.937440868,-0.063988991,-0.3947426,-0.937440499,      833P   1989
-0.061830358,-0.361183054,-0.900398619,0.056757334,                  833P   1990
-0.377685287,-0.882622197,0.058777481,-0.394857234,                  833P   1991
-0.895806215,0.061937461,-0.394764253,-0.913829147,0.062524515,      833P   1992
-0.394713502,-0.923666527,0.062844945,-0.388181614,-0.93350386,      833P   1993
0.062138861,-0.375219522,-0.933503491,0.060085855,-0.342741478,      833P   1994
-0.896461611,0.174112822,-0.358587325,-0.878685189,0.18149487,       833P   1995
-0.374732532,-0.891869208,0.190234354,-0.374448807,-0.90989214,      833P   1996
0.190791197,-0.374293942,-0.919729519,0.191095136,-0.367991474,      833P   1997
-0.929566852,0.188266713,-0.355696445,-0.929566483,0.182002068,      833P   1998
-0.258842105,-0.892524603,0.258215721,-0.271005279,                  833P   1999
-0.874748181,0.269549823,-0.283040286,-0.8879322,0.282199717,        833P   2000
-0.282620002,-0.905955132,0.282620002,-0.2823906,-0.915792511,       833P   2001
0.282849404,-0.277521216,-0.925629844,0.278438822,-0.268241391,      833P   2002
-0.925629475,0.26915898,-0.174942731,-0.888587595,0.342318619,       833P   2003
-0.183423232,-0.870811174,0.357604776,-0.19134804,-0.883995192,      833P   2004
0.374165081,-0.190791197,-0.902018124,0.374448807,-0.190487257,      833P   2005
-0.911855503,0.374603672,-0.187050959,-0.921692836,0.368610932,      833P   2006
-0.180786337,-0.921692467,0.356315891,-0.057632269,                  833P   2007
-0.884650587,0.361044478,-0.060810466,-0.866874166,0.377363294,      833P   2008
-0.06311157,-0.880058184,0.394671273,-0.062524515,-0.898081116,      833P   2009
0.394764253,-0.062204086,-0.907918495,0.394815004,-0.060857147,      833P   2010
-0.917755829,0.388384617,-0.058804165,-0.917755459,0.375422522,      833P   2011
0.059678193,-0.88071358,0.379770338,0.061802301,-0.862937158,        833P   2012
0.397121812,0.065124901,-0.876121176,0.415177465,0.065742166,        833P   2013
-0.894144108,0.4150797,0.066079085,-0.903981487,0.415026337,         833P   2014
0.065336665,-0.913818821,0.408158303,0.063178007,-0.913818452,       833P   2015
0.394529154,0.165591134,-0.876776572,0.325966516,0.172611879,        833P   2016
-0.85900015,0.341036812,0.180923622,-0.872184168,0.356391817,        833P   2017
0.181453211,-0.8902071,0.356121978,0.181742274,-0.90004448,          833P   2018
0.355974693,0.179052284,-0.909881813,0.349980689,0.173094253,        833P   2019
-0.909881444,0.338287422,0.271504076,-0.872839564,0.272162695,       833P   2020
0.283421456,-0.855063142,0.284951813,0.296722342,-0.86824716,        833P   2021
0.297606169,0.297164256,-0.886270092,0.297164256,0.297405463,        833P   2022
-0.896107472,0.296923048,0.292767903,-0.905944805,0.291803075,       833P   2023
0.283010499,-0.905944436,0.282045689,0.325564353,-0.868902556,       833P   2024
0.166380425,0.340102352,-0.851126134,0.17444586,0.355852139,         833P   2025
-0.864310152,0.1819828,0.356121978,-0.882333084,0.181453211,         833P   2026
0.356269263,-0.892170464,0.181164147,0.350569828,-0.902007797,       833P   2027
0.177896033,0.33887655,-0.902007428,0.171938024,0.37962463,          833P   2028
-0.864965548,0.060598154,0.396783248,-0.847189126,0.063939907,       833P   2029
0.414981935,-0.860373145,0.066359431,0.4150797,-0.878396077,         833P   2030
0.065742166,0.415133063,-0.888233456,0.065405247,0.408371754,        833P   2031
-0.898070789,0.063988991,0.3947426,-0.89807042,0.061830358,          833P   2032
0.361183054,-0.86102854,-0.056757334,0.377685287,-0.843252118,       833P   2033
-0.058777481,0.394857234,-0.856436137,-0.061937461,0.394764253,      833P   2034
-0.874459069,-0.062524515,0.394713502,-0.884296448,                  833P   2035
-0.062844945,0.388181614,-0.894133781,-0.062138861,0.375219522,      833P   2036
-0.894133412,-0.060085855,0.342741478,-0.857091532,                  833P   2037
-0.174112822,0.358587325,-0.839315111,-0.18149487,0.374732532,       833P   2038
-0.852499129,-0.190234354,0.374448807,-0.870522061,                  833P   2039
-0.190791197,0.374293942,-0.88035944,-0.191095136,0.367991474,       833P   2040
-0.890196773,-0.188266713,0.355696445,-0.890196404,                  833P   2041
-0.182002068,0.258842105,-0.853154524,-0.258215721,0.271005279,      833P   2042
-0.835378103,-0.269549823,0.283040286,-0.848562121,                  833P   2043
-0.282199717,0.282620002,-0.866585053,-0.282620002,0.2823906,        833P   2044
-0.876422432,-0.282849404,0.277521216,-0.886259766,                  833P   2045
-0.278438822,0.268241391,-0.886259396,-0.26915898,0.174942731,       833P   2046
-0.849217517,-0.342318619,0.183423232,-0.831441095,                  833P   2047
-0.357604776,0.19134804,-0.844625113,-0.374165081,0.190791197,       833P   2048
-0.862648045,-0.374448807,0.190487257,-0.872485424,                  833P   2049
-0.374603672,0.187050959,-0.882322758,-0.368610932,0.180786337,      833P   2050
-0.882322389,-0.356315891,0.057632269,-0.845280509,                  833P   2051
-0.361044478,0.060810466,-0.827504087,-0.377363294,0.06311157,       833P   2052
-0.840688105,-0.394671273,0.062524515,-0.858711037,                  833P   2053
-0.394764253,0.062204086,-0.868548417,-0.394815004,0.060857147,      833P   2054
-0.87838575,-0.388384617,0.058804165,-0.878385381,-0.375422522,      833P   2055
-0.059678193,-0.841343501,-0.379770338,-0.061802301,                 833P   2056
-0.823567079,-0.397121812,-0.065124901,-0.836751097,                 833P   2057
-0.415177465,-0.065742166,-0.854774029,-0.4150797,-0.066079085,      833P   2058
-0.864611409,-0.415026337,-0.065336665,-0.874448742,                 833P   2059
-0.408158303,-0.063178007,-0.874448373,-0.394529154,                 833P   2060
-0.165591134,-0.837406493,-0.325966516,-0.172611879,                 833P   2061
-0.819630071,-0.341036812,-0.180923622,-0.832814089,                 833P   2062
-0.356391817,-0.181453211,-0.850837021,-0.356121978,                 833P   2063
-0.181742274,-0.860674401,-0.355974693,-0.179052284,                 833P   2064
-0.870511734,-0.349980689,-0.173094253,-0.870511365,                 833P   2065
-0.338287422,-0.271504076,-0.833469485,-0.272162695,                 833P   2066
-0.283421456,-0.815693063,-0.284951813,-0.296722342,                 833P   2067
-0.828877082,-0.297606169,-0.297164256,-0.846900014,                 833P   2068
-0.297164256,-0.297405463,-0.856737393,-0.296923048,                 833P   2069
-0.292767903,-0.866574726,-0.291803075,-0.283010499,                 833P   2070
-0.866574357,-0.282045689,-0.325564353,-0.829532477,                 833P   2071
-0.166380425,-0.340102352,-0.811756055,-0.17444586,                  833P   2072
-0.355852139,-0.824940074,-0.1819828,-0.356121978,-0.842963006,      833P   2073
-0.181453211,-0.356269263,-0.852800385,-0.181164147,                 833P   2074
-0.350569828,-0.862637718,-0.177896033,-0.33887655,                  833P   2075
-0.862637349,-0.171938024,-0.37962463,-0.825595469,                  833P   2076
-0.060598154,-0.396783248,-0.807819048,-0.063939907,                 833P   2077
-0.414981935,-0.821003066,-0.066359431,-0.4150797,-0.839025998,      833P   2078
-0.065742166,-0.415133063,-0.848863377,-0.065405247,                 833P   2079
-0.408371754,-0.85870071,-0.063988991,-0.3947426,-0.858700341,       833P   2080
-0.061830358,-0.361183054,-0.821658461,0.056757334,                  833P   2081
-0.377685287,-0.80388204,0.058777481,-0.394857234,-0.817066058,      833P   2082
0.061937461,-0.394764253,-0.83508899,0.062524515,-0.394713502,       833P   2083
-0.844926369,0.062844945,-0.388181614,-0.854763703,0.062138861,      833P   2084
-0.375219522,-0.854763333,0.060085855,-0.342741478,                  833P   2085
-0.817721454,0.174112822,-0.358587325,-0.799945032,0.18149487,       833P   2086
-0.374732532,-0.81312905,0.190234354,-0.374448807,-0.831151982,      833P   2087
0.190791197,-0.374293942,-0.840989361,0.191095136,-0.367991474,      833P   2088
-0.850826695,0.188266713,-0.355696445,-0.850826326,0.182002068,      833P   2089
-0.258842105,-0.813784446,0.258215721,-0.271005279,                  833P   2090
-0.796008024,0.269549823,-0.283040286,-0.809192042,0.282199717,      833P   2091
-0.282620002,-0.827214974,0.282620002,-0.2823906,-0.837052354,       833P   2092
0.282849404,-0.277521216,-0.846889687,0.278438822,-0.268241391,      833P   2093
-0.846889318,0.26915898,-0.174942731,-0.809847438,0.342318619,       833P   2094
-0.183423232,-0.792071016,0.357604776,-0.19134804,-0.805255034,      833P   2095
0.374165081,-0.190791197,-0.823277966,0.374448807,-0.190487257,      833P   2096
-0.833115346,0.374603672,-0.187050959,-0.842952679,0.368610932,      833P   2097
-0.180786337,-0.84295231,0.356315891,-0.057632269,-0.80591043,       833P   2098
0.361044478,-0.060810466,-0.788134008,0.377363294,-0.06311157,       833P   2099
-0.801318026,0.394671273,-0.062524515,-0.819340958,0.394764253,      833P   2100
-0.062204086,-0.829178338,0.394815004,-0.060857147,                  833P   2101
-0.839015671,0.388384617,-0.058804165,-0.839015302,0.375422522,      833P   2102
0.059678193,-0.801973422,0.379770338,0.061802301,-0.784197,          833P   2103
0.397121812,0.065124901,-0.797381019,0.415177465,0.065742166,        833P   2104
-0.815403951,0.4150797,0.066079085,-0.82524133,0.415026337,          833P   2105
0.065336665,-0.835078663,0.408158303,0.063178007,-0.835078294,       833P   2106
0.394529154,0.165591134,-0.798036414,0.325966516,0.172611879,        833P   2107
-0.780259992,0.341036812,0.180923622,-0.793444011,0.356391817,       833P   2108
0.181453211,-0.811466943,0.356121978,0.181742274,-0.821304322,       833P   2109
0.355974693,0.179052284,-0.831141655,0.349980689,0.173094253,        833P   2110
-0.831141286,0.338287422,0.271504076,-0.794099406,0.272162695,       833P   2111
0.283421456,-0.776322985,0.284951813,0.296722342,-0.789507003,       833P   2112
0.297606169,0.297164256,-0.807529935,0.297164256,0.297405463,        833P   2113
-0.817367314,0.296923048,0.292767903,-0.827204647,0.291803075,       833P   2114
0.283010499,-0.827204278,0.282045689,0.325564353,-0.790162398,       833P   2115
0.166380425,0.340102352,-0.772385977,0.17444586,0.355852139,         833P   2116
-0.785569995,0.1819828,0.356121978,-0.803592927,0.181453211,         833P   2117
0.356269263,-0.813430306,0.181164147,0.350569828,-0.82326764,        833P   2118
0.177896033,0.33887655,-0.82326727,0.171938024,0.37962463,           833P   2119
-0.786225391,0.060598154,0.396783248,-0.768448969,0.063939907,       833P   2120
0.414981935,-0.781632987,0.066359431,0.4150797,-0.799655919,         833P   2121
0.065742166,0.415133063,-0.809493298,0.065405247,0.408371754,        833P   2122
-0.819330632,0.063988991,0.3947426,-0.819330263,0.061830358,         833P   2123
0.361183054,-0.782288383,-0.056757334,0.377685287,-0.764511961,      833P   2124
-0.058777481,0.394857234,-0.777695979,-0.061937461,0.394764253,      833P   2125
-0.795718911,-0.062524515,0.394713502,-0.805556291,                  833P   2126
-0.062844945,0.388181614,-0.815393624,-0.062138861,0.375219522,      833P   2127
-0.815393255,-0.060085855,0.342741478,-0.778351375,                  833P   2128
-0.174112822,0.358587325,-0.760574953,-0.18149487,0.374732532,       833P   2129
-0.773758971,-0.190234354,0.374448807,-0.791781903,                  833P   2130
-0.190791197,0.374293942,-0.801619283,-0.191095136,0.367991474,      833P   2131
-0.811456616,-0.188266713,0.355696445,-0.811456247,                  833P   2132
-0.182002068,0.258842105,-0.774414367,-0.258215721,0.271005279,      833P   2133
-0.756637945,-0.269549823,0.283040286,-0.769821963,                  833P   2134
-0.282199717,0.282620002,-0.787844895,-0.282620002,0.2823906,        833P   2135
-0.797682275,-0.282849404,0.277521216,-0.807519608,                  833P   2136
-0.278438822,0.268241391,-0.807519239,-0.26915898,0.174942731,       833P   2137
-0.770477359,-0.342318619,0.183423232,-0.752700937,                  833P   2138
-0.357604776,0.19134804,-0.765884956,-0.374165081,0.190791197,       833P   2139
-0.783907888,-0.374448807,0.190487257,-0.793745267,                  833P   2140
-0.374603672,0.187050959,-0.8035826,-0.368610932,0.180786337,        833P   2141
-0.803582231,-0.356315891,0.057632269,-0.766540351,                  833P   2142
-0.361044478,0.060810466,-0.748763929,-0.377363294,0.06311157,       833P   2143
-0.761947948,-0.394671273,0.062524515,-0.77997088,-0.394764253,      833P   2144
0.062204086,-0.789808259,-0.394815004,0.060857147,-0.799645592,      833P   2145
-0.388384617,0.058804165,-0.799645223,-0.375422522,                  833P   2146
-0.059678193,-0.762603343,-0.379770338,-0.061802301,                 833P   2147
-0.744826922,-0.397121812,-0.065124901,-0.75801094,                  833P   2148
-0.415177465,-0.065742166,-0.776033872,-0.4150797,-0.066079085,      833P   2149
-0.785871251,-0.415026337,-0.065336665,-0.795708584,                 833P   2150
-0.408158303,-0.063178007,-0.795708215,-0.394529154,                 833P   2151
-0.165591134,-0.758666336,-0.325966516,-0.172611879,                 833P   2152
-0.740889914,-0.341036812,-0.180923622,-0.754073932,                 833P   2153
-0.356391817,-0.181453211,-0.772096864,-0.356121978,                 833P   2154
-0.181742274,-0.781934243,-0.355974693,-0.179052284,                 833P   2155
-0.791771577,-0.349980689,-0.173094253,-0.791771207,                 833P   2156
-0.338287422,-0.271504076,-0.754729328,-0.272162695,                 833P   2157
-0.283421456,-0.736952906,-0.284951813,-0.296722342,                 833P   2158
-0.750136924,-0.297606169,-0.297164256,-0.768159856,                 833P   2159
-0.297164256,-0.297405463,-0.777997235,-0.296923048,                 833P   2160
-0.292767903,-0.787834569,-0.291803075,-0.283010499,-0.7878342,      833P   2161
-0.282045689,-0.325564353,-0.75079232,-0.166380425,                  833P   2162
-0.340102352,-0.733015898,-0.17444586,-0.355852139,                  833P   2163
-0.746199916,-0.1819828,-0.356121978,-0.764222848,-0.181453211,      833P   2164
-0.356269263,-0.774060228,-0.181164147,-0.350569828,                 833P   2165
-0.783897561,-0.177896033,-0.33887655,-0.783897192,                  833P   2166
-0.171938024,-0.37962463,-0.746855312,-0.060598154,                  833P   2167
-0.396783248,-0.72907889,-0.063939907,-0.414981935,                  833P   2168
-0.742262908,-0.066359431,-0.4150797,-0.76028584,-0.065742166,       833P   2169
-0.415133063,-0.77012322,-0.065405247,-0.408371754,                  833P   2170
-0.779960553,-0.063988991,-0.3947426,-0.779960184,-0.061830358,      833P   2171
-0.361183054,-0.742918304,0.056757334,-0.377685287,                  833P   2172
-0.725141882,0.058777481,-0.394857234,-0.7383259,0.061937461,        833P   2173
-0.394764253,-0.756348833,0.062524515,-0.394713502,                  833P   2174
-0.766186212,0.062844945,-0.388181614,-0.776023545,0.062138861,      833P   2175
-0.375219522,-0.776023176,0.060085855,-0.342741478,                  833P   2176
-0.738981296,0.174112822,-0.358587325,-0.721204874,0.18149487,       833P   2177
-0.374732532,-0.734388893,0.190234354,-0.374448807,                  833P   2178
-0.752411825,0.190791197,-0.374293942,-0.762249204,0.191095136,      833P   2179
-0.367991474,-0.772086537,0.188266713,-0.355696445,                  833P   2180
-0.772086168,0.182002068,-0.258842105,-0.735044288,0.258215721,      833P   2181
-0.271005279,-0.717267866,0.269549823,-0.283040286,                  833P   2182
-0.730451885,0.282199717,-0.282620002,-0.748474817,0.282620002,      833P   2183
-0.2823906,-0.758312196,0.282849404,-0.277521216,-0.768149529,       833P   2184
0.278438822,-0.268241391,-0.76814916,0.26915898,-0.174942731,        833P   2185
-0.73110728,0.342318619,-0.183423232,-0.713330859,0.357604776,       833P   2186
-0.19134804,-0.726514877,0.374165081,-0.190791197,-0.744537809,      833P   2187
0.374448807,-0.190487257,-0.754375188,0.374603672,-0.187050959,      833P   2188
-0.764212521,0.368610932,-0.180786337,-0.764212152,0.356315891,      833P   2189
-0.057632269,-0.727170273,0.361044478,-0.060810466,                  833P   2190
-0.709393851,0.377363294,-0.06311157,-0.722577869,0.394671273,       833P   2191
-0.062524515,-0.740600801,0.394764253,-0.062204086,-0.75043818,      833P   2192
0.394815004,-0.060857147,-0.760275514,0.388384617,-0.058804165,      833P   2193
-0.760275144,0.375422522,0.059678193,-0.723233265,0.379770338,       833P   2194
0.061802301,-0.705456843,0.397121812,0.065124901,-0.718640861,       833P   2195
0.415177465,0.065742166,-0.736663793,0.4150797,0.066079085,          833P   2196
-0.746501172,0.415026337,0.065336665,-0.756338506,0.408158303,       833P   2197
0.063178007,-0.756338137,0.394529154,0.165591134,-0.719296257,       833P   2198
0.325966516,0.172611879,-0.701519835,0.341036812,0.180923622,        833P   2199
-0.714703853,0.356391817,0.181453211,-0.732726785,0.356121978,       833P   2200
0.181742274,-0.742564165,0.355974693,0.179052284,-0.752401498,       833P   2201
0.349980689,0.173094253,-0.752401129,0.338287422,0.271504076,        833P   2202
-0.715359249,0.272162695,0.283421456,-0.697582827,0.284951813,       833P   2203
0.296722342,-0.710766845,0.297606169,0.297164256,-0.728789777,       833P   2204
0.297164256,0.297405463,-0.738627157,0.296923048,0.292767903,        833P   2205
-0.74846449,0.291803075,0.283010499,-0.748464121,0.282045689,        833P   2206
0.325564353,-0.711422241,0.166380425,0.340102352,-0.693645819,       833P   2207
0.17444586,0.355852139,-0.706829837,0.1819828,0.356121978,           833P   2208
-0.72485277,0.181453211,0.356269263,-0.734690149,0.181164147,        833P   2209
0.350569828,-0.744527482,0.177896033,0.33887655,-0.744527113,        833P   2210
0.171938024,0.37962463,-0.707485233,0.060598154,0.396783248,         833P   2211
-0.689708811,0.063939907,0.414981935,-0.70289283,0.066359431,        833P   2212
0.4150797,-0.720915762,0.065742166,0.415133063,-0.730753141,         833P   2213
0.065405247,0.408371754,-0.740590474,0.063988991,0.3947426,          833P   2214
-0.740590105,0.061830358,0.361183054,-0.703548225,-0.056757334,      833P   2215
0.377685287,-0.685771803,-0.058777481,0.394857234,-0.698955822,      833P   2216
-0.061937461,0.394764253,-0.716978754,-0.062524515,0.394713502,      833P   2217
-0.726816133,-0.062844945,0.388181614,-0.736653466,                  833P   2218
-0.062138861,0.375219522,-0.736653097,-0.060085855,0.342741478,      833P   2219
-0.699611217,-0.174112822,0.358587325,-0.681834796,-0.18149487,      833P   2220
0.374732532,-0.695018814,-0.190234354,0.374448807,-0.713041746,      833P   2221
-0.190791197,0.374293942,-0.722879125,-0.191095136,0.367991474,      833P   2222
-0.732716458,-0.188266713,0.355696445,-0.732716089,                  833P   2223
-0.182002068,0.258842105,-0.69567421,-0.258215721,0.271005279,       833P   2224
-0.677897788,-0.269549823,0.283040286,-0.691081806,                  833P   2225
-0.282199717,0.282620002,-0.709104738,-0.282620002,0.2823906,        833P   2226
-0.718942117,-0.282849404,0.277521216,-0.728779451,                  833P   2227
-0.278438822,0.268241391,-0.728779081,-0.26915898,                   833P   2228
0.141427693432635,0.750003517439002,0.,1.;                           833P   2229
126,10,2,1,0,1,0,0.,0.,0.,0.5,0.5,0.75,0.75,0.875,0.875,0.925,       835P   2230
0.925,1.,1.,1.,1.,1.,1.,1.,1.,1.,1.,1.,1.,1.,1.,0.14505737,1.,       835P   2231
0.,0.162163548,0.992727336,0.,0.179027392,0.987373743,0.,            835P   2232
0.190518742,0.983725702,0.,0.201297005,0.981188858,0.,               835P   2233
0.209002831,0.979375163,0.,0.216387286,0.978120697,0.,               835P   2234
0.22046107,0.977428645,0.,0.224459995,0.976902614,0.,                835P   2235
0.237403132,0.975200034,0.,0.249996483,0.975199799,0.,0.,1.,0.,      835P   2236
0.,-1.;                                                              835P   2237
126,15,3,1,0,1,0,0.,0.,0.,0.,0.5,0.5,0.75,0.75,0.875,0.875,          837P   2238
0.9375,0.9375,0.96875,0.96875,0.984375,0.984375,1.,1.,1.,1.,1.,      837P   2239
1.,1.,1.,1.,1.,1.,1.,1.,1.,1.,1.,1.,1.,1.,1.,0.259086645,            837P   2240
-0.69532521,-0.258443984,0.280373529,-0.69532521,-0.23844647,        837P   2241
0.299330719,-0.69532521,-0.216101345,0.324058789,-0.69532521,        837P   2242
-0.180115889,0.331703979,-0.69532521,-0.167662694,0.342446593,       837P   2243
-0.69532521,-0.148591701,0.345902403,-0.69532521,-0.142163047,       837P   2244
0.351087256,-0.69532521,-0.132522281,0.352811452,-0.69532521,        837P   2245
-0.129305348,0.355528923,-0.69532521,-0.124555593,0.356453909,       837P   2246
-0.69532521,-0.122981059,0.357967897,-0.69532521,-0.120701328,       837P   2247
0.358491712,-0.69532521,-0.119952041,0.359669113,-0.69532521,        837P   2248
-0.118556301,0.360388739,-0.69532521,-0.117531764,0.361273044,       837P   2249
-0.69532521,-0.117820999,0.,1.,0.,1.,0.;                             837P   2250
126,1,1,1,0,1,0,0.,0.,1.,1.,1.,1.,0.249996483,0.975199799,0.,        839P   2251
0.249996483,0.875142004,0.,0.,1.,0.,0.,1.;                           839P   2252
126,8,2,1,0,0,0,0.0248002009826581,0.0248002009826581,               841P   2253
0.0248002009826581,0.0333333333333333,0.0333333333333333,            841P   2254
0.0666666666666667,0.0666666666666667,0.1,0.1,                       841P   2255
0.124857996141673,0.124857996141673,0.124857996141673,               841P   2256
0.49067817242918,0.49373538173539,0.500000000098979,                 841P   2257
0.475528258241711,0.500000000098979,0.475528258241711,               841P   2258
0.500000000098979,0.48175044615894,0.490719732704625,                841P   2259
0.361273044,-0.69532521,-0.117820999,0.370711708,-0.696333726,       841P   2260
-0.088879341,0.375422522,-0.69730441,-0.058804165,0.394529154,       841P   2261
-0.701241418,0.063178007,0.338287422,-0.705178426,0.173094253,       841P   2262
0.282045689,-0.709115434,0.283010499,0.171938024,-0.713052442,       841P   2263
0.33887655,0.090886883,-0.715950505,0.38,0.,-0.718961002,0.38,       841P   2264
0.0248002009826581,0.124857996141673,0.015161588,0.999438429,        841P   2265
0.029882318;                                                         841P   2266
126,1,1,1,0,1,0,0.,0.,1.,1.,1.,1.,0.249996483,0.875142004,0.,        843P   2267
0.249996483,0.708475337,0.,0.,1.,0.,0.,1.;                           843P   2268
126,12,2,1,0,0,0,0.124857996141673,0.124857996141673,                845P   2269
0.124857996141673,0.133333333333333,0.133333333333333,               845P   2270
0.166666666666667,0.166666666666667,0.2,0.2,0.233333333333333,       845P   2271
0.233333333333333,0.266666666666667,0.266666666666667,               845P   2272
0.29152466280834,0.29152466280834,0.29152466280834,                  845P   2273
0.490719732704625,0.493777812181751,0.500000000098979,               845P   2274
0.475528258241711,0.500000000098979,0.475528258241711,               845P   2275
0.500000000098979,0.475528258241711,0.500000000098979,               845P   2276
0.475528258241711,0.500000000098979,0.48175044615894,                845P   2277
0.490719732704625,0.,-0.718961002,0.38,-0.030233097,                 845P   2278
-0.71996243,0.38,-0.060085855,-0.720926458,0.375219522,              845P   2279
-0.182002068,-0.724863465,0.355696445,-0.26915898,-0.728800473,      845P   2280
0.268241391,-0.356315891,-0.732737481,0.180786337,-0.375422522,      845P   2281
-0.736674489,0.058804165,-0.394529154,-0.740611497,                  845P   2282
-0.063178007,-0.338287422,-0.744548505,-0.173094253,                 845P   2283
-0.282045689,-0.748485513,-0.283010499,-0.171938024,                 845P   2284
-0.752422521,-0.33887655,-0.090886883,-0.755320584,-0.38,0.,         845P   2285
-0.758331081,-0.38,0.124857996141673,0.29152466280834,               845P   2286
-0.033104962,0.999438429,0.005185383;                                845P   2287
126,1,1,1,0,1,0,0.,0.,1.,1.,1.,1.,0.249996483,0.708475337,0.,        847P   2288
0.249996483,0.541808671,0.,0.,1.,0.,0.,1.;                           847P   2289
126,12,2,1,0,0,0,0.29152466280834,0.29152466280834,                  849P   2290
0.29152466280834,0.3,0.3,0.333333333333333,0.333333333333333,        849P   2291
0.366666666666667,0.366666666666667,0.4,0.4,0.433333333333333,       849P   2292
0.433333333333333,0.458191329475006,0.458191329475006,               849P   2293
0.458191329475006,0.490719732704625,0.493777812181751,               849P   2294
0.500000000098979,0.475528258241711,0.500000000098979,               849P   2295
0.475528258241711,0.500000000098979,0.475528258241711,               849P   2296
0.500000000098979,0.475528258241711,0.500000000098979,               849P   2297
0.48175044615894,0.490719732704625,0.,-0.758331081,-0.38,            849P   2298
0.030233097,-0.759332509,-0.38,0.060085855,-0.760296536,             849P   2299
-0.375219522,0.182002068,-0.764233544,-0.355696445,0.26915898,       849P   2300
-0.768170552,-0.268241391,0.356315891,-0.77210756,-0.180786337,      849P   2301
0.375422522,-0.776044568,-0.058804165,0.394529154,-0.779981576,      849P   2302
0.063178007,0.338287422,-0.783918584,0.173094253,0.282045689,        849P   2303
-0.787855591,0.283010499,0.171938024,-0.791792599,0.33887655,        849P   2304
0.090886883,-0.794690663,0.38,0.,-0.79770116,0.38,                   849P   2305
0.29152466280834,0.458191329475006,0.033104962,0.999438429,          849P   2306
-0.005185383;                                                        849P   2307
126,1,1,1,0,1,0,0.,0.,1.,1.,1.,1.,0.249996483,0.541808671,0.,        851P   2308
0.249996483,0.375142004,0.,0.,1.,0.,0.,1.;                           851P   2309
126,12,2,1,0,0,0,0.458191329475006,0.458191329475006,                853P   2310
0.458191329475006,0.466666666666667,0.466666666666667,0.5,0.5,       853P   2311
0.533333333333333,0.533333333333333,0.566666666666667,               853P   2312
0.566666666666667,0.6,0.6,0.624857996141673,0.624857996141673,       853P   2313
0.624857996141673,0.490719732704625,0.493777812181751,               853P   2314
0.500000000098979,0.475528258241711,0.500000000098979,               853P   2315
0.475528258241711,0.500000000098979,0.475528258241711,               853P   2316
0.500000000098979,0.475528258241711,0.500000000098979,               853P   2317
0.48175044615894,0.490719732704625,0.,-0.79770116,0.38,              853P   2318
-0.030233097,-0.798702588,0.38,-0.060085855,-0.799666615,            853P   2319
0.375219522,-0.182002068,-0.803603623,0.355696445,-0.26915898,       853P   2320
-0.807540631,0.268241391,-0.356315891,-0.811477639,0.180786337,      853P   2321
-0.375422522,-0.815414647,0.058804165,-0.394529154,                  853P   2322
-0.819351654,-0.063178007,-0.338287422,-0.823288662,                 853P   2323
-0.173094253,-0.282045689,-0.82722567,-0.283010499,                  853P   2324
-0.171938024,-0.831162678,-0.33887655,-0.090886883,                  853P   2325
-0.834060741,-0.38,0.,-0.837071239,-0.38,0.458191329475006,          853P   2326
0.624857996141673,-0.033104962,0.999438429,0.005185383;              853P   2327
126,1,1,1,0,1,0,0.,0.,1.,1.,1.,1.,0.249996483,0.375142004,0.,        855P   2328
0.249996483,0.208475337,0.,0.,1.,0.,0.,1.;                           855P   2329
126,12,2,1,0,0,0,0.624857996141673,0.624857996141673,                857P   2330
0.624857996141673,0.633333333333333,0.633333333333333,               857P   2331
0.666666666666667,0.666666666666667,0.7,0.7,0.733333333333333,       857P   2332
0.733333333333333,0.766666666666667,0.766666666666667,               857P   2333
0.79152466280834,0.79152466280834,0.79152466280834,                  857P   2334
0.490719732704625,0.493777812181751,0.500000000098979,               857P   2335
0.475528258241711,0.500000000098979,0.475528258241711,               857P   2336
0.500000000098979,0.475528258241711,0.500000000098979,               857P   2337
0.475528258241711,0.500000000098979,0.48175044615894,                857P   2338
0.490719732704625,0.,-0.837071239,-0.38,0.030233097,                 857P   2339
-0.838072667,-0.38,0.060085855,-0.839036694,-0.375219522,            857P   2340
0.182002068,-0.842973702,-0.355696445,0.26915898,-0.84691071,        857P   2341
-0.268241391,0.356315891,-0.850847717,-0.180786337,0.375422522,      857P   2342
-0.854784725,-0.058804165,0.394529154,-0.858721733,0.063178007,      857P   2343
0.338287422,-0.862658741,0.173094253,0.282045689,-0.866595749,       857P   2344
0.283010499,0.171938024,-0.870532757,0.33887655,0.090886883,         857P   2345
-0.87343082,0.38,0.,-0.876441317,0.38,0.624857996141673,             857P   2346
0.79152466280834,0.033104962,0.999438429,-0.005185383;               857P   2347
126,1,1,1,0,1,0,0.,0.,1.,1.,1.,1.,0.249996483,0.208475337,0.,        859P   2348
0.249996483,0.041808671,0.,0.,1.,0.,0.,1.;                           859P   2349
126,12,2,1,0,0,0,0.79152466280834,0.79152466280834,                  861P   2350
0.79152466280834,0.8,0.8,0.833333333333333,0.833333333333333,        861P   2351
0.866666666666667,0.866666666666667,0.9,0.9,0.933333333333333,       861P   2352
0.933333333333333,0.958191329475006,0.958191329475006,               861P   2353
0.958191329475006,0.490719732704625,0.493777812181751,               861P   2354
0.500000000098979,0.475528258241711,0.500000000098979,               861P   2355
0.475528258241711,0.500000000098979,0.475528258241711,               861P   2356
0.500000000098979,0.475528258241711,0.500000000098979,               861P   2357
0.48175044615894,0.490719732704625,0.,-0.876441317,0.38,             861P   2358
-0.030233097,-0.877442745,0.38,-0.060085855,-0.878406773,            861P   2359
0.375219522,-0.182002068,-0.88234378,0.355696445,-0.26915898,        861P   2360
-0.886280788,0.268241391,-0.356315891,-0.890217796,0.180786337,      861P   2361
-0.375422522,-0.894154804,0.058804165,-0.394529154,                  861P   2362
-0.898091812,-0.063178007,-0.338287422,-0.90202882,                  861P   2363
-0.173094253,-0.282045689,-0.905965828,-0.283010499,                 861P   2364
-0.171938024,-0.909902836,-0.33887655,-0.090886883,                  861P   2365
-0.912800899,-0.38,0.,-0.915811396,-0.38,0.79152466280834,           861P   2366
0.958191329475006,-0.033104962,0.999438429,0.005185383;              861P   2367
126,1,1,1,0,1,0,0.,0.,1.,1.,1.,1.,0.249996483,0.041808671,0.,        863P   2368
0.249996483,0.,0.,0.,1.,0.,0.,1.;                                    863P   2369
126,4,2,1,0,0,0,0.958191329475006,0.958191329475006,                 865P   2370
0.958191329475006,0.966666666666667,0.966666666666667,1.,1.,1.,      865P   2371
0.490719732704625,0.493777812181751,0.500000000098979,               865P   2372
0.475528258241711,0.500000000098979,0.,-0.915811396,-0.38,           865P   2373
0.030233097,-0.916812824,-0.38,0.060085855,-0.917776851,             865P   2374
-0.375219522,0.182002068,-0.921713859,-0.355696445,0.26915898,       865P   2375
-0.925650867,-0.268241391,0.958191329475006,1.,0.033104962,          865P   2376
0.999438429,-0.005185383;                                            865P   2377
126,1,1,1,0,1,0,0.,0.,1.,1.,1.,1.,0.249996483,0.,0.,                 867P   2378
0.607255232,0.,0.,0.,1.,0.,0.,1.;                                    867P   2379
124,0.0232868555410706,0.70710743674726,-0.706722573048101,          869P   2380
0.740993108743101,0.999456647244143,2.81242223391515E-05,            869P   2381
0.0329607264562645,-1.20499663536301,0.0233266508205933,             869P   2382
-0.707106125065925,-0.706722573048114,-1.13331047092923;             869P   2383
100,-0.268700577,0.268700577,-0.94532521,0.288385616,                871P   2384
-0.94532521,0.258694663,-0.928372852;                                871P   2385
126,8,2,1,0,1,0,0.,0.,0.,0.5,0.5,0.75,0.75,0.875,0.875,1.,1.,        873P   2386
1.,1.,1.,1.,1.,1.,1.,1.,1.,1.,0.607255232,0.,0.,0.631539823,         873P   2387
0.011049665,0.,0.656520832,0.020432364,0.,0.672687741,               873P   2388
0.026504546,0.,0.686273829,0.030690643,0.,0.696974314,               873P   2389
0.03398764,0.,0.705594007,0.03596043,0.,0.728109482,                 873P   2390
0.041113549,0.,0.750003517,0.04111314,0.,0.,1.,0.,0.,1.;             873P   2391
126,15,3,1,0,1,0,0.,0.,0.,0.,0.5,0.5,0.75,0.75,0.875,0.875,          875P   2392
0.9375,0.9375,0.96875,0.96875,0.984375,0.984375,1.,1.,1.,1.,1.,      875P   2393
1.,1.,1.,1.,1.,1.,1.,1.,1.,1.,1.,1.,1.,1.,1.,0.28045471,             875P   2394
-0.95532521,-0.280921098,0.243660644,-0.95532521,-0.316354592,       875P   2395
0.199571743,-0.95532521,-0.344328854,0.12888632,-0.95532521,         875P   2396
-0.371039206,0.10447646,-0.95532521,-0.377542892,0.066555881,        875P   2397
-0.95532521,-0.383157195,0.053880395,-0.95532521,-0.384326035,       875P   2398
0.034798493,-0.95532521,-0.384712167,0.028426819,-0.95532521,        875P   2399
-0.384621115,0.01884217,-0.95532521,-0.383944266,0.015650664,        875P   2400
-0.95532521,-0.383633515,0.01091472,-0.95532521,-0.382897334,        875P   2401
0.009342786,-0.95532521,-0.382611015,0.00623642,-0.95532521,         875P   2402
-0.381809754,0.003710331,-0.95532521,-0.381645208,0.003692745,       875P   2403
-0.95532521,-0.379982057,0.,1.,0.,-1.,0.;                            875P   2404
126,1,1,1,0,1,0,0.,0.,1.,1.,1.,1.,0.750003517,0.04111314,0.,         877P   2405
0.750003517,0.041627883,0.,0.,1.,0.,0.,1.;                           877P   2406
126,2,2,1,0,0,0,0.0411131402465323,0.0411131402465323,               879P   2407
0.0411131402465323,0.0416278833055645,0.0416278833055645,            879P   2408
0.0416278833055645,0.491242965852999,0.491041465313373,              879P   2409
0.490851636051009,0.003692745,-0.95532521,-0.379982057,              879P   2410
0.001846416,-0.955264182,-0.38,0.,-0.955203055,-0.38,                879P   2411
0.0411131402465323,0.0416278833055645,0.,0.,0.;                      879P   2412
126,1,1,1,0,1,0,0.,0.,1.,1.,1.,1.,0.750003517,0.041627883,0.,        881P   2413
0.750003517,0.20829455,0.,0.,1.,0.,0.,1.;                            881P   2414
126,12,2,1,0,0,0,0.0416278833055717,0.0416278833055717,              883P   2415
0.0416278833055717,0.0666666666666667,0.0666666666666667,0.1,        883P   2416
0.1,0.133333333333333,0.133333333333333,0.166666666666667,           883P   2417
0.166666666666667,0.2,0.2,0.208294549972238,0.208294549972238,       883P   2418
0.208294549972238,0.490851636051003,0.481617720813996,               883P   2419
0.500000000098979,0.475528258241711,0.500000000098979,               883P   2420
0.475528258241711,0.500000000098979,0.475528258241711,               883P   2421
0.500000000098979,0.475528258241711,0.500000000098979,               883P   2422
0.493910537526694,0.490851636051003,0.,-0.955203055,-0.38,           883P   2423
-0.091573114,-0.952171467,-0.38,-0.173094253,-0.949251522,           883P   2424
-0.338287422,-0.283010499,-0.945314515,-0.282045689,                 883P   2425
-0.33887655,-0.941377507,-0.171938024,-0.3947426,-0.937440499,       883P   2426
-0.061830358,-0.375219522,-0.933503491,0.060085855,                  883P   2427
-0.355696445,-0.929566483,0.182002068,-0.268241391,                  883P   2428
-0.925629475,0.26915898,-0.180786337,-0.921692467,0.356315891,       883P   2429
-0.058804165,-0.917755459,0.375422522,-0.029580244,                  883P   2430
-0.916812249,0.38,0.,-0.915832976,0.38,0.0416278833055717,           883P   2431
0.208294549972238,-0.033087061,-0.999438429,0.005298403;             883P   2432
126,1,1,1,0,1,0,0.,0.,1.,1.,1.,1.,0.750003517,0.20829455,0.,         885P   2433
0.750003517,0.374961217,0.,0.,1.,0.,0.,1.;                           885P   2434
126,12,2,1,0,0,0,0.208294549972238,0.208294549972238,                887P   2435
0.208294549972238,0.233333333333333,0.233333333333333,               887P   2436
0.266666666666667,0.266666666666667,0.3,0.3,0.333333333333333,       887P   2437
0.333333333333333,0.366666666666667,0.366666666666667,               887P   2438
0.374961216638905,0.374961216638905,0.374961216638905,               887P   2439
0.490851636051003,0.481617720813996,0.500000000098979,               887P   2440
0.475528258241711,0.500000000098979,0.475528258241711,               887P   2441
0.500000000098979,0.475528258241711,0.500000000098979,               887P   2442
0.475528258241711,0.500000000098979,0.493910537526694,               887P   2443
0.490851636051003,0.,-0.915832976,0.38,0.091573114,                  887P   2444
-0.912801388,0.38,0.173094253,-0.909881444,0.338287422,              887P   2445
0.283010499,-0.905944436,0.282045689,0.33887655,-0.902007428,        887P   2446
0.171938024,0.3947426,-0.89807042,0.061830358,0.375219522,           887P   2447
-0.894133412,-0.060085855,0.355696445,-0.890196404,                  887P   2448
-0.182002068,0.268241391,-0.886259396,-0.26915898,0.180786337,       887P   2449
-0.882322389,-0.356315891,0.058804165,-0.878385381,                  887P   2450
-0.375422522,0.029580244,-0.877442171,-0.38,0.,-0.876462897,         887P   2451
-0.38,0.208294549972238,0.374961216638905,0.033087061,               887P   2452
-0.999438429,-0.005298403;                                           887P   2453
126,1,1,1,0,1,0,0.,0.,1.,1.,1.,1.,0.750003517,0.374961217,0.,        889P   2454
0.750003517,0.541627883,0.,0.,1.,0.,0.,1.;                           889P   2455
126,12,2,1,0,0,0,0.374961216638905,0.374961216638905,                891P   2456
0.374961216638905,0.4,0.4,0.433333333333333,0.433333333333333,       891P   2457
0.466666666666667,0.466666666666667,0.5,0.5,0.533333333333333,       891P   2458
0.533333333333333,0.541627883305572,0.541627883305572,               891P   2459
0.541627883305572,0.490851636051003,0.481617720813996,               891P   2460
0.500000000098979,0.475528258241711,0.500000000098979,               891P   2461
0.475528258241711,0.500000000098979,0.475528258241711,               891P   2462
0.500000000098979,0.475528258241711,0.500000000098979,               891P   2463
0.493910537526694,0.490851636051003,0.,-0.876462897,-0.38,           891P   2464
-0.091573114,-0.87343131,-0.38,-0.173094253,-0.870511365,            891P   2465
-0.338287422,-0.283010499,-0.866574357,-0.282045689,                 891P   2466
-0.33887655,-0.862637349,-0.171938024,-0.3947426,-0.858700341,       891P   2467
-0.061830358,-0.375219522,-0.854763333,0.060085855,                  891P   2468
-0.355696445,-0.850826326,0.182002068,-0.268241391,                  891P   2469
-0.846889318,0.26915898,-0.180786337,-0.84295231,0.356315891,        891P   2470
-0.058804165,-0.839015302,0.375422522,-0.029580244,                  891P   2471
-0.838072092,0.38,0.,-0.837092819,0.38,0.374961216638905,            891P   2472
0.541627883305572,-0.033087061,-0.999438429,0.005298403;             891P   2473
126,1,1,1,0,1,0,0.,0.,1.,1.,1.,1.,0.750003517,0.541627883,0.,        893P   2474
0.750003517,0.70829455,0.,0.,1.,0.,0.,1.;                            893P   2475
126,12,2,1,0,0,0,0.541627883305572,0.541627883305572,                895P   2476
0.541627883305572,0.566666666666667,0.566666666666667,0.6,0.6,       895P   2477
0.633333333333333,0.633333333333333,0.666666666666667,               895P   2478
0.666666666666667,0.7,0.7,0.708294549972238,0.708294549972238,       895P   2479
0.708294549972238,0.490851636051003,0.481617720813996,               895P   2480
0.500000000098979,0.475528258241711,0.500000000098979,               895P   2481
0.475528258241711,0.500000000098979,0.475528258241711,               895P   2482
0.500000000098979,0.475528258241711,0.500000000098979,               895P   2483
0.493910537526694,0.490851636051003,0.,-0.837092819,0.38,            895P   2484
0.091573114,-0.834061231,0.38,0.173094253,-0.831141286,              895P   2485
0.338287422,0.283010499,-0.827204278,0.282045689,0.33887655,         895P   2486
-0.82326727,0.171938024,0.3947426,-0.819330263,0.061830358,          895P   2487
0.375219522,-0.815393255,-0.060085855,0.355696445,-0.811456247,      895P   2488
-0.182002068,0.268241391,-0.807519239,-0.26915898,0.180786337,       895P   2489
-0.803582231,-0.356315891,0.058804165,-0.799645223,                  895P   2490
-0.375422522,0.029580244,-0.798702013,-0.38,0.,-0.79772274,          895P   2491
-0.38,0.541627883305572,0.708294549972238,0.033087061,               895P   2492
-0.999438429,-0.005298403;                                           895P   2493
126,1,1,1,0,1,0,0.,0.,1.,1.,1.,1.,0.750003517,0.70829455,0.,         897P   2494
0.750003517,0.874961217,0.,0.,1.,0.,0.,1.;                           897P   2495
126,12,2,1,0,0,0,0.708294549972238,0.708294549972238,                899P   2496
0.708294549972238,0.733333333333333,0.733333333333333,               899P   2497
0.766666666666667,0.766666666666667,0.8,0.8,0.833333333333333,       899P   2498
0.833333333333333,0.866666666666667,0.866666666666667,               899P   2499
0.874961216638905,0.874961216638905,0.874961216638905,               899P   2500
0.490851636051003,0.481617720813996,0.500000000098979,               899P   2501
0.475528258241711,0.500000000098979,0.475528258241711,               899P   2502
0.500000000098979,0.475528258241711,0.500000000098979,               899P   2503
0.475528258241711,0.500000000098979,0.493910537526694,               899P   2504
0.490851636051003,0.,-0.79772274,-0.38,-0.091573114,                 899P   2505
-0.794691152,-0.38,-0.173094253,-0.791771207,-0.338287422,           899P   2506
-0.283010499,-0.7878342,-0.282045689,-0.33887655,-0.783897192,       899P   2507
-0.171938024,-0.3947426,-0.779960184,-0.061830358,-0.375219522,      899P   2508
-0.776023176,0.060085855,-0.355696445,-0.772086168,0.182002068,      899P   2509
-0.268241391,-0.76814916,0.26915898,-0.180786337,-0.764212152,       899P   2510
0.356315891,-0.058804165,-0.760275144,0.375422522,-0.029580244,      899P   2511
-0.759331934,0.38,0.,-0.758352661,0.38,0.708294549972238,            899P   2512
0.874961216638905,-0.033087061,-0.999438429,0.005298403;             899P   2513
126,1,1,1,0,1,0,0.,0.,1.,1.,1.,1.,0.750003517,0.874961217,0.,        901P   2514
0.750003517,1.,0.,0.,1.,0.,0.,1.;                                    901P   2515
126,8,2,1,0,0,0,0.874961216638905,0.874961216638905,                 903P   2516
0.874961216638905,0.9,0.9,0.933333333333333,0.933333333333333,       903P   2517
0.966666666666667,0.966666666666667,1.,1.,1.,0.490851636051003,      903P   2518
0.481617720813996,0.500000000098979,0.475528258241711,               903P   2519
0.500000000098979,0.475528258241711,0.500000000098979,               903P   2520
0.475528258241711,0.500000000098979,0.,-0.758352661,0.38,            903P   2521
0.091573114,-0.755321073,0.38,0.173094253,-0.752401129,              903P   2522
0.338287422,0.283010499,-0.748464121,0.282045689,0.33887655,         903P   2523
-0.744527113,0.171938024,0.3947426,-0.740590105,0.061830358,         903P   2524
0.375219522,-0.736653097,-0.060085855,0.355696445,-0.732716089,      903P   2525
-0.182002068,0.268241391,-0.728779081,-0.26915898,                   903P   2526
0.874961216638905,1.,0.033087061,-0.999438429,-0.005298403;          903P   2527
126,1,1,1,0,1,0,0.,0.,1.,1.,1.,1.,0.750003517,1.,0.,0.14505737,      905P   2528
1.,0.,0.,1.,0.,0.,1.;                                                905P   2529
124,-0.0233266508205796,0.707106125065933,0.706722573048106,         907P   2530
0.96627752800027,-0.999456647244143,-2.81242223199168E-05,           907P   2531
-0.0329607264562646,-0.449426669598303,-0.0232868555410846,          907P   2532
-0.707107436747252,0.706722573048109,-0.573959855968146;             907P   2533
100,-0.268700577,0.268700577,-0.709104738,0.288385616,               909P   2534
-0.709104738,0.254913953,-0.723155709;                               909P   2535
102,18,835,839,843,847,851,855,859,863,867,873,877,881,885,889,      911P   2536
893,897,901,905;                                                     911P   2537
102,18,837,841,845,849,853,857,861,865,871,875,879,883,887,891,      913P   2538
895,899,903,909;                                                     913P   2539
142,1,833,911,913,1;                                                 915P   2540
144,833,1,0,915;                                                     917P   2541
S      1G      4D    918P   2541                                        T      1
